# File generated by ImageToStl.com - Free Image and 3D model conversion tools

mtllib Bookself.mtl

# Library_LOD0_0
o obj1
v 143.71543142 105.05808258 11.79991341
v 143.7134287 105.05808258 11.3885746
v 139.97578832 105.05808258 11.79991341
v 139.97781011 105.05808258 11.3885746
v 144.13825246 105.05808258 11.09407997
v 144.13825246 104.41251373 11.09407997
v 143.7134287 104.41251373 11.3885746
v 143.71543142 104.40328217 11.79991341
v 139.97578832 104.40328217 11.79991341
v 139.97781011 104.41251373 11.3885746
v 144.0832636 105.05696869 -10.82524681
v 144.0832636 104.4114151 -10.82524681
v 144.13924428 105.05808258 11.50011635
v 144.13924428 104.40679169 11.50011635
v 144.08236715 105.05808258 -11.46214867
v 144.08236715 104.4114151 -11.46214867
v 144.13924428 76.7463913 11.50011635
v 143.71543142 76.74986267 11.79991341
v 144.56305715 104.41030121 11.20031929
v 144.56307622 76.74288177 11.20031929
v 139.97579786 76.74986267 11.79991341
v 144.56307622 76.74288177 -11.46214867
v 144.56305715 104.41030121 -11.46214867
v 144.56307622 76.74288177 -10.82520866
v 144.56305715 104.41030121 -10.82520866
v 144.56305715 105.05808258 10.79958534
v 144.56305715 105.05808258 11.20031929
v 144.56305715 105.05808258 -10.82520866
v 144.56305715 105.05808258 -11.46214867
v 143.60348912 104.41030121 -10.82528496
v 140.08773061 104.41030121 -10.82528496
v 143.7134287 104.41251373 11.3885746
v 139.97781011 104.41251373 11.3885746
v 144.0832636 104.4114151 -10.82524681
v 144.13825246 104.41251373 11.09407997
v 144.56305715 104.41030121 10.79958534
v 143.6035082 76.74288177 -10.82528496
v 140.08774015 76.74288177 -10.82528496
v 144.08238622 76.74177551 -11.46214867
v 144.56307622 76.74288177 10.79958534
v 144.08328267 76.74177551 -10.82524681
v 144.08328267 76.74177551 -10.82524681
v 139.12816259 76.74288177 -10.82520866
v 139.12816259 76.74288177 10.79958534
v 139.12816259 104.41030121 -10.82520866
v 139.12816259 104.41030121 10.79958534
v 139.55298635 105.0581131 11.09407997
v 139.55298635 104.41251373 11.09407997
v 139.60795613 105.05696869 -10.82524681
v 139.60795613 104.4114151 -10.82524681
v 139.55197545 104.40679169 11.50011635
v 139.55197545 105.0581131 11.50011635
v 139.60886213 105.05808258 -11.46214867
v 139.60886213 104.4114151 -11.46214867
v 139.55198499 76.7463913 11.50011635
v 139.12816259 104.41030121 11.20031929
v 139.12816259 76.74288177 11.20031929
v 139.12816259 76.74288177 -11.46214867
v 139.12816259 104.41030121 -11.46214867
v 139.12816259 105.0581131 11.20031929
v 139.12816259 105.0581131 10.79958534
v 139.12816259 105.0581131 -10.82520866
v 139.12816259 105.0581131 -11.46214867
v 139.55298635 104.41251373 11.09407997
v 139.60795613 104.4114151 -10.82524681
v 139.60886213 76.74177551 -11.46214867
v 139.60795613 76.74177551 -10.82524681
v 139.60795613 76.74177551 -10.82524681
v 143.7134287 76.09506989 11.3885746
v 143.71543142 76.09506989 11.79991341
v 139.97781011 76.09506989 11.3885746
v 139.97579786 76.09506989 11.79991341
v 144.13825246 76.09506989 11.09407997
v 144.13825246 76.74066925 11.09407997
v 143.7134287 76.74066925 11.3885746
v 139.97781011 76.74066925 11.3885746
v 144.08328267 76.09617615 -10.82524681
v 144.13924428 76.09506989 11.50011635
v 144.08238622 76.09506989 -11.46214867
v 144.56307622 76.09506989 11.20031929
v 144.56307622 76.09506989 10.79958534
v 144.56307622 76.09506989 -10.82520866
v 144.56307622 76.09506989 -11.46214867
v 143.7134287 76.74066925 11.3885746
v 139.97781011 76.74066925 11.3885746
v 144.13825246 76.74066925 11.09407997
v 139.55298635 76.09506989 11.09407997
v 139.55298635 76.74066925 11.09407997
v 139.60795613 76.09617615 -10.82524681
v 139.55198499 76.09506989 11.50011635
v 139.60886213 76.09506989 -11.46214867
v 139.12816259 76.09506989 10.79958534
v 139.12816259 76.09506989 11.20031929
v 139.12816259 76.09506989 -10.82520866
v 139.12816259 76.09506989 -11.46214867
v 139.55298635 76.74066925 11.09407997
v 146.86306401 105.62509918 11.43297768
v 146.29597875 105.62505341 11.71476936
v 146.86423036 105.62505341 11.75436592
v 146.29698964 105.62509918 12.04123116
v 147.11002084 105.62505341 11.20287514
v 147.11002084 105.12064362 11.20287514
v 146.86306401 105.12067413 11.43297768
v 146.29698964 105.11891937 12.04123116
v 145.77727529 105.11891937 12.04123116
v 145.77727529 105.62505341 12.04123116
v 146.29597875 105.12064362 11.71476936
v 145.77728006 105.62505341 11.71476936
v 145.77728006 105.12064362 11.71476936
v 146.86423036 105.11347198 11.75436592
v 147.07808706 105.62421417 -8.07366562
v 147.07808706 105.11972809 -8.07366562
v 147.11060735 105.62509918 11.52010536
v 147.11060735 105.11617279 11.52010536
v 147.077553 105.62509918 -8.57129288
v 147.07753392 105.11972809 -8.57129288
v 147.11060735 76.52841949 11.52010536
v 146.86423036 76.5311203 11.75436592
v 147.35696813 105.11891937 11.28588295
v 147.35697766 76.5256958 11.2858448
v 146.29698964 76.52568054 12.04123116
v 145.77727529 76.52568054 12.04123116
v 147.35699865 76.5256958 -8.57129288
v 147.3569605 105.11891937 -8.57129288
v 147.35699865 76.5256958 -8.07362747
v 147.3569605 105.11891937 -8.07362747
v 147.3569748 105.62509918 10.9727726
v 147.35696813 105.62509918 11.2858448
v 147.35699865 105.62509918 -8.07362747
v 147.35697957 105.62509918 -8.57129288
v 146.29597875 105.12064362 11.71476936
v 146.24015065 105.12064362 -8.07366562
v 145.77728006 105.12064362 11.71476936
v 145.77729436 105.12064362 -8.07362747
v 147.07808706 105.11972809 -8.07366562
v 146.79917546 105.11891937 -8.07370377
v 147.11002084 105.12064362 11.20287514
v 146.86306401 105.12067413 11.43297768
v 147.35696527 105.11891937 10.9727726
v 146.79917546 76.5256958 -8.07370377
v 146.24015065 76.52394104 -8.07366562
v 147.07757207 76.52478027 -8.57129288
v 147.3569748 76.5256958 10.9727726
v 147.07808706 76.52478027 -8.07366562
v 147.07808706 76.52478027 -8.07366562
v 145.77729436 76.52394104 -8.07362747
v 144.19759008 76.52567291 -8.07362747
v 144.19759484 76.52567291 10.9727726
v 144.19759008 105.11891937 -8.07362747
v 144.19758531 105.11891937 10.9727726
v 145.25757047 105.62505341 12.04123116
v 145.2585909 105.62509918 11.71476936
v 144.69032975 105.62509918 11.75436592
v 144.69149991 105.62505341 11.43297768
v 144.44453927 105.62505341 11.20285606
v 144.44453927 105.12064362 11.20285606
v 144.69149991 105.12064362 11.43297768
v 145.25757047 105.11888885 12.04123116
v 145.2585909 105.12064362 11.71476936
v 144.69032975 105.11347198 11.75436592
v 144.47650167 105.62418365 -8.07366562
v 144.47650167 105.11980438 -8.07366562
v 144.4439623 105.11617279 11.52010536
v 144.4439623 105.62505341 11.52008629
v 144.47703572 105.62505341 -8.5712738
v 144.47701665 105.11980438 -8.57129288
v 144.69032975 76.53112793 11.75436592
v 144.4439623 76.52842712 11.52010536
v 144.19758817 105.11891937 11.2858448
v 144.19759771 76.52567291 11.2858448
v 145.25757047 76.52568054 12.04123116
v 144.19759008 76.52567291 -8.57129288
v 144.19759008 105.11891937 -8.57129288
v 144.19758817 105.62505341 11.28582573
v 144.19758531 105.62505341 10.97275352
v 144.19759008 105.62505341 -8.07364655
v 144.19760915 105.62505341 -8.57131195
v 145.2585909 105.12064362 11.71476936
v 145.31439992 105.12064362 -8.07366562
v 144.69149991 105.12064362 11.43297768
v 144.75541326 105.11888885 -8.07370377
v 144.44453927 105.12064362 11.20285606
v 144.47650167 105.11980438 -8.07366562
v 144.75541326 76.52567291 -8.07370377
v 145.31443807 76.52394104 -8.07366562
v 144.4770548 76.52481079 -8.57129288
v 144.47650167 76.52481079 -8.07366562
v 144.47650167 76.52481079 -8.07366562
v 146.29698964 76.01950836 12.04123116
v 146.29597875 76.01950836 11.71476936
v 146.86423036 76.01950836 11.75436592
v 146.86306401 76.01948547 11.43297768
v 147.11002084 76.01950836 11.20287514
v 147.11002084 76.52394104 11.20287514
v 146.86306401 76.52391815 11.43297768
v 145.77727529 76.01950073 12.04123116
v 145.77728006 76.01950073 11.71476936
v 146.29597875 76.52394104 11.71476936
v 145.77728006 76.52394104 11.71476936
v 147.07808706 76.02038574 -8.07366562
v 147.11060735 76.01950836 11.52010536
v 147.077553 76.01950836 -8.57129288
v 147.35697766 76.01950836 11.2858448
v 147.3569748 76.01950836 10.9727726
v 147.35699865 76.01950836 -8.07362747
v 147.35697957 76.01950836 -8.57129288
v 146.29597875 76.52394104 11.71476936
v 145.77728006 76.52394104 11.71476936
v 146.86306401 76.52391815 11.43297768
v 147.11002084 76.52394104 11.20287514
v 144.69149991 76.01950836 11.43297768
v 145.2585909 76.01950073 11.71476936
v 144.69032975 76.0194931 11.75436592
v 145.25757047 76.01950073 12.04123116
v 144.44453927 76.0194931 11.20285606
v 144.44453927 76.52393341 11.20285606
v 144.69149991 76.52391815 11.43297768
v 145.2585909 76.52394104 11.71476936
v 144.47650167 76.02037811 -8.07366562
v 144.44397184 76.0194931 11.52008629
v 144.47703572 76.0194931 -8.5712738
v 144.19759484 76.0194931 10.97275352
v 144.19759771 76.0194931 11.28582573
v 144.19759008 76.0194931 -8.07364655
v 144.19760915 76.0194931 -8.57131195
v 145.2585909 76.52394104 11.71476936
v 144.44453927 76.52393341 11.20285606
v 144.69149991 76.52391815 11.43297768
v 131.82957836 102.78011322 11.66716194
v 130.85404583 102.78011322 12.02784157
v 131.83159062 102.78011322 12.07850075
v 130.85579582 102.78011322 12.44566536
v 132.25440212 102.78011322 11.37266731
v 132.25440212 102.13451385 11.37266731
v 131.82957359 102.13451385 11.66716194
v 130.85579106 102.13226318 12.44566536
v 129.96176907 102.13226318 12.44566536
v 129.96177384 102.78011322 12.44566536
v 130.85403629 102.13451385 12.02784157
v 129.96176907 102.78011322 12.02784157
v 129.96176907 102.13451385 12.02784157
v 131.83159062 102.12532043 12.07850075
v 132.19941326 102.77900696 -10.54665947
v 132.19941326 102.13340759 -10.54665947
v 132.25540348 102.78011322 11.77870369
v 132.25540348 102.12879181 11.77870369
v 132.19853588 102.78011322 -11.18356133
v 132.19851681 102.13340759 -11.18356133
v 132.25540348 76.7463913 11.77870369
v 131.83159062 76.74985504 12.07850075
v 132.67921158 102.13226318 11.47890663
v 132.67922589 76.74290466 11.47890663
v 130.85579106 76.7428894 12.44566536
v 129.96177384 76.7428894 12.44566536
v 132.67924496 76.74290466 -11.18356133
v 132.67920681 102.13226318 -11.18356133
v 132.67924496 76.74290466 -10.54662132
v 132.67920681 102.13226318 -10.54662132
v 132.67921635 102.78011322 11.07817268
v 132.67921635 102.78011322 11.47890663
v 132.67920681 102.78011322 -10.54662132
v 132.67922589 102.78011322 -11.18356133
v 130.85403629 102.13451385 12.02784157
v 130.7580299 102.13451385 -10.54669762
v 129.96176907 102.13451385 12.02784157
v 129.96176907 102.13451385 -10.54662132
v 132.19941326 102.13340759 -10.54665947
v 131.71965786 102.13226318 -10.54669762
v 132.25440212 102.13451385 11.37266731
v 131.82957359 102.13451385 11.66716194
v 132.67921158 102.13226318 11.07817268
v 131.71965786 76.74290466 -10.54669762
v 130.7580299 76.74065399 -10.54669762
v 132.19851681 76.74176025 -11.18356133
v 132.67922589 76.74290466 11.07817268
v 132.19945141 76.74176025 -10.54665947
v 132.19945141 76.74176025 -10.54665947
v 129.96176907 76.74065399 -10.54662132
v 127.24433156 76.74288177 -10.54662132
v 127.24432203 76.74288177 11.07817268
v 127.24433156 102.13226318 -10.54662132
v 127.24432203 102.13226318 11.07817268
v 129.06774231 102.78011322 12.44566536
v 129.06949707 102.78011322 12.02784157
v 128.09194776 102.78011322 12.07850075
v 128.09396001 102.78011322 11.66716194
v 127.66914102 102.78007507 11.37266731
v 127.66913625 102.13451385 11.37266731
v 128.09396001 102.13451385 11.66716194
v 129.06774231 102.13230133 12.44566536
v 129.0694923 102.13451385 12.02784157
v 128.09194776 102.12532043 12.07850075
v 127.72412511 102.77896881 -10.54665947
v 127.72412511 102.13340759 -10.54665947
v 127.66813489 102.12879181 11.77870369
v 127.66813489 102.78007507 11.77870369
v 127.72500249 102.78011322 -11.18356133
v 127.72502156 102.13340759 -11.18356133
v 128.09195253 76.74986267 12.07850075
v 127.66813966 76.74639893 11.77870369
v 127.24432203 102.13226318 11.47890663
v 127.24432203 76.74288177 11.47890663
v 129.06774708 76.7428894 12.44566536
v 127.24433156 76.74288177 -11.18356133
v 127.24433156 102.13226318 -11.18356133
v 127.24432203 102.78007507 11.47890663
v 127.24432203 102.78007507 11.07817268
v 127.24433156 102.78007507 -10.54662132
v 127.24431249 102.78007507 -11.18356133
v 129.0694923 102.13451385 12.02784157
v 129.16550823 102.13451385 -10.54669762
v 128.09396001 102.13451385 11.66716194
v 128.20388051 102.13230133 -10.54669762
v 127.66913625 102.13451385 11.37266731
v 127.72412511 102.13340759 -10.54665947
v 128.20388051 76.74288177 -10.54669762
v 129.16554638 76.74069214 -10.54669762
v 127.72502156 76.74179077 -11.18356133
v 127.72412511 76.74179077 -10.54665947
v 127.72412511 76.74179077 -10.54665947
v 130.85579106 76.09507751 12.44566536
v 130.85404583 76.09507751 12.02784157
v 131.83159062 76.09507751 12.07850075
v 131.82957359 76.09505463 11.66716194
v 132.25440212 76.09507751 11.37266731
v 132.25440212 76.74065399 11.37266731
v 131.82957836 76.74066925 11.66716194
v 129.96176907 76.09506989 12.44566536
v 129.96176907 76.09506989 12.02784157
v 130.85404583 76.74065399 12.02784157
v 129.96176907 76.74065399 12.02784157
v 132.19945141 76.09618378 -10.54665947
v 132.25540348 76.09507751 11.77870369
v 132.19853588 76.09507751 -11.18356133
v 132.67922589 76.09507751 11.47890663
v 132.67922589 76.09507751 11.07817268
v 132.67924496 76.09507751 -10.54662132
v 132.67922589 76.09507751 -11.18356133
v 130.85404583 76.74065399 12.02784157
v 129.96176907 76.74065399 12.02784157
v 131.82957836 76.74066925 11.66716194
v 132.25440212 76.74065399 11.37266731
v 128.09396478 76.09507751 11.66716194
v 129.0694923 76.09506989 12.02784157
v 128.09195253 76.09506989 12.07850075
v 129.06774708 76.09506989 12.44566536
v 127.66913625 76.09506989 11.37266731
v 127.66914102 76.74068451 11.37266731
v 128.09396955 76.74066925 11.66716194
v 129.06949707 76.74069214 12.02784157
v 127.72412511 76.09616852 -10.54665947
v 127.66813966 76.09506989 11.77870369
v 127.72500249 76.09506989 -11.18356133
v 127.24432203 76.09506989 11.07817268
v 127.24432203 76.09506989 11.47890663
v 127.24433156 76.09506989 -10.54662132
v 127.24431249 76.09506989 -11.18356133
v 129.06949707 76.74069214 12.02784157
v 127.66914102 76.74068451 11.37266731
v 128.09396955 76.74066925 11.66716194
v 123.97637578 105.62509918 11.43297768
v 123.40928289 105.62505341 11.71476936
v 123.97753926 105.62505341 11.75436592
v 123.41029855 105.62509918 12.04123116
v 124.22332975 105.62505341 11.20287514
v 124.22332975 105.12064362 11.20287514
v 123.97637101 105.12067413 11.43297768
v 123.41029855 105.11891937 12.04123116
v 122.89058896 105.11891937 12.04123116
v 122.89058896 105.62505341 12.04123116
v 123.40927812 105.12064362 11.71476936
v 122.89058896 105.62505341 11.71476936
v 122.89058896 105.12064362 11.71476936
v 123.97753926 105.11347198 11.75436592
v 124.19139119 105.62421417 -8.07366562
v 124.19139119 105.11972809 -8.07366562
v 124.22391626 105.62509918 11.52010536
v 124.22391149 105.11617279 11.52010536
v 124.19085714 105.62509918 -8.57129288
v 124.19087621 105.11972809 -8.57129288
v 124.22391149 76.52841949 11.52010536
v 123.97753926 76.5311203 11.75436592
v 124.47027894 105.11891937 11.28588295
v 124.47028848 76.5256958 11.2858448
v 123.41029855 76.52568054 12.04123116
v 122.89058896 76.52568054 12.04123116
v 124.47030278 76.5256958 -8.57129288
v 124.47030278 105.11891937 -8.57129288
v 124.47030278 76.5256958 -8.07362747
v 124.47030278 105.11891937 -8.07362747
v 124.47027894 105.62509918 10.9727726
v 124.47027894 105.62509918 11.2858448
v 124.47030278 105.62509918 -8.07362747
v 124.47028371 105.62509918 -8.57129288
v 123.40927812 105.12064362 11.71476936
v 123.35345479 105.12064362 -8.07366562
v 122.89058896 105.12064362 11.71476936
v 122.8905985 105.12064362 -8.07362747
v 124.19139119 105.11972809 -8.07366562
v 123.9124796 105.11891937 -8.07370377
v 124.22332975 105.12064362 11.20287514
v 123.97637101 105.12067413 11.43297768
v 124.47027417 105.11891937 10.9727726
v 123.9124796 76.5256958 -8.07370377
v 123.35345479 76.52394104 -8.07366562
v 124.19087621 76.52478027 -8.57129288
v 124.47028371 76.5256958 10.9727726
v 124.19139119 76.52478027 -8.07366562
v 124.19139119 76.52478027 -8.07366562
v 122.8905985 76.52394104 -8.07362747
v 121.31089421 76.52567291 -8.07362747
v 121.31090375 76.52567291 10.9727726
v 121.31089421 105.11891937 -8.07362747
v 121.31089898 105.11891937 10.9727726
v 122.37087938 105.62505341 12.04123116
v 122.37189981 105.62509918 11.71476936
v 121.80363866 105.62509918 11.75436592
v 121.80480691 105.62505341 11.43297768
v 121.55785295 105.62505341 11.20285606
v 121.55785295 105.12064362 11.20285606
v 121.80480691 105.12064362 11.43297768
v 122.37087938 105.11888885 12.04123116
v 122.37189981 105.12064362 11.71476936
v 121.80363866 105.11347198 11.75436592
v 121.58980581 105.62418365 -8.07366562
v 121.58980581 105.11980438 -8.07366562
v 121.55727121 105.11617279 11.52010536
v 121.55727121 105.62505341 11.52008629
v 121.59033986 105.62505341 -8.5712738
v 121.59035894 105.11980438 -8.57129288
v 121.80363866 76.53112793 11.75436592
v 121.55727121 76.52842712 11.52010536
v 121.31089898 105.11891937 11.2858448
v 121.31090375 76.52567291 11.2858448
v 122.37088414 76.52568054 12.04123116
v 121.31093236 76.52567291 -8.57129288
v 121.31089421 105.11891937 -8.57129288
v 121.31089898 105.62505341 11.28582573
v 121.31089898 105.62505341 10.97275352
v 121.31089421 105.62505341 -8.07364655
v 121.31091329 105.62505341 -8.57131195
v 122.37189981 105.12064362 11.71476936
v 122.42770406 105.12064362 -8.07366562
v 121.80480691 105.12064362 11.43297768
v 121.8687174 105.11888885 -8.07370377
v 121.55785295 105.12064362 11.20285606
v 121.58980581 105.11980438 -8.07366562
v 121.8687174 76.52567291 -8.07370377
v 122.42774221 76.52394104 -8.07366562
v 121.59035894 76.52481079 -8.57129288
v 121.58980581 76.52481079 -8.07366562
v 121.58980581 76.52481079 -8.07366562
v 123.41029855 76.01950836 12.04123116
v 123.40928765 76.01950836 11.71476936
v 123.97753926 76.01950836 11.75436592
v 123.97637101 76.01948547 11.43297768
v 124.22332975 76.01950836 11.20287514
v 124.22333451 76.52394104 11.20287514
v 123.97637578 76.52391815 11.43297768
v 122.89058896 76.01950073 12.04123116
v 122.89058896 76.01950073 11.71476936
v 123.40928765 76.52394104 11.71476936
v 122.89058896 76.52394104 11.71476936
v 124.19139119 76.02038574 -8.07366562
v 124.22391149 76.01950836 11.52010536
v 124.19085714 76.01950836 -8.57129288
v 124.47028848 76.01950836 11.2858448
v 124.47028371 76.01950836 10.9727726
v 124.47030278 76.01950836 -8.07362747
v 124.47028371 76.01950836 -8.57129288
v 123.40928765 76.52394104 11.71476936
v 122.89058896 76.52394104 11.71476936
v 123.97637578 76.52391815 11.43297768
v 124.22333451 76.52394104 11.20287514
v 121.80481168 76.01950836 11.43297768
v 122.37189981 76.01950073 11.71476936
v 121.80363866 76.0194931 11.75436592
v 122.37087938 76.01950073 12.04123116
v 121.55785295 76.0194931 11.20285606
v 121.55785295 76.52393341 11.20285606
v 121.80481168 76.52391815 11.43297768
v 122.37189981 76.52394104 11.71476936
v 121.58980581 76.02037811 -8.07366562
v 121.55727121 76.0194931 11.52008629
v 121.59033986 76.0194931 -8.5712738
v 121.31089898 76.0194931 10.97275352
v 121.31090375 76.0194931 11.28582573
v 121.31089421 76.0194931 -8.07364655
v 121.31091329 76.0194931 -8.57131195
v 122.37189981 76.52394104 11.71476936
v 121.55785295 76.52393341 11.20285606
v 121.80481168 76.52391815 11.43297768
v 120.43471547 105.05809784 11.66716194
v 119.45918294 105.05809784 12.02784157
v 120.43672773 105.05809784 12.07850075
v 119.46092817 105.05809784 12.44566536
v 120.85953447 105.05809784 11.37266731
v 120.85953447 104.41255951 11.37266731
v 120.43470594 104.41248322 11.66716194
v 119.46092817 104.41030121 12.44566536
v 118.56690141 104.41030121 12.44566536
v 118.56690141 105.05809784 12.44566536
v 119.4591734 104.41255951 12.02784157
v 118.56690618 105.05809784 12.02784157
v 118.56690618 104.41255951 12.02784157
v 120.43672773 104.40325165 12.07850075
v 120.80455037 105.05701447 -10.54665947
v 120.80455037 104.4114151 -10.54665947
v 120.86053582 105.05809784 11.77870369
v 120.86053106 104.40679169 11.77870369
v 120.80365392 105.05809784 -11.18356133
v 120.80365392 104.4114151 -11.18356133
v 120.86053106 76.7463913 11.77870369
v 120.43671819 76.74985504 12.07850075
v 121.28434392 104.41030121 11.47890663
v 121.284363 76.74290466 11.47890663
v 119.46092817 76.7428894 12.44566536
v 118.56690141 76.7428894 12.44566536
v 121.284363 76.74290466 -11.18356133
v 121.28434392 104.41030121 -11.18356133
v 121.284363 76.74290466 -10.54662132
v 121.28434392 104.41030121 -10.54662132
v 121.28434869 105.05809784 11.07817268
v 121.28434869 105.05809784 11.47890663
v 121.28434392 105.05809784 -10.54662132
v 121.28434392 105.05809784 -11.18356133
v 119.4591734 104.41255951 12.02784157
v 119.36314794 104.41255951 -10.54669762
v 118.56690618 104.41255951 12.02784157
v 118.56690618 104.41255951 -10.54662132
v 120.80455037 104.4114151 -10.54665947
v 120.3247759 104.41030121 -10.54669762
v 120.85953447 104.41255951 11.37266731
v 120.43470594 104.41248322 11.66716194
v 121.28434392 104.41030121 11.07817268
v 120.32479497 76.74290466 -10.54669762
v 119.36314794 76.74065399 -10.54669762
v 120.80365392 76.74176025 -11.18356133
v 121.284363 76.74290466 11.07817268
v 120.80456945 76.74176025 -10.54665947
v 120.80456945 76.74176025 -10.54665947
v 118.56690618 76.74065399 -10.54662132
v 115.84946843 76.74288177 -10.54662132
v 115.8494589 76.74288177 11.07817268
v 115.84944936 104.41030121 -10.54662132
v 115.8494589 104.41030121 11.07817268
v 117.67287942 105.05809784 12.44566536
v 117.67462941 105.05809784 12.02784157
v 116.69708463 105.05809784 12.07850075
v 116.69909688 105.05809784 11.66716194
v 116.27428266 105.0581131 11.37266731
v 116.27426358 104.41255951 11.37266731
v 116.69909688 104.41248322 11.66716194
v 117.67287942 104.41027069 12.44566536
v 117.67462941 104.41255951 12.02784157
v 116.69708463 104.40325165 12.07850075
v 116.32922383 105.05696869 -10.54665947
v 116.32922383 104.41136932 -10.54665947
v 116.27327176 104.40679169 11.77870369
v 116.27327176 105.0581131 11.77870369
v 116.33013936 105.05809784 -11.18356133
v 116.33013936 104.41136932 -11.18356133
v 116.69708463 76.74986267 12.07850075
v 116.27327176 76.74639893 11.77870369
v 115.84944936 104.41030121 11.47890663
v 115.8494589 76.74288177 11.47890663
v 117.67287942 76.7428894 12.44566536
v 115.84946843 76.74288177 -11.18356133
v 115.84944936 104.41030121 -11.18356133
v 115.84944936 105.0581131 11.47890663
v 115.8494589 105.0581131 11.07817268
v 115.84944936 105.0581131 -10.54662132
v 115.84944936 105.0581131 -11.18356133
v 117.67462941 104.41255951 12.02784157
v 117.77064534 104.41255951 -10.54669762
v 116.69909688 104.41248322 11.66716194
v 116.80901738 104.41027069 -10.54669762
v 116.27426358 104.41255951 11.37266731
v 116.32922383 104.41136932 -10.54665947
v 116.80901738 76.74288177 -10.54669762
v 117.77064534 76.74069214 -10.54669762
v 116.33015844 76.74179077 -11.18356133
v 116.32924291 76.74179077 -10.54665947
v 116.32924291 76.74179077 -10.54665947
v 119.46092817 76.09507751 12.44566536
v 119.4591734 76.09507751 12.02784157
v 120.43671819 76.09507751 12.07850075
v 120.43470594 76.09505463 11.66716194
v 120.85953447 76.09507751 11.37266731
v 120.85953923 76.74065399 11.37266731
v 120.43471547 76.74066925 11.66716194
v 118.56690141 76.09506989 12.44566536
v 118.56690618 76.09506989 12.02784157
v 119.45918294 76.74065399 12.02784157
v 118.56690618 76.74065399 12.02784157
v 120.80456945 76.09618378 -10.54665947
v 120.86053106 76.09507751 11.77870369
v 120.80367299 76.09507751 -11.18356133
v 121.284363 76.09507751 11.47890663
v 121.284363 76.09507751 11.07817268
v 121.284363 76.09507751 -10.54662132
v 121.284363 76.09507751 -11.18356133
v 119.45918294 76.74065399 12.02784157
v 118.56690618 76.74065399 12.02784157
v 120.43471547 76.74066925 11.66716194
v 120.85953923 76.74065399 11.37266731
v 116.69909688 76.09507751 11.66716194
v 117.67462941 76.09506989 12.02784157
v 116.69708463 76.09506989 12.07850075
v 117.67287942 76.09506989 12.44566536
v 116.27426358 76.09506989 11.37266731
v 116.27428266 76.74068451 11.37266731
v 116.6991026 76.74066925 11.66716194
v 117.67462941 76.74069214 12.02784157
v 116.32924291 76.09616852 -10.54665947
v 116.27327176 76.09506989 11.77870369
v 116.33013936 76.09506989 -11.18356133
v 115.8494589 76.09506989 11.07817268
v 115.84945508 76.09506989 11.47890663
v 115.84944936 76.09506989 -10.54662132
v 115.84944936 76.09506989 -11.18356133
v 117.67462941 76.74069214 12.02784157
v 116.27428266 76.74068451 11.37266731
v 116.6991026 76.74066925 11.66716194
v 103.82724019 105.62505341 11.43297768
v 103.2601473 105.62505341 11.71476936
v 103.82840367 105.62505341 11.75436592
v 103.26115819 105.62505341 12.04123116
v 104.07418462 105.62505341 11.20287514
v 104.07418462 105.12064362 11.20287514
v 103.82722112 105.12064362 11.43297768
v 103.26115819 105.11888885 12.04123116
v 102.74144384 105.11888885 12.04123116
v 102.74144384 105.62505341 12.04123116
v 103.2601473 105.12064362 11.71476936
v 102.74144384 105.62505341 11.71476936
v 102.74144384 105.12064362 11.71476936
v 103.82840367 105.11342621 11.75436592
v 104.04223653 105.62418365 -8.07366562
v 104.04223653 105.11975861 -8.07366562
v 104.0747759 105.62505341 11.52010536
v 104.0747759 105.11617279 11.52010536
v 104.04170247 105.62505341 -8.57129288
v 104.04170247 105.11975861 -8.57129288
v 104.0747759 76.52841949 11.52010536
v 103.82840367 76.53112793 11.75436592
v 104.32112905 105.11888885 11.2858448
v 104.32114812 76.52567291 11.2858448
v 103.26115819 76.52567291 12.04123116
v 102.74144384 76.52567291 12.04123116
v 104.32114812 76.52567291 -8.57129288
v 104.32112905 105.11888885 -8.57129288
v 104.32114812 76.52567291 -8.07362747
v 104.32112905 105.11888885 -8.07362747
v 104.32112905 105.62505341 10.9727726
v 104.32112905 105.62505341 11.2858448
v 104.32112905 105.62505341 -8.07362747
v 104.32112905 105.62505341 -8.57129288
v 103.2601473 105.12064362 11.71476936
v 103.2043192 105.12064362 -8.07366562
v 102.74144384 105.12064362 11.71476936
v 102.74144384 105.12064362 -8.07362747
v 104.04223653 105.11975861 -8.07366562
v 103.76332494 105.11888885 -8.07370377
v 104.07418462 105.12064362 11.20287514
v 103.82722112 105.12064362 11.43297768
v 104.32112905 105.11888885 10.9727726
v 103.76332494 76.52567291 -8.07370377
v 103.2043192 76.5239563 -8.07366562
v 104.04170247 76.52479553 -8.57129288
v 104.32114812 76.52567291 10.9727726
v 104.04223653 76.52479553 -8.07366562
v 104.04223653 76.52479553 -8.07366562
v 102.74144384 76.5239563 -8.07362747
v 101.16175862 76.52567291 -8.07362747
v 101.16175862 76.52567291 10.9727726
v 101.16175862 105.11888885 -8.07362747
v 101.16175862 105.11888885 10.9727726
v 102.22174855 105.62505341 12.04123116
v 102.22275945 105.62505341 11.71476936
v 101.65450307 105.62505341 11.75436592
v 101.65566655 105.62505341 11.43297768
v 101.40870305 105.62505341 11.20287514
v 101.40870305 105.12064362 11.20287514
v 101.65566655 105.12064362 11.43297768
v 102.22174855 105.11888885 12.04123116
v 102.22275945 105.12064362 11.71476936
v 101.65450307 105.11342621 11.75436592
v 101.44067022 105.62418365 -8.07366562
v 101.44067022 105.11975861 -8.07366562
v 101.40813085 105.11617279 11.52010536
v 101.40813085 105.62505341 11.52010536
v 101.4411852 105.62505341 -8.57129288
v 101.4411852 105.11975861 -8.57129288
v 101.65450307 76.53112793 11.75436592
v 101.40813085 76.52841949 11.52010536
v 101.16175862 105.11888885 11.2858448
v 101.16175862 76.52567291 11.2858448
v 102.22174855 76.52567291 12.04123116
v 101.16175862 76.52567291 -8.57129288
v 101.16175862 105.11888885 -8.57129288
v 101.16175862 105.62505341 11.2858448
v 101.16175862 105.62505341 10.9727726
v 101.16175862 105.62505341 -8.07362747
v 101.16175862 105.62505341 -8.57129288
v 102.22275945 105.12064362 11.71476936
v 102.27856847 105.12064362 -8.07366562
v 101.65566655 105.12064362 11.43297768
v 101.71956273 105.11888885 -8.07370377
v 101.40870305 105.12064362 11.20287514
v 101.44067022 105.11975861 -8.07366562
v 101.71958181 76.52567291 -8.07370377
v 102.27858754 76.5239563 -8.07366562
v 101.4411852 76.52479553 -8.57129288
v 101.44067022 76.52479553 -8.07366562
v 101.44067022 76.52479553 -8.07366562
v 103.26115819 76.01950073 12.04123116
v 103.2601473 76.01950073 11.71476936
v 103.82840367 76.01950073 11.75436592
v 103.82722112 76.01950073 11.43297768
v 104.07418462 76.01950073 11.20287514
v 104.07418462 76.5239563 11.20287514
v 103.82724019 76.5239563 11.43297768
v 102.74144384 76.01950073 12.04123116
v 102.74144384 76.01950073 11.71476936
v 103.2601473 76.5239563 11.71476936
v 102.74144384 76.5239563 11.71476936
v 104.04223653 76.02037811 -8.07366562
v 104.0747759 76.01950073 11.52010536
v 104.04170247 76.01950073 -8.57129288
v 104.32114812 76.01950073 11.2858448
v 104.32114812 76.01950073 10.9727726
v 104.32114812 76.01950073 -8.07362747
v 104.32114812 76.01950073 -8.57129288
v 103.2601473 76.5239563 11.71476936
v 102.74144384 76.5239563 11.71476936
v 103.82724019 76.5239563 11.43297768
v 104.07418462 76.5239563 11.20287514
v 101.65566655 76.01950073 11.43297768
v 102.22275945 76.01950073 11.71476936
v 101.65450307 76.01950073 11.75436592
v 102.22174855 76.01950073 12.04123116
v 101.40870305 76.01950073 11.20287514
v 101.40870305 76.5239563 11.20287514
v 101.65566655 76.5239563 11.43297768
v 102.22275945 76.5239563 11.71476936
v 101.44067022 76.02037811 -8.07366562
v 101.40813085 76.01950073 11.52010536
v 101.44120427 76.01950073 -8.57129288
v 101.16175862 76.01950073 10.9727726
v 101.16175862 76.01950073 11.2858448
v 101.16175862 76.01950073 -8.07362747
v 101.16175862 76.01950073 -8.57129288
v 102.22275945 76.5239563 11.71476936
v 101.40870305 76.5239563 11.20287514
v 101.65566655 76.5239563 11.43297768
v 163.92363759 70.03942871 10.77021217
v 163.27025624 70.03942871 11.0117588
v 163.92497274 70.03942871 11.04570961
v 163.27141973 70.03942871 11.291605
v 164.20813771 70.03942871 10.57299232
v 164.20813771 69.60703278 10.57299232
v 163.92361852 69.60703278 10.77021217
v 163.2714388 69.60554504 11.291605
v 162.67268392 69.60554504 11.291605
v 162.67266484 70.03942871 11.291605
v 163.27027532 69.60703278 11.0117588
v 162.67266484 70.03942871 11.0117588
v 162.67268392 69.60703278 11.0117588
v 163.92497274 69.60089111 11.04570961
v 164.17130681 70.03866577 -9.07056046
v 164.17132589 69.60630798 -9.07056046
v 164.20880529 70.03942871 10.84490395
v 164.20882436 69.60321808 10.84490395
v 164.17069646 70.03942871 -9.49712181
v 164.17069646 69.60630798 -9.49712181
v 164.20882436 46.08719254 10.84490395
v 163.92495366 46.08953857 11.04570961
v 164.49265691 69.60554504 10.64413643
v 164.49265691 46.08486557 10.64413643
v 163.2714388 46.08486557 11.291605
v 162.67266484 46.08486557 11.291605
v 164.49265691 46.08486557 -9.49712181
v 164.49265691 69.60554504 -9.49712181
v 164.49265691 46.08486557 -9.07056046
v 164.49265691 69.60554504 -9.07056046
v 164.49263784 70.03942871 10.37573624
v 164.49263784 70.03942871 10.64413643
v 164.49263784 70.03942871 -9.07056046
v 164.49263784 70.03942871 -9.49712181
v 163.27027532 69.60703278 11.0117588
v 163.20594045 69.60703278 -9.0705986
v 162.67268392 69.60703278 11.0117588
v 162.67268392 69.60703278 -9.07056046
v 164.17132589 69.60630798 -9.07056046
v 163.85001394 69.60554504 -9.0705986
v 164.20813771 69.60703278 10.57299232
v 163.92361852 69.60703278 10.77021217
v 164.49265691 69.60554504 10.37573624
v 163.85001394 46.08486557 -9.0705986
v 163.20595952 46.08337784 -9.0705986
v 164.17073461 46.0841217 -9.49712181
v 164.49265691 46.08486557 10.37573624
v 164.17132589 46.0841217 -9.07056046
v 164.17132589 46.0841217 -9.07056046
v 162.67266484 46.08337784 -9.07056046
v 160.85269185 46.08486557 -9.07056046
v 160.85269185 46.08486557 10.37573624
v 160.85269185 69.60554504 -9.07056046
v 160.85269185 69.60554504 10.37573624
v 162.07390996 70.03942871 11.291605
v 162.07507344 70.03942871 11.0117588
v 161.4203951 70.03942871 11.04570961
v 161.42173024 70.03942871 10.77021217
v 161.13721105 70.03942871 10.57299232
v 161.13721105 69.60703278 10.57299232
v 161.42173024 69.60703278 10.77021217
v 162.07390996 69.60554504 11.291605
v 162.07509252 69.60703278 11.0117588
v 161.4203951 69.60089111 11.04570961
v 161.1740038 70.03866577 -9.07056046
v 161.1740038 69.60630798 -9.07056046
v 161.1365244 69.60321808 10.84490395
v 161.1365244 70.03942871 10.84490395
v 161.17461415 70.03942871 -9.49712181
v 161.17461415 69.60630798 -9.49712181
v 161.42037603 46.08953857 11.04570961
v 161.13654348 46.08719254 10.84490395
v 160.85269185 69.60554504 10.64413643
v 160.85269185 46.08486557 10.64413643
v 162.07390996 46.08486557 11.291605
v 160.85269185 46.08486557 -9.49712181
v 160.85269185 69.60554504 -9.49712181
v 160.85269185 70.03942871 10.64413643
v 160.85269185 70.03942871 10.37573624
v 160.85269185 70.03942871 -9.07056046
v 160.85269185 70.03942871 -9.49712181
v 162.07509252 69.60703278 11.0117588
v 162.13938924 69.60703278 -9.0705986
v 161.42173024 69.60703278 10.77021217
v 161.49533483 69.60554504 -9.0705986
v 161.13721105 69.60703278 10.57299232
v 161.1740038 69.60630798 -9.07056046
v 161.49533483 46.08486557 -9.0705986
v 162.13938924 46.08337784 -9.0705986
v 161.17461415 46.0841217 -9.49712181
v 161.17402288 46.0841217 -9.07056046
v 161.17402288 46.0841217 -9.07056046
v 163.2714388 45.65100098 11.291605
v 163.27027532 45.65100098 11.0117588
v 163.92495366 45.65100098 11.04570961
v 163.92361852 45.65100098 10.77021217
v 164.20815679 45.65100098 10.57299232
v 164.20813771 46.08337784 10.57299232
v 163.92363759 46.08337784 10.77021217
v 162.67268392 45.65100098 11.291605
v 162.67268392 45.65100098 11.0117588
v 163.27025624 46.08337784 11.0117588
v 162.67266484 46.08337784 11.0117588
v 164.17132589 45.65174484 -9.07056046
v 164.20882436 45.65100098 10.84490395
v 164.17073461 45.65100098 -9.49712181
v 164.49265691 45.65100098 10.64413643
v 164.49265691 45.65100098 10.37573624
v 164.49265691 45.65100098 -9.07056046
v 164.49265691 45.65100098 -9.49712181
v 163.27025624 46.08337784 11.0117588
v 162.67266484 46.08337784 11.0117588
v 163.92363759 46.08337784 10.77021217
v 164.20813771 46.08337784 10.57299232
v 161.42171117 45.65100098 10.77021217
v 162.07509252 45.65100098 11.0117588
v 161.42037603 45.65100098 11.04570961
v 162.07389089 45.65100098 11.291605
v 161.13721105 45.65100098 10.57299232
v 161.13721105 46.08337784 10.57299232
v 161.42173024 46.08337784 10.77021217
v 162.07507344 46.08337784 11.0117588
v 161.17402288 45.65174484 -9.07056046
v 161.13654348 45.65100098 10.84490395
v 161.17461415 45.65100098 -9.49712181
v 160.85267278 45.65100098 10.37573624
v 160.85267278 45.65100098 10.64413643
v 160.85267278 45.65100098 -9.07056046
v 160.85267278 45.65100098 -9.49712181
v 162.07507344 46.08337784 11.0117588
v 161.13721105 46.08337784 10.57299232
v 161.42173024 46.08337784 10.77021217
v 140.46747419 70.21009827 10.95625496
v 139.31387159 70.21009827 11.26474953
v 140.46985837 70.21009827 11.30804634
v 139.3159506 70.21009827 11.62207222
v 140.96984121 70.21009827 10.70440865
v 140.96984121 69.65799713 10.70440865
v 140.46747419 69.65799713 10.95625496
v 139.3159506 69.65608978 11.62207222
v 138.25873586 69.65608978 11.62207222
v 138.25873586 70.21009827 11.62207222
v 139.31387159 69.65799713 11.26474953
v 138.25873586 70.21009827 11.26474953
v 138.25873586 69.65799713 11.26474953
v 140.46985837 69.65010071 11.30804634
v 140.90483876 70.20914459 -8.04162216
v 140.90483876 69.65704346 -8.04162216
v 140.97102376 70.21009827 11.05166054
v 140.97102376 69.65311432 11.05166054
v 140.90377065 70.21009827 -8.58628464
v 140.90377065 69.65704346 -8.58628464
v 140.97102376 45.99712753 11.05166054
v 140.46985837 46.00012207 11.30804634
v 141.47219869 69.65608978 10.79527473
v 141.47221776 45.994133 10.79527473
v 139.3159506 45.994133 11.62207222
v 138.25873586 45.994133 11.62207222
v 141.47221776 45.994133 -8.58628464
v 141.47219869 69.65608978 -8.58628464
v 141.47221776 45.994133 -8.04158401
v 141.47219869 69.65608978 -8.04158401
v 141.47219869 70.21009827 10.45256424
v 141.47219869 70.21009827 10.79527473
v 141.47219869 70.21009827 -8.04158401
v 141.47219869 70.21009827 -8.58628464
v 139.31387159 69.65799713 11.26474953
v 139.20032712 69.65799713 -8.04162216
v 138.25873586 69.65799713 11.26474953
v 138.25873586 69.65799713 -8.04158401
v 140.90483876 69.65704346 -8.04162216
v 140.33748838 69.65608978 -8.04166031
v 140.96984121 69.65799713 10.70440865
v 140.46747419 69.65799713 10.95625496
v 141.47219869 69.65608978 10.45256424
v 140.33748838 45.994133 -8.04166031
v 139.20032712 45.99222565 -8.04162216
v 140.90378019 45.99317932 -8.58628464
v 141.47221776 45.994133 10.45256424
v 140.9048483 45.99317932 -8.04162216
v 140.9048483 45.99317932 -8.04162216
v 138.25873586 45.99222565 -8.04158401
v 135.04525372 45.994133 -8.04158401
v 135.04525372 45.994133 10.45256424
v 135.04525372 69.65608978 -8.04158401
v 135.04525372 69.65608978 10.45256424
v 137.20151159 70.21009827 11.62207222
v 137.20358106 70.21009827 11.26474953
v 136.04760357 70.21009827 11.30804634
v 136.04997822 70.21009827 10.95625496
v 135.5476112 70.21009827 10.70440865
v 135.5476112 69.65799713 10.70440865
v 136.04998776 69.65795898 10.95625496
v 137.20151159 69.65608978 11.62207222
v 137.20358106 69.65799713 11.26474953
v 136.04760357 69.65010071 11.30804634
v 135.61261364 70.20914459 -8.04162216
v 135.61261364 69.65704346 -8.04162216
v 135.54642864 69.65311432 11.05166054
v 135.54642864 70.21009827 11.05166054
v 135.61369129 70.21009827 -8.58628464
v 135.61369129 69.65704346 -8.58628464
v 136.04760357 46.00012207 11.30804634
v 135.54643818 45.99712753 11.05166054
v 135.04525372 69.65608978 10.79527473
v 135.04525372 45.994133 10.79527473
v 137.20152112 45.994133 11.62207222
v 135.04525372 45.994133 -8.58628464
v 135.04525372 69.65608978 -8.58628464
v 135.04524418 70.21009827 10.79527473
v 135.04524418 70.21009827 10.45256424
v 135.04524418 70.21009827 -8.04158401
v 135.04524418 70.21009827 -8.58628464
v 137.20358106 69.65799713 11.26474953
v 137.31713506 69.65799713 -8.04162216
v 136.04998776 69.65795898 10.95625496
v 136.17997357 69.65608978 -8.04166031
v 135.5476112 69.65799713 10.70440865
v 135.61261364 69.65704346 -8.04162216
v 136.1799831 45.994133 -8.04166031
v 137.3171446 45.99222565 -8.04162216
v 135.61369129 45.99317932 -8.58628464
v 135.61262318 45.99317932 -8.04162216
v 135.61262318 45.99317932 -8.04162216
v 139.3159506 45.44010544 11.62207222
v 139.31388112 45.44010544 11.26474953
v 140.46985837 45.44010544 11.30804634
v 140.46747419 45.44010544 10.95625496
v 140.96985074 45.44010544 10.70440865
v 140.96985074 45.99224472 10.70440865
v 140.46747419 45.99224472 10.95625496
v 138.25873586 45.44010544 11.62207222
v 138.25873586 45.44010544 11.26474953
v 139.31388112 45.99222565 11.26474953
v 138.25873586 45.99222565 11.26474953
v 140.9048483 45.44105911 -8.04162216
v 140.97102376 45.44010544 11.05166054
v 140.90378019 45.44010544 -8.58628464
v 141.47221776 45.44010544 10.79527473
v 141.47221776 45.44010544 10.45256424
v 141.47221776 45.44010544 -8.04158401
v 141.47221776 45.44010544 -8.58628464
v 139.31388112 45.99222565 11.26474953
v 138.25873586 45.99222565 11.26474953
v 140.46747419 45.99224472 10.95625496
v 140.96985074 45.99224472 10.70440865
v 136.04999729 45.44010544 10.95625496
v 137.20358106 45.44010544 11.26474953
v 136.04760357 45.44010544 11.30804634
v 137.20152112 45.44010544 11.62207222
v 135.5476112 45.44010544 10.70440865
v 135.5476112 45.99222565 10.70440865
v 136.04999729 45.99224472 10.95625496
v 137.20358106 45.99222565 11.26474953
v 135.61263272 45.44105911 -8.04162216
v 135.54643818 45.44010544 11.05166054
v 135.61370083 45.44010544 -8.58628464
v 135.04526325 45.44010544 10.45256424
v 135.04526325 45.44010544 10.79527473
v 135.04526325 45.44010544 -8.04158401
v 135.04526325 45.44010544 -8.58628464
v 137.20358106 45.99222565 11.26474953
v 135.5476112 45.99222565 10.70440865
v 136.04999729 45.99224472 10.95625496
v 149.65692731 39.73535156 11.06428719
v 149.02124616 39.73535156 11.40001869
v 149.65824338 39.73535156 11.44716835
v 149.02237149 39.73535156 11.78896523
v 149.93376943 39.73535156 10.79016304
v 149.93376943 39.13444138 10.79016304
v 149.65692731 39.13442993 11.06428719
v 149.02237149 39.13237 11.78896523
v 148.43979093 39.13237 11.78896523
v 148.43979093 39.73535156 11.78896523
v 149.02124616 39.13444138 11.40001869
v 148.43979093 39.73535156 11.40001869
v 148.43979093 39.13444138 11.40001869
v 149.65824338 39.12586594 11.44716835
v 149.89794942 39.73432159 -9.61282158
v 149.89794942 39.13339996 -9.61282158
v 149.93441793 39.73535156 11.16812325
v 149.93441793 39.12910843 11.16812325
v 149.89735814 39.73535156 -10.20562553
v 149.89735814 39.13339996 -10.20562553
v 149.93441793 15.11265945 11.16812325
v 149.65824338 15.11591434 11.44716835
v 150.21060201 39.13237 10.88903999
v 150.21060201 15.10940552 10.88903999
v 149.02237149 15.10940742 11.78896523
v 148.43979093 15.10940742 11.78896523
v 150.21060201 15.10940552 -10.20562553
v 150.21060201 39.13237 -10.20562553
v 150.21060201 15.10940552 -9.61278343
v 150.21060201 39.13237 -9.61278343
v 150.21060201 39.73535156 10.51603889
v 150.21060201 39.73535156 10.88903999
v 150.21060201 39.73535156 -9.61278343
v 150.21060201 39.73535156 -10.20562553
v 149.02124616 39.13444138 11.40001869
v 148.95866605 39.13444138 -9.61282158
v 148.43979093 39.13444138 11.40001869
v 148.43979093 39.13444138 -9.61278343
v 149.89794942 39.13339996 -9.61282158
v 149.58530637 39.13237 -9.61285973
v 149.93376943 39.13444138 10.79016304
v 149.65692731 39.13442993 11.06428719
v 150.21060201 39.13237 10.51603889
v 149.58530637 15.10940552 -9.61285973
v 148.95866605 15.10733795 -9.61282158
v 149.89735814 15.10837364 -10.20562553
v 150.21060201 15.10940552 10.51603889
v 149.89794942 15.10837364 -9.61282158
v 149.89794942 15.10837364 -9.61282158
v 148.43979093 15.10733795 -9.61278343
v 146.66900846 15.10940742 -9.61278343
v 146.66900846 15.10940742 10.51603889
v 146.66898938 39.13237 -9.61278343
v 146.66898938 39.13237 10.51603889
v 147.85721036 39.73535156 11.78896523
v 147.85835477 39.73535156 11.40001869
v 147.22133847 39.73535156 11.44716835
v 147.22265454 39.73535156 11.06428719
v 146.94582196 39.73535919 10.79016304
v 146.94582196 39.13444138 10.79016304
v 147.22265454 39.13442993 11.06428719
v 147.85721036 39.13237 11.78896523
v 147.85835477 39.13444138 11.40001869
v 147.22133847 39.12586594 11.44716835
v 146.98164197 39.73432159 -9.61282158
v 146.98164197 39.13339996 -9.61282158
v 146.94517347 39.12910843 11.16812325
v 146.94517347 39.73535919 11.16812325
v 146.98223325 39.73535156 -10.20562553
v 146.98223325 39.13339996 -10.20562553
v 147.22135755 15.11591434 11.44716835
v 146.94517347 15.11265945 11.16812325
v 146.66898938 39.13237 10.88903999
v 146.66900846 15.10940742 10.88903999
v 147.85721036 15.10940742 11.78896523
v 146.66900846 15.10940742 -10.20562553
v 146.66898938 39.13237 -10.20562553
v 146.66898938 39.73535919 10.88903999
v 146.66898938 39.73535919 10.51603889
v 146.66898938 39.73535919 -9.61278343
v 146.66898938 39.73535919 -10.20562553
v 147.85835477 39.13444138 11.40001869
v 147.92093488 39.13444138 -9.61282158
v 147.22265454 39.13442993 11.06428719
v 147.29429456 39.13237 -9.61285973
v 146.94582196 39.13444138 10.79016304
v 146.98164197 39.13339996 -9.61282158
v 147.29429456 15.10940742 -9.61285973
v 147.92093488 15.10733795 -9.61282158
v 146.98223325 15.10837364 -10.20562553
v 146.98164197 15.10837364 -9.61282158
v 146.98164197 15.10837364 -9.61282158
v 149.02237149 14.50641155 11.78896523
v 149.02124616 14.50641155 11.40001869
v 149.65824338 14.50641155 11.44716835
v 149.65692731 14.50641441 11.06428719
v 149.93376943 14.50641155 10.79016304
v 149.93376943 15.10733795 10.79016304
v 149.65692731 15.10734081 11.06428719
v 148.43979093 14.50641155 11.78896523
v 148.43979093 14.50641155 11.40001869
v 149.02124616 15.10733795 11.40001869
v 148.43979093 15.10733795 11.40001869
v 149.89794942 14.50744629 -9.61282158
v 149.93441793 14.50641155 11.16812325
v 149.89735814 14.50641155 -10.20562553
v 150.21060201 14.50641155 10.88903999
v 150.21060201 14.50641155 10.51603889
v 150.21060201 14.50641155 -9.61278343
v 150.21060201 14.50641155 -10.20562553
v 149.02124616 15.10733795 11.40001869
v 148.43979093 15.10733795 11.40001869
v 149.65692731 15.10734081 11.06428719
v 149.93376943 15.10733795 10.79016304
v 147.22265454 14.50641441 11.06428719
v 147.85835477 14.50641155 11.40001869
v 147.22135755 14.50641155 11.44716835
v 147.85721036 14.50641155 11.78896523
v 146.94582196 14.50641155 10.79016304
v 146.94582196 15.10733795 10.79016304
v 147.22265454 15.10734081 11.06428719
v 147.85835477 15.10733795 11.40001869
v 146.98164197 14.50744629 -9.61282158
v 146.94517347 14.50641155 11.16812325
v 146.98223325 14.50641155 -10.20562553
v 146.66900846 14.50641155 10.51603889
v 146.66900846 14.50641155 10.88903999
v 146.66900846 14.50641155 -9.61278343
v 146.66900846 14.50641155 -10.20562553
v 147.85835477 15.10733795 11.40001869
v 146.94582196 15.10733795 10.79016304
v 147.22265454 15.10734081 11.06428719
v 168.6950018 41.46581268 11.06428719
v 167.78695127 41.46581268 11.40001869
v 168.69687101 41.46581268 11.44716835
v 167.78859159 41.46581268 11.78896523
v 169.09043332 41.46581268 10.79016304
v 169.09043332 40.86489105 10.79016304
v 168.6950018 40.86489105 11.06428719
v 167.78859159 40.86282349 11.78896523
v 166.95641538 40.86282349 11.78896523
v 166.95641538 41.46581268 11.78896523
v 167.78695127 40.86489105 11.40001869
v 166.95641538 41.46581268 11.40001869
v 166.95641538 40.86489105 11.40001869
v 168.69687101 40.85631943 11.44716835
v 169.03927823 41.46478271 -9.61282158
v 169.03927823 40.86386108 -9.61282158
v 169.091387 41.46581268 11.16812325
v 169.091387 40.85958099 11.16812325
v 169.03840085 41.46581268 -10.20562553
v 169.03840085 40.86386108 -10.20562553
v 169.091387 15.11265945 11.16812325
v 168.69687101 15.11591434 11.44716835
v 169.48586484 40.86282349 10.88903999
v 169.48586484 15.10940552 10.88903999
v 167.78859159 15.10940742 11.78896523
v 166.95641538 15.10940742 11.78896523
v 169.48586484 15.10940552 -10.20562553
v 169.48586484 40.86282349 -10.20562553
v 169.48586484 15.10940552 -9.61278343
v 169.48586484 40.86282349 -9.61278343
v 169.48586484 41.46581268 10.51603889
v 169.48586484 41.46581268 10.88903999
v 169.48586484 41.46581268 -9.61278343
v 169.48586484 41.46581268 -10.20562553
v 167.78695127 40.86489105 11.40001869
v 167.69757291 40.86489105 -9.61282158
v 166.95641538 40.86489105 11.40001869
v 166.95641538 40.86489105 -9.61278343
v 169.03927823 40.86386108 -9.61282158
v 168.59269162 40.86282349 -9.61285973
v 169.09043332 40.86489105 10.79016304
v 168.6950018 40.86489105 11.06428719
v 169.48586484 40.86282349 10.51603889
v 168.59269162 15.10940552 -9.61285973
v 167.69757291 15.10733795 -9.61282158
v 169.038439 15.10837364 -10.20562553
v 169.48586484 15.10940552 10.51603889
v 169.03927823 15.10837364 -9.61282158
v 169.03927823 15.10837364 -9.61282158
v 166.95641538 15.10733795 -9.61278343
v 164.42696782 15.10940742 -9.61278343
v 164.42696782 15.10940742 10.51603889
v 164.42692968 40.86282349 -9.61278343
v 164.42692968 40.86282349 10.51603889
v 166.12423917 41.46581268 11.78896523
v 166.12584134 41.46581268 11.40001869
v 165.2159216 41.46581268 11.44716835
v 165.21779081 41.46581268 11.06428719
v 164.82235929 41.46582031 10.79016304
v 164.82235929 40.86489105 10.79016304
v 165.21779081 40.86489105 11.06428719
v 166.12423917 40.86282349 11.78896523
v 166.12584134 40.86489105 11.40001869
v 165.2159216 40.85631943 11.44716835
v 164.87355252 41.46478271 -9.61282158
v 164.87355252 40.86386108 -9.61282158
v 164.82144376 40.85958099 11.16812325
v 164.82144376 41.46582031 11.16812325
v 164.87439176 41.46581268 -10.20562553
v 164.87439176 40.86386108 -10.20562553
v 165.2159216 15.11591434 11.44716835
v 164.82144376 15.11265945 11.16812325
v 164.42692968 40.86282349 10.88903999
v 164.42696782 15.10940742 10.88903999
v 166.12423917 15.10940742 11.78896523
v 164.42696782 15.10940742 -10.20562553
v 164.42692968 40.86282349 -10.20562553
v 164.42692968 41.46582031 10.88903999
v 164.42692968 41.46582031 10.51603889
v 164.42692968 41.46582031 -9.61278343
v 164.42692968 41.46582031 -10.20562553
v 166.12584134 40.86489105 11.40001869
v 166.2152197 40.86489105 -9.61282158
v 165.21779081 40.86489105 11.06428719
v 165.32013913 40.86282349 -9.61285973
v 164.82235929 40.86489105 10.79016304
v 164.87355252 40.86386108 -9.61282158
v 165.32013913 15.10940742 -9.61285973
v 166.21525785 15.10733795 -9.61282158
v 164.87439176 15.10837364 -10.20562553
v 164.87355252 15.10837364 -9.61282158
v 164.87355252 15.10837364 -9.61282158
v 167.78859159 14.50641155 11.78896523
v 167.78695127 14.50641155 11.40001869
v 168.69687101 14.50641155 11.44716835
v 168.6950018 14.50641441 11.06428719
v 169.09043332 14.50641155 10.79016304
v 169.09043332 15.10733795 10.79016304
v 168.6950018 15.10734081 11.06428719
v 166.95641538 14.50641155 11.78896523
v 166.95641538 14.50641155 11.40001869
v 167.78695127 15.10733795 11.40001869
v 166.95641538 15.10733795 11.40001869
v 169.03927823 14.50744629 -9.61282158
v 169.091387 14.50641155 11.16812325
v 169.038439 14.50641155 -10.20562553
v 169.48586484 14.50641155 10.88903999
v 169.48586484 14.50641155 10.51603889
v 169.48586484 14.50641155 -9.61278343
v 169.48586484 14.50641155 -10.20562553
v 167.78695127 15.10733795 11.40001869
v 166.95641538 15.10733795 11.40001869
v 168.6950018 15.10734081 11.06428719
v 169.09043332 15.10733795 10.79016304
v 165.21782895 14.50641441 11.06428719
v 166.12584134 14.50641155 11.40001869
v 165.2159216 14.50641155 11.44716835
v 166.12423917 14.50641155 11.78896523
v 164.82235929 14.50641155 10.79016304
v 164.82235929 15.10733795 10.79016304
v 165.21782895 15.10734081 11.06428719
v 166.12584134 15.10733795 11.40001869
v 164.87355252 14.50744629 -9.61282158
v 164.82144376 14.50641155 11.16812325
v 164.87439176 14.50641155 -10.20562553
v 164.42696782 14.50641155 10.51603889
v 164.42696782 14.50641155 10.88903999
v 164.42696782 14.50641155 -9.61278343
v 164.42696782 14.50641155 -10.20562553
v 166.12584134 15.10733795 11.40001869
v 164.82235929 15.10733795 10.79016304
v 165.21782895 15.10734081 11.06428719
v 163.91080114 41.46581268 11.06428719
v 163.0027506 41.46581268 11.40001869
v 163.91267034 41.46581268 11.44716835
v 163.00439092 41.46581268 11.78896523
v 164.30623265 41.46581268 10.79016304
v 164.30623265 40.86489105 10.79016304
v 163.91080114 40.86489105 11.06428719
v 163.00439092 40.86282349 11.78896523
v 162.17221471 40.86282349 11.78896523
v 162.17221471 41.46581268 11.78896523
v 163.0027506 40.86489105 11.40001869
v 162.17221471 41.46581268 11.40001869
v 162.17221471 40.86489105 11.40001869
v 163.91267034 40.85631943 11.44716835
v 164.25507756 41.46478271 -9.61282158
v 164.25507756 40.86386108 -9.61282158
v 164.30718633 41.46581268 11.16812325
v 164.30718633 40.85958099 11.16812325
v 164.25420018 41.46581268 -10.20562553
v 164.25420018 40.86386108 -10.20562553
v 164.30718633 15.11265945 11.16812325
v 163.91267034 15.11591434 11.44716835
v 164.70166227 40.86282349 10.88903999
v 164.70166227 15.10940552 10.88903999
v 163.00439092 15.10940742 11.78896523
v 162.17221471 15.10940742 11.78896523
v 164.70166227 15.10940552 -10.20562553
v 164.70166227 40.86282349 -10.20562553
v 164.70166227 15.10940552 -9.61278343
v 164.70166227 40.86282349 -9.61278343
v 164.70166227 41.46581268 10.51603889
v 164.70166227 41.46581268 10.88903999
v 164.70166227 41.46581268 -9.61278343
v 164.70166227 41.46581268 -10.20562553
v 163.0027506 40.86489105 11.40001869
v 162.91337224 40.86489105 -9.61282158
v 162.17221471 40.86489105 11.40001869
v 162.17221471 40.86489105 -9.61278343
v 164.25507756 40.86386108 -9.61282158
v 163.80849096 40.86282349 -9.61285973
v 164.30623265 40.86489105 10.79016304
v 163.91080114 40.86489105 11.06428719
v 164.70166227 40.86282349 10.51603889
v 163.80849096 15.10940552 -9.61285973
v 162.91337224 15.10733795 -9.61282158
v 164.25423833 15.10837364 -10.20562553
v 164.70166227 15.10940552 10.51603889
v 164.25507756 15.10837364 -9.61282158
v 164.25507756 15.10837364 -9.61282158
v 162.17221471 15.10733795 -9.61278343
v 159.64276525 15.10940742 -9.61278343
v 159.64276525 15.10940742 10.51603889
v 159.64274617 40.86282349 -9.61278343
v 159.64274617 40.86282349 10.51603889
v 161.3400385 41.46581268 11.78896523
v 161.34165975 41.46581268 11.40001869
v 160.43174001 41.46581268 11.44716835
v 160.43360921 41.46581268 11.06428719
v 160.03817769 41.46582031 10.79016304
v 160.03817769 40.86489105 10.79016304
v 160.43360921 40.86489105 11.06428719
v 161.3400385 40.86282349 11.78896523
v 161.34165975 40.86489105 11.40001869
v 160.43174001 40.85631943 11.44716835
v 160.08935186 41.46478271 -9.61282158
v 160.08935186 40.86386108 -9.61282158
v 160.03724309 40.85958099 11.16812325
v 160.03724309 41.46582031 11.16812325
v 160.09019109 41.46581268 -10.20562553
v 160.09019109 40.86386108 -10.20562553
v 160.43174001 15.11591434 11.44716835
v 160.03726216 15.11265945 11.16812325
v 159.64274617 40.86282349 10.88903999
v 159.64276525 15.10940742 10.88903999
v 161.3400385 15.10940742 11.78896523
v 159.64276525 15.10940742 -10.20562553
v 159.64274617 40.86282349 -10.20562553
v 159.64274617 41.46582031 10.88903999
v 159.64274617 41.46582031 10.51603889
v 159.64274617 41.46582031 -9.61278343
v 159.64274617 41.46582031 -10.20562553
v 161.34165975 40.86489105 11.40001869
v 161.4310381 40.86489105 -9.61282158
v 160.43360921 40.86489105 11.06428719
v 160.53593847 40.86282349 -9.61285973
v 160.03817769 40.86489105 10.79016304
v 160.08935186 40.86386108 -9.61282158
v 160.53593847 15.10940742 -9.61285973
v 161.43105718 15.10733795 -9.61282158
v 160.09019109 15.10837364 -10.20562553
v 160.08935186 15.10837364 -9.61282158
v 160.08935186 15.10837364 -9.61282158
v 163.00439092 14.50641155 11.78896523
v 163.0027506 14.50641155 11.40001869
v 163.91267034 14.50641155 11.44716835
v 163.91080114 14.50641441 11.06428719
v 164.30623265 14.50641155 10.79016304
v 164.30623265 15.10733795 10.79016304
v 163.91080114 15.10734081 11.06428719
v 162.17221471 14.50641155 11.78896523
v 162.17221471 14.50641155 11.40001869
v 163.0027506 15.10733795 11.40001869
v 162.17221471 15.10733795 11.40001869
v 164.25507756 14.50744629 -9.61282158
v 164.30718633 14.50641155 11.16812325
v 164.25423833 14.50641155 -10.20562553
v 164.70166227 14.50641155 10.88903999
v 164.70166227 14.50641155 10.51603889
v 164.70166227 14.50641155 -9.61278343
v 164.70166227 14.50641155 -10.20562553
v 163.0027506 15.10733795 11.40001869
v 162.17221471 15.10733795 11.40001869
v 163.91080114 15.10734081 11.06428719
v 164.30623265 15.10733795 10.79016304
v 160.43362828 14.50641441 11.06428719
v 161.34165975 14.50641155 11.40001869
v 160.43174001 14.50641155 11.44716835
v 161.3400385 14.50641155 11.78896523
v 160.03817769 14.50641155 10.79016304
v 160.03817769 15.10733795 10.79016304
v 160.43362828 15.10734081 11.06428719
v 161.34165975 15.10733795 11.40001869
v 160.08935186 14.50744629 -9.61282158
v 160.03726216 14.50641155 11.16812325
v 160.09019109 14.50641155 -10.20562553
v 159.64276525 14.50641155 10.51603889
v 159.64276525 14.50641155 10.88903999
v 159.64276525 14.50641155 -9.61278343
v 159.64276525 14.50641155 -10.20562553
v 161.34165975 15.10733795 11.40001869
v 160.03817769 15.10733795 10.79016304
v 160.43362828 15.10734081 11.06428719
v 159.12659856 41.46581268 11.06428719
v 158.21854802 41.46581268 11.40001869
v 159.12846776 41.46581268 11.44716835
v 158.22018834 41.46581268 11.78896523
v 159.52203008 41.46581268 10.79016304
v 159.52203008 40.86489105 10.79016304
v 159.12659856 40.86489105 11.06428719
v 158.22018834 40.86282349 11.78896523
v 157.38801213 40.86282349 11.78896523
v 157.38801213 41.46581268 11.78896523
v 158.21854802 40.86489105 11.40001869
v 157.38801213 41.46581268 11.40001869
v 157.38801213 40.86489105 11.40001869
v 159.12846776 40.85631943 11.44716835
v 159.47087499 41.46478271 -9.61282158
v 159.47087499 40.86386108 -9.61282158
v 159.52298375 41.46581268 11.16812325
v 159.52298375 40.85958099 11.16812325
v 159.47003576 41.46581268 -10.20562553
v 159.47003576 40.86386108 -10.20562553
v 159.52298375 15.11265945 11.16812325
v 159.12846776 15.11591434 11.44716835
v 159.9174616 40.86282349 10.88903999
v 159.91749974 15.10940552 10.88903999
v 158.22018834 15.10940742 11.78896523
v 157.38801213 15.10940742 11.78896523
v 159.91749974 15.10940552 -10.20562553
v 159.9174616 40.86282349 -10.20562553
v 159.91749974 15.10940552 -9.61278343
v 159.9174616 40.86282349 -9.61278343
v 159.9174616 41.46581268 10.51603889
v 159.9174616 41.46581268 10.88903999
v 159.9174616 41.46581268 -9.61278343
v 159.9174616 41.46581268 -10.20562553
v 158.21854802 40.86489105 11.40001869
v 158.12916967 40.86489105 -9.61282158
v 157.38801213 40.86489105 11.40001869
v 157.38801213 40.86489105 -9.61278343
v 159.47087499 40.86386108 -9.61282158
v 159.02428838 40.86282349 -9.61285973
v 159.52203008 40.86489105 10.79016304
v 159.12659856 40.86489105 11.06428719
v 159.9174616 40.86282349 10.51603889
v 159.02428838 15.10940552 -9.61285973
v 158.12916967 15.10733795 -9.61282158
v 159.47003576 15.10837364 -10.20562553
v 159.91749974 15.10940552 10.51603889
v 159.47087499 15.10837364 -9.61282158
v 159.47087499 15.10837364 -9.61282158
v 157.38801213 15.10733795 -9.61278343
v 154.85856267 15.10940742 -9.61278343
v 154.85856267 15.10940742 10.51603889
v 154.8585436 40.86282349 -9.61278343
v 154.8585436 40.86282349 10.51603889
v 156.55583593 41.46581268 11.78896523
v 156.55745717 41.46581268 11.40001869
v 155.64753743 41.46581268 11.44716835
v 155.64940664 41.46581268 11.06428719
v 155.25397512 41.46582031 10.79016304
v 155.25397512 40.86489105 10.79016304
v 155.64940664 40.86489105 11.06428719
v 156.55583593 40.86282349 11.78896523
v 156.55745717 40.86489105 11.40001869
v 155.64753743 40.85631943 11.44716835
v 155.30514928 41.46478271 -9.61282158
v 155.30514928 40.86386108 -9.61282158
v 155.25304052 40.85958099 11.16812325
v 155.25304052 41.46582031 11.16812325
v 155.30598851 41.46581268 -10.20562553
v 155.30598851 40.86386108 -10.20562553
v 155.64753743 15.11591434 11.44716835
v 155.25305959 15.11265945 11.16812325
v 154.8585436 40.86282349 10.88903999
v 154.85856267 15.10940742 10.88903999
v 156.55583593 15.10940742 11.78896523
v 154.85856267 15.10940742 -10.20562553
v 154.8585436 40.86282349 -10.20562553
v 154.8585436 41.46582031 10.88903999
v 154.8585436 41.46582031 10.51603889
v 154.8585436 41.46582031 -9.61278343
v 154.8585436 41.46582031 -10.20562553
v 156.55745717 40.86489105 11.40001869
v 156.64683553 40.86489105 -9.61282158
v 155.64940664 40.86489105 11.06428719
v 155.75173589 40.86282349 -9.61285973
v 155.25397512 40.86489105 10.79016304
v 155.30514928 40.86386108 -9.61282158
v 155.75173589 15.10940742 -9.61285973
v 156.6468546 15.10733795 -9.61282158
v 155.30598851 15.10837364 -10.20562553
v 155.30514928 15.10837364 -9.61282158
v 155.30514928 15.10837364 -9.61282158
v 158.22018834 14.50641155 11.78896523
v 158.21858617 14.50641155 11.40001869
v 159.12846776 14.50641155 11.44716835
v 159.12659856 14.50641441 11.06428719
v 159.52206823 14.50641155 10.79016304
v 159.52206823 15.10733795 10.79016304
v 159.12659856 15.10734081 11.06428719
v 157.38801213 14.50641155 11.78896523
v 157.38801213 14.50641155 11.40001869
v 158.21858617 15.10733795 11.40001869
v 157.38801213 15.10733795 11.40001869
v 159.47087499 14.50744629 -9.61282158
v 159.52298375 14.50641155 11.16812325
v 159.47003576 14.50641155 -10.20562553
v 159.91749974 14.50641155 10.88903999
v 159.91749974 14.50641155 10.51603889
v 159.91749974 14.50641155 -9.61278343
v 159.91749974 14.50641155 -10.20562553
v 158.21858617 15.10733795 11.40001869
v 157.38801213 15.10733795 11.40001869
v 159.12659856 15.10734081 11.06428719
v 159.52206823 15.10733795 10.79016304
v 155.64942571 14.50641441 11.06428719
v 156.55745717 14.50641155 11.40001869
v 155.64753743 14.50641155 11.44716835
v 156.55583593 14.50641155 11.78896523
v 155.25397512 14.50641155 10.79016304
v 155.25397512 15.10733795 10.79016304
v 155.64942571 15.10734081 11.06428719
v 156.55745717 15.10733795 11.40001869
v 155.30514928 14.50744629 -9.61282158
v 155.25305959 14.50641155 11.16812325
v 155.30598851 14.50641155 -10.20562553
v 154.85856267 14.50641155 10.51603889
v 154.85856267 14.50641155 10.88903999
v 154.85856267 14.50641155 -9.61278343
v 154.85856267 14.50641155 -10.20562553
v 156.55745717 15.10733795 11.40001869
v 155.25397512 15.10733795 10.79016304
v 155.64942571 15.10734081 11.06428719
v 154.34243413 41.46581268 11.06428719
v 153.43438359 41.46581268 11.40001869
v 154.34430333 41.46581268 11.44716835
v 153.43598577 41.46581268 11.78896523
v 154.73786565 41.46581268 10.79016304
v 154.73786565 40.86489105 10.79016304
v 154.34243413 40.86489105 11.06428719
v 153.43598577 40.86282349 11.78896523
v 152.60380956 40.86282349 11.78896523
v 152.60380956 41.46581268 11.78896523
v 153.43438359 40.86489105 11.40001869
v 152.60380956 41.46581268 11.40001869
v 152.60380956 40.86489105 11.40001869
v 154.34430333 40.85631943 11.44716835
v 154.68667241 41.46478271 -9.61282158
v 154.68667241 40.86386108 -9.61282158
v 154.73878118 41.46581268 11.16812325
v 154.73878118 40.85958099 11.16812325
v 154.68583318 41.46581268 -10.20562553
v 154.68583318 40.86386108 -10.20562553
v 154.73878118 15.11265945 11.16812325
v 154.34430333 15.11591434 11.44716835
v 155.13325902 40.86282349 10.88903999
v 155.13329717 15.10940552 10.88903999
v 153.43598577 15.10940742 11.78896523
v 152.60380956 15.10940742 11.78896523
v 155.13329717 15.10940552 -10.20562553
v 155.13325902 40.86282349 -10.20562553
v 155.13329717 15.10940552 -9.61278343
v 155.13325902 40.86282349 -9.61278343
v 155.13325902 41.46581268 10.51603889
v 155.13325902 41.46581268 10.88903999
v 155.13325902 41.46581268 -9.61278343
v 155.13325902 41.46581268 -10.20562553
v 153.43438359 40.86489105 11.40001869
v 153.34496709 40.86489105 -9.61282158
v 152.60380956 40.86489105 11.40001869
v 152.60380956 40.86489105 -9.61278343
v 154.68667241 40.86386108 -9.61282158
v 154.2400858 40.86282349 -9.61285973
v 154.73786565 40.86489105 10.79016304
v 154.34243413 40.86489105 11.06428719
v 155.13325902 40.86282349 10.51603889
v 154.2400858 15.10940552 -9.61285973
v 153.34500524 15.10733795 -9.61282158
v 154.68583318 15.10837364 -10.20562553
v 155.13329717 15.10940552 10.51603889
v 154.68667241 15.10837364 -9.61282158
v 154.68667241 15.10837364 -9.61282158
v 152.60380956 15.10733795 -9.61278343
v 150.0743601 15.10940742 -9.61278343
v 150.0743601 15.10940742 10.51603889
v 150.07434102 40.86282349 -9.61278343
v 150.07434102 40.86282349 10.51603889
v 151.77163335 41.46581268 11.78896523
v 151.77327367 41.46581268 11.40001869
v 150.86333486 41.46581268 11.44716835
v 150.86520406 41.46581268 11.06428719
v 150.46977254 41.46582031 10.79016304
v 150.46977254 40.86489105 10.79016304
v 150.86520406 40.86489105 11.06428719
v 151.77163335 40.86282349 11.78896523
v 151.77327367 40.86489105 11.40001869
v 150.86333486 40.85631943 11.44716835
v 150.5209467 41.46478271 -9.61282158
v 150.5209467 40.86386108 -9.61282158
v 150.46883794 40.85958099 11.16812325
v 150.46883794 41.46582031 11.16812325
v 150.52178594 41.46581268 -10.20562553
v 150.52178594 40.86386108 -10.20562553
v 150.86333486 15.11591434 11.44716835
v 150.46885701 15.11265945 11.16812325
v 150.07434102 40.86282349 10.88903999
v 150.0743601 15.10940742 10.88903999
v 151.77163335 15.10940742 11.78896523
v 150.0743601 15.10940742 -10.20562553
v 150.07434102 40.86282349 -10.20562553
v 150.07434102 41.46582031 10.88903999
v 150.07434102 41.46582031 10.51603889
v 150.07434102 41.46582031 -9.61278343
v 150.07434102 41.46582031 -10.20562553
v 151.77327367 40.86489105 11.40001869
v 151.86265203 40.86489105 -9.61282158
v 150.86520406 40.86489105 11.06428719
v 150.96753331 40.86282349 -9.61285973
v 150.46977254 40.86489105 10.79016304
v 150.5209467 40.86386108 -9.61282158
v 150.96753331 15.10940742 -9.61285973
v 151.86265203 15.10733795 -9.61282158
v 150.52178594 15.10837364 -10.20562553
v 150.5209467 15.10837364 -9.61282158
v 150.5209467 15.10837364 -9.61282158
v 153.43598577 14.50641155 11.78896523
v 153.43438359 14.50641155 11.40001869
v 154.34430333 14.50641155 11.44716835
v 154.34243413 14.50641441 11.06428719
v 154.73786565 14.50641155 10.79016304
v 154.73786565 15.10733795 10.79016304
v 154.34243413 15.10734081 11.06428719
v 152.60380956 14.50641155 11.78896523
v 152.60380956 14.50641155 11.40001869
v 153.43438359 15.10733795 11.40001869
v 152.60380956 15.10733795 11.40001869
v 154.68667241 14.50744629 -9.61282158
v 154.73878118 14.50641155 11.16812325
v 154.68583318 14.50641155 -10.20562553
v 155.13329717 14.50641155 10.88903999
v 155.13329717 14.50641155 10.51603889
v 155.13329717 14.50641155 -9.61278343
v 155.13329717 14.50641155 -10.20562553
v 153.43438359 15.10733795 11.40001869
v 152.60380956 15.10733795 11.40001869
v 154.34243413 15.10734081 11.06428719
v 154.73786565 15.10733795 10.79016304
v 150.86522313 14.50641441 11.06428719
v 151.77327367 14.50641155 11.40001869
v 150.86333486 14.50641155 11.44716835
v 151.77163335 14.50641155 11.78896523
v 150.46977254 14.50641155 10.79016304
v 150.46977254 15.10733795 10.79016304
v 150.86522313 15.10734081 11.06428719
v 151.77327367 15.10733795 11.40001869
v 150.5209467 14.50744629 -9.61282158
v 150.46885701 14.50641155 11.16812325
v 150.52178594 14.50641155 -10.20562553
v 150.0743601 14.50641155 10.51603889
v 150.0743601 14.50641155 10.88903999
v 150.0743601 14.50641155 -9.61278343
v 150.0743601 14.50641155 -10.20562553
v 151.77327367 15.10733795 11.40001869
v 150.46977254 15.10733795 10.79016304
v 150.86522313 15.10734081 11.06428719
v 146.26341077 39.73535156 11.06428719
v 145.62772962 39.73535156 11.40001869
v 146.26472684 39.73535156 11.44716835
v 145.62887403 39.73535156 11.78896523
v 146.54025289 39.73535156 10.79016304
v 146.54025289 39.13444138 10.79016304
v 146.26341077 39.13442993 11.06428719
v 145.62887403 39.13237 11.78896523
v 145.04627439 39.13237 11.78896523
v 145.04627439 39.73535156 11.78896523
v 145.62772962 39.13444138 11.40001869
v 145.04627439 39.73535156 11.40001869
v 145.04627439 39.13444138 11.40001869
v 146.26472684 39.12586594 11.44716835
v 146.50443288 39.73432159 -9.61282158
v 146.50443288 39.13339996 -9.61282158
v 146.54092046 39.73535156 11.16812325
v 146.54092046 39.12910843 11.16812325
v 146.5038416 39.73535156 -10.20562553
v 146.5038416 39.13339996 -10.20562553
v 146.54092046 15.11265945 11.16812325
v 146.26472684 15.11591434 11.44716835
v 146.81708547 39.13237 10.88903999
v 146.81710454 15.10940552 10.88903999
v 145.62887403 15.10940742 11.78896523
v 145.04627439 15.10940742 11.78896523
v 146.81710454 15.10940552 -10.20562553
v 146.81708547 39.13237 -10.20562553
v 146.81710454 15.10940552 -9.61278343
v 146.81708547 39.13237 -9.61278343
v 146.81708547 39.73535156 10.51603889
v 146.81708547 39.73535156 10.88903999
v 146.81708547 39.73535156 -9.61278343
v 146.81708547 39.73535156 -10.20562553
v 145.62772962 39.13444138 11.40001869
v 145.56514951 39.13444138 -9.61282158
v 145.04627439 39.13444138 11.40001869
v 145.04627439 39.13444138 -9.61278343
v 146.50443288 39.13339996 -9.61282158
v 146.19178983 39.13237 -9.61285973
v 146.54025289 39.13444138 10.79016304
v 146.26341077 39.13442993 11.06428719
v 146.81708547 39.13237 10.51603889
v 146.19178983 15.10940552 -9.61285973
v 145.56516858 15.10733795 -9.61282158
v 146.5038416 15.10837364 -10.20562553
v 146.81710454 15.10940552 10.51603889
v 146.50445195 15.10837364 -9.61282158
v 146.50445195 15.10837364 -9.61282158
v 145.04627439 15.10733795 -9.61278343
v 143.27549192 15.10940742 -9.61278343
v 143.27549192 15.10940742 10.51603889
v 143.27547284 39.13237 -9.61278343
v 143.27547284 39.13237 10.51603889
v 144.46371289 39.73535156 11.78896523
v 144.46483823 39.73535156 11.40001869
v 143.82784101 39.73535156 11.44716835
v 143.82915708 39.73535156 11.06428719
v 143.5523245 39.73535919 10.79016304
v 143.5523245 39.13444138 10.79016304
v 143.82915708 39.13442993 11.06428719
v 144.46371289 39.13237 11.78896523
v 144.46483823 39.13444138 11.40001869
v 143.82784101 39.12586594 11.44716835
v 143.58812543 39.73432159 -9.61282158
v 143.58812543 39.13339996 -9.61282158
v 143.55165693 39.12910843 11.16812325
v 143.55165693 39.73535919 11.16812325
v 143.58871671 39.73535156 -10.20562553
v 143.58871671 39.13339996 -10.20562553
v 143.82784101 15.11591434 11.44716835
v 143.55165693 15.11265945 11.16812325
v 143.27547284 39.13237 10.88903999
v 143.27549192 15.10940742 10.88903999
v 144.46369382 15.10940742 11.78896523
v 143.27549192 15.10940742 -10.20562553
v 143.27547284 39.13237 -10.20562553
v 143.27547284 39.73535919 10.88903999
v 143.27547284 39.73535919 10.51603889
v 143.27547284 39.73535919 -9.61278343
v 143.27547284 39.73535919 -10.20562553
v 144.46483823 39.13444138 11.40001869
v 144.52741834 39.13444138 -9.61282158
v 143.82915708 39.13442993 11.06428719
v 143.90077802 39.13237 -9.61285973
v 143.5523245 39.13444138 10.79016304
v 143.58812543 39.13339996 -9.61282158
v 143.90077802 15.10940742 -9.61285973
v 144.52741834 15.10733795 -9.61282158
v 143.58873578 15.10837364 -10.20562553
v 143.58812543 15.10837364 -9.61282158
v 143.58812543 15.10837364 -9.61282158
v 145.62887403 14.50641155 11.78896523
v 145.62772962 14.50641155 11.40001869
v 146.26472684 14.50641155 11.44716835
v 146.26341077 14.50641441 11.06428719
v 146.54025289 14.50641155 10.79016304
v 146.54025289 15.10733795 10.79016304
v 146.26341077 15.10734081 11.06428719
v 145.04627439 14.50641155 11.78896523
v 145.04627439 14.50641155 11.40001869
v 145.62772962 15.10733795 11.40001869
v 145.04627439 15.10733795 11.40001869
v 146.50445195 14.50744629 -9.61282158
v 146.54092046 14.50641155 11.16812325
v 146.5038416 14.50641155 -10.20562553
v 146.81710454 14.50641155 10.88903999
v 146.81710454 14.50641155 10.51603889
v 146.81710454 14.50641155 -9.61278343
v 146.81710454 14.50641155 -10.20562553
v 145.62772962 15.10733795 11.40001869
v 145.04627439 15.10733795 11.40001869
v 146.26341077 15.10734081 11.06428719
v 146.54025289 15.10733795 10.79016304
v 143.82915708 14.50641441 11.06428719
v 144.46483823 14.50641155 11.40001869
v 143.82784101 14.50641155 11.44716835
v 144.46369382 14.50641155 11.78896523
v 143.5523245 14.50641155 10.79016304
v 143.5523245 15.10733795 10.79016304
v 143.82915708 15.10734081 11.06428719
v 144.46483823 15.10733795 11.40001869
v 143.58812543 14.50744629 -9.61282158
v 143.55165693 14.50641155 11.16812325
v 143.58873578 14.50641155 -10.20562553
v 143.27549192 14.50641155 10.51603889
v 143.27549192 14.50641155 10.88903999
v 143.27549192 14.50641155 -9.61278343
v 143.27549192 14.50641155 -10.20562553
v 144.46483823 15.10733795 11.40001869
v 143.5523245 15.10733795 10.79016304
v 143.82915708 15.10734081 11.06428719
v 142.8699133 39.73535156 11.06428719
v 142.23421308 39.73535156 11.40001869
v 142.87122937 39.73535156 11.44716835
v 142.23535749 39.73535156 11.78896523
v 143.14675542 39.73535156 10.79016304
v 143.14675542 39.13444138 10.79016304
v 142.8699133 39.13442993 11.06428719
v 142.23535749 39.13237 11.78896523
v 141.65277692 39.13237 11.78896523
v 141.65277692 39.73535156 11.78896523
v 142.23421308 39.13444138 11.40001869
v 141.65277692 39.73535156 11.40001869
v 141.65277692 39.13444138 11.40001869
v 142.87122937 39.12586594 11.44716835
v 143.11093541 39.73432159 -9.61282158
v 143.11093541 39.13339996 -9.61282158
v 143.14740392 39.73535156 11.16812325
v 143.14740392 39.12910843 11.16812325
v 143.11032506 39.73535156 -10.20562553
v 143.11032506 39.13339996 -10.20562553
v 143.14740392 15.11265945 11.16812325
v 142.87122937 15.11591434 11.44716835
v 143.423588 39.13237 10.88903999
v 143.423588 15.10940552 10.88903999
v 142.23535749 15.10940742 11.78896523
v 141.65277692 15.10940742 11.78896523
v 143.423588 15.10940552 -10.20562553
v 143.423588 39.13237 -10.20562553
v 143.423588 15.10940552 -9.61278343
v 143.423588 39.13237 -9.61278343
v 143.423588 39.73535156 10.51603889
v 143.423588 39.73535156 10.88903999
v 143.423588 39.73535156 -9.61278343
v 143.423588 39.73535156 -10.20562553
v 142.23421308 39.13444138 11.40001869
v 142.17165204 39.13444138 -9.61282158
v 141.65277692 39.13444138 11.40001869
v 141.65277692 39.13444138 -9.61278343
v 143.11093541 39.13339996 -9.61282158
v 142.79827329 39.13237 -9.61285973
v 143.14675542 39.13444138 10.79016304
v 142.8699133 39.13442993 11.06428719
v 143.423588 39.13237 10.51603889
v 142.79829236 15.10940552 -9.61285973
v 142.17165204 15.10733795 -9.61282158
v 143.11034414 15.10837364 -10.20562553
v 143.423588 15.10940552 10.51603889
v 143.11093541 15.10837364 -9.61282158
v 143.11093541 15.10837364 -9.61282158
v 141.65277692 15.10733795 -9.61278343
v 139.88199445 15.10940742 -9.61278343
v 139.88199445 15.10940742 10.51603889
v 139.88197538 39.13237 -9.61278343
v 139.88197538 39.13237 10.51603889
v 141.07019635 39.73535156 11.78896523
v 141.07134076 39.73535156 11.40001869
v 140.43432447 39.73535156 11.44716835
v 140.43564054 39.73535156 11.06428719
v 140.15880796 39.73535919 10.79016304
v 140.15880796 39.13444138 10.79016304
v 140.43564054 39.13442993 11.06428719
v 141.07019635 39.13237 11.78896523
v 141.07134076 39.13444138 11.40001869
v 140.43432447 39.12586594 11.44716835
v 140.19462796 39.73432159 -9.61282158
v 140.19462796 39.13339996 -9.61282158
v 140.15815946 39.12910843 11.16812325
v 140.15815946 39.73535919 11.16812325
v 140.19521924 39.73535156 -10.20562553
v 140.19521924 39.13339996 -10.20562553
v 140.43432447 15.11591434 11.44716835
v 140.15815946 15.11265945 11.16812325
v 139.88197538 39.13237 10.88903999
v 139.88199445 15.10940742 10.88903999
v 141.07019635 15.10940742 11.78896523
v 139.88199445 15.10940742 -10.20562553
v 139.88197538 39.13237 -10.20562553
v 139.88197538 39.73535919 10.88903999
v 139.88197538 39.73535919 10.51603889
v 139.88197538 39.73535919 -9.61278343
v 139.88197538 39.73535919 -10.20562553
v 141.07134076 39.13444138 11.40001869
v 141.1339018 39.13444138 -9.61282158
v 140.43564054 39.13442993 11.06428719
v 140.50728055 39.13237 -9.61285973
v 140.15880796 39.13444138 10.79016304
v 140.19462796 39.13339996 -9.61282158
v 140.50728055 15.10940742 -9.61285973
v 141.13392087 15.10733795 -9.61282158
v 140.19521924 15.10837364 -10.20562553
v 140.19462796 15.10837364 -9.61282158
v 140.19462796 15.10837364 -9.61282158
v 142.23535749 14.50641155 11.78896523
v 142.23421308 14.50641155 11.40001869
v 142.87122937 14.50641155 11.44716835
v 142.8699133 14.50641441 11.06428719
v 143.14675542 14.50641155 10.79016304
v 143.14675542 15.10733795 10.79016304
v 142.8699133 15.10734081 11.06428719
v 141.65277692 14.50641155 11.78896523
v 141.65277692 14.50641155 11.40001869
v 142.23421308 15.10733795 11.40001869
v 141.65277692 15.10733795 11.40001869
v 143.11093541 14.50744629 -9.61282158
v 143.14740392 14.50641155 11.16812325
v 143.11034414 14.50641155 -10.20562553
v 143.423588 14.50641155 10.88903999
v 143.423588 14.50641155 10.51603889
v 143.423588 14.50641155 -9.61278343
v 143.423588 14.50641155 -10.20562553
v 142.23421308 15.10733795 11.40001869
v 141.65277692 15.10733795 11.40001869
v 142.8699133 15.10734081 11.06428719
v 143.14675542 15.10733795 10.79016304
v 140.43564054 14.50641441 11.06428719
v 141.07134076 14.50641155 11.40001869
v 140.43432447 14.50641155 11.44716835
v 141.07019635 14.50641155 11.78896523
v 140.15880796 14.50641155 10.79016304
v 140.15880796 15.10733795 10.79016304
v 140.43564054 15.10734081 11.06428719
v 141.07134076 15.10733795 11.40001869
v 140.19462796 14.50744629 -9.61282158
v 140.15815946 14.50641155 11.16812325
v 140.19521924 14.50641155 -10.20562553
v 139.88199445 14.50641155 10.51603889
v 139.88199445 14.50641155 10.88903999
v 139.88199445 14.50641155 -9.61278343
v 139.88199445 14.50641155 -10.20562553
v 141.07134076 15.10733795 11.40001869
v 140.15880796 15.10733795 10.79016304
v 140.43564054 15.10734081 11.06428719
v 139.47641584 39.73535156 11.06428719
v 138.84071561 39.73535156 11.40001869
v 139.47773191 39.73535156 11.44716835
v 138.84184095 39.73535156 11.78896523
v 139.75323888 39.73535156 10.79016304
v 139.75323888 39.13444138 10.79016304
v 139.47641584 39.13442993 11.06428719
v 138.84184095 39.13237 11.78896523
v 138.25927945 39.13237 11.78896523
v 138.25927945 39.73535156 11.78896523
v 138.84071561 39.13444138 11.40001869
v 138.25927945 39.73535156 11.40001869
v 138.25927945 39.13444138 11.40001869
v 139.47773191 39.12586594 11.44716835
v 139.71741887 39.73432159 -9.61282158
v 139.71741887 39.13339996 -9.61282158
v 139.75388738 39.73535156 11.16812325
v 139.75388738 39.12910843 11.16812325
v 139.71682759 39.73535156 -10.20562553
v 139.71682759 39.13339996 -10.20562553
v 139.75388738 15.11265945 11.16812325
v 139.47773191 15.11591434 11.44716835
v 140.03007146 39.13237 10.88903999
v 140.03007146 15.10940552 10.88903999
v 138.84184095 15.10940742 11.78896523
v 138.25927945 15.10940742 11.78896523
v 140.03007146 15.10940552 -10.20562553
v 140.03007146 39.13237 -10.20562553
v 140.03007146 15.10940552 -9.61278343
v 140.03007146 39.13237 -9.61278343
v 140.03007146 39.73535156 10.51603889
v 140.03007146 39.73535156 10.88903999
v 140.03007146 39.73535156 -9.61278343
v 140.03007146 39.73535156 -10.20562553
v 138.84071561 39.13444138 11.40001869
v 138.7781355 39.13444138 -9.61282158
v 138.25927945 39.13444138 11.40001869
v 138.25927945 39.13444138 -9.61278343
v 139.71741887 39.13339996 -9.61282158
v 139.40477582 39.13237 -9.61285973
v 139.75323888 39.13444138 10.79016304
v 139.47641584 39.13442993 11.06428719
v 140.03007146 39.13237 10.51603889
v 139.40477582 15.10940552 -9.61285973
v 138.7781355 15.10733795 -9.61282158
v 139.71684667 15.10837364 -10.20562553
v 140.03007146 15.10940552 10.51603889
v 139.71741887 15.10837364 -9.61282158
v 139.71741887 15.10837364 -9.61282158
v 138.25927945 15.10733795 -9.61278343
v 136.48847767 15.10940742 -9.61278343
v 136.48847767 15.10940742 10.51603889
v 136.48847767 39.13237 -9.61278343
v 136.48847767 39.13237 10.51603889
v 137.67667981 39.73535156 11.78896523
v 137.6778433 39.73535156 11.40001869
v 137.04080793 39.73535156 11.44716835
v 137.042124 39.73535156 11.06428719
v 136.76529142 39.73535919 10.79016304
v 136.76529142 39.13444138 10.79016304
v 137.042124 39.13442993 11.06428719
v 137.67667981 39.13237 11.78896523
v 137.6778433 39.13444138 11.40001869
v 137.04080793 39.12586594 11.44716835
v 136.8011305 39.73432159 -9.61282158
v 136.8011305 39.13339996 -9.61282158
v 136.76466199 39.12910843 11.16812325
v 136.76466199 39.73535919 11.16812325
v 136.80172177 39.73535156 -10.20562553
v 136.80172177 39.13339996 -10.20562553
v 137.040827 15.11591434 11.44716835
v 136.76466199 15.11265945 11.16812325
v 136.48847767 39.13237 10.88903999
v 136.48847767 15.10940742 10.88903999
v 137.67669889 15.10940742 11.78896523
v 136.48847767 15.10940742 -10.20562553
v 136.48847767 39.13237 -10.20562553
v 136.48847767 39.73535919 10.88903999
v 136.48847767 39.73535919 10.51603889
v 136.48847767 39.73535919 -9.61278343
v 136.48847767 39.73535919 -10.20562553
v 137.6778433 39.13444138 11.40001869
v 137.74040433 39.13444138 -9.61282158
v 137.042124 39.13442993 11.06428719
v 137.11376401 39.13237 -9.61285973
v 136.76529142 39.13444138 10.79016304
v 136.8011305 39.13339996 -9.61282158
v 137.11378308 15.10940742 -9.61285973
v 137.74040433 15.10733795 -9.61282158
v 136.8017027 15.10837364 -10.20562553
v 136.8011305 15.10837364 -9.61282158
v 136.8011305 15.10837364 -9.61282158
v 138.84184095 14.50641155 11.78896523
v 138.84071561 14.50641155 11.40001869
v 139.47773191 14.50641155 11.44716835
v 139.47641584 14.50641441 11.06428719
v 139.75323888 14.50641155 10.79016304
v 139.75323888 15.10733795 10.79016304
v 139.47641584 15.10734081 11.06428719
v 138.25927945 14.50641155 11.78896523
v 138.25927945 14.50641155 11.40001869
v 138.84071561 15.10733795 11.40001869
v 138.25927945 15.10733795 11.40001869
v 139.71741887 14.50744629 -9.61282158
v 139.75388738 14.50641155 11.16812325
v 139.71684667 14.50641155 -10.20562553
v 140.03007146 14.50641155 10.88903999
v 140.03007146 14.50641155 10.51603889
v 140.03007146 14.50641155 -9.61278343
v 140.03007146 14.50641155 -10.20562553
v 138.84071561 15.10733795 11.40001869
v 138.25927945 15.10733795 11.40001869
v 139.47641584 15.10734081 11.06428719
v 139.75323888 15.10733795 10.79016304
v 137.042124 14.50641441 11.06428719
v 137.6778433 14.50641155 11.40001869
v 137.040827 14.50641155 11.44716835
v 137.67669889 14.50641155 11.78896523
v 136.76529142 14.50641155 10.79016304
v 136.76529142 15.10733795 10.79016304
v 137.042124 15.10734081 11.06428719
v 137.6778433 15.10733795 11.40001869
v 136.8011305 14.50744629 -9.61282158
v 136.76466199 14.50641155 11.16812325
v 136.8017027 14.50641155 -10.20562553
v 136.48847767 14.50641155 10.51603889
v 136.48847767 14.50641155 10.88903999
v 136.48847767 14.50641155 -9.61278343
v 136.48847767 14.50641155 -10.20562553
v 137.6778433 15.10733795 11.40001869
v 136.76529142 15.10733795 10.79016304
v 137.042124 15.10734081 11.06428719
v 136.08289906 39.73535156 11.06428719
v 135.44719883 39.73535156 11.40001869
v 136.08421513 39.73535156 11.44716835
v 135.44834324 39.73535156 11.78896523
v 136.3597221 39.73535156 10.79016304
v 136.3597221 39.13444138 10.79016304
v 136.08289906 39.13442993 11.06428719
v 135.44834324 39.13237 11.78896523
v 134.86576267 39.13237 11.78896523
v 134.86576267 39.73535156 11.78896523
v 135.44719883 39.13444138 11.40001869
v 134.86576267 39.73535156 11.40001869
v 134.86576267 39.13444138 11.40001869
v 136.08421513 39.12586594 11.44716835
v 136.32390209 39.73432159 -9.61282158
v 136.32390209 39.13339996 -9.61282158
v 136.36038967 39.73535156 11.16812325
v 136.36038967 39.12910843 11.16812325
v 136.32331082 39.73535156 -10.20562553
v 136.32331082 39.13339996 -10.20562553
v 136.36038967 15.11265945 11.16812325
v 136.08421513 15.11591434 11.44716835
v 136.63655492 39.13237 10.88903999
v 136.63657399 15.10940552 10.88903999
v 135.44834324 15.10940742 11.78896523
v 134.86576267 15.10940742 11.78896523
v 136.63657399 15.10940552 -10.20562553
v 136.63655492 39.13237 -10.20562553
v 136.63657399 15.10940552 -9.61278343
v 136.63655492 39.13237 -9.61278343
v 136.63655492 39.73535156 10.51603889
v 136.63655492 39.73535156 10.88903999
v 136.63655492 39.73535156 -9.61278343
v 136.63655492 39.73535156 -10.20562553
v 135.44719883 39.13444138 11.40001869
v 135.38461872 39.13444138 -9.61282158
v 134.86576267 39.13444138 11.40001869
v 134.86576267 39.13444138 -9.61278343
v 136.32390209 39.13339996 -9.61282158
v 136.01125904 39.13237 -9.61285973
v 136.3597221 39.13444138 10.79016304
v 136.08289906 39.13442993 11.06428719
v 136.63655492 39.13237 10.51603889
v 136.01125904 15.10940552 -9.61285973
v 135.3846378 15.10733795 -9.61282158
v 136.32332989 15.10837364 -10.20562553
v 136.63657399 15.10940552 10.51603889
v 136.32392117 15.10837364 -9.61282158
v 136.32392117 15.10837364 -9.61282158
v 134.86576267 15.10733795 -9.61278343
v 133.09496113 15.10940742 -9.61278343
v 133.09496113 15.10940742 10.51603889
v 133.09496113 39.13237 -9.61278343
v 133.09496113 39.13237 10.51603889
v 134.28318211 39.73535156 11.78896523
v 134.28432652 39.73535156 11.40001869
v 133.64731022 39.73535156 11.44716835
v 133.64862629 39.73535156 11.06428719
v 133.37179371 39.73535919 10.79016304
v 133.37179371 39.13444138 10.79016304
v 133.64862629 39.13442993 11.06428719
v 134.28318211 39.13237 11.78896523
v 134.28432652 39.13444138 11.40001869
v 133.64731022 39.12586594 11.44716835
v 133.40761372 39.73432159 -9.61282158
v 133.40761372 39.13339996 -9.61282158
v 133.37114521 39.12910843 11.16812325
v 133.37114521 39.73535919 11.16812325
v 133.408205 39.73535156 -10.20562553
v 133.408205 39.13339996 -10.20562553
v 133.64731022 15.11591434 11.44716835
v 133.37114521 15.11265945 11.16812325
v 133.09496113 39.13237 10.88903999
v 133.09496113 15.10940742 10.88903999
v 134.28318211 15.10940742 11.78896523
v 133.09496113 15.10940742 -10.20562553
v 133.09496113 39.13237 -10.20562553
v 133.09496113 39.73535919 10.88903999
v 133.09496113 39.73535919 10.51603889
v 133.09496113 39.73535919 -9.61278343
v 133.09496113 39.73535919 -10.20562553
v 134.28432652 39.13444138 11.40001869
v 134.34688755 39.13444138 -9.61282158
v 133.64862629 39.13442993 11.06428719
v 133.72024723 39.13237 -9.61285973
v 133.37179371 39.13444138 10.79016304
v 133.40761372 39.13339996 -9.61282158
v 133.72026631 15.10940742 -9.61285973
v 134.34688755 15.10733795 -9.61282158
v 133.408205 15.10837364 -10.20562553
v 133.40761372 15.10837364 -9.61282158
v 133.40761372 15.10837364 -9.61282158
v 135.44834324 14.50641155 11.78896523
v 135.44719883 14.50641155 11.40001869
v 136.08421513 14.50641155 11.44716835
v 136.08289906 14.50641441 11.06428719
v 136.3597221 14.50641155 10.79016304
v 136.3597221 15.10733795 10.79016304
v 136.08289906 15.10734081 11.06428719
v 134.86576267 14.50641155 11.78896523
v 134.86576267 14.50641155 11.40001869
v 135.44719883 15.10733795 11.40001869
v 134.86576267 15.10733795 11.40001869
v 136.32392117 14.50744629 -9.61282158
v 136.36038967 14.50641155 11.16812325
v 136.32332989 14.50641155 -10.20562553
v 136.63657399 14.50641155 10.88903999
v 136.63657399 14.50641155 10.51603889
v 136.63657399 14.50641155 -9.61278343
v 136.63657399 14.50641155 -10.20562553
v 135.44719883 15.10733795 11.40001869
v 134.86576267 15.10733795 11.40001869
v 136.08289906 15.10734081 11.06428719
v 136.3597221 15.10733795 10.79016304
v 133.64862629 14.50641441 11.06428719
v 134.28432652 14.50641155 11.40001869
v 133.64731022 14.50641155 11.44716835
v 134.28318211 14.50641155 11.78896523
v 133.37179371 14.50641155 10.79016304
v 133.37179371 15.10733795 10.79016304
v 133.64862629 15.10734081 11.06428719
v 134.28432652 15.10733795 11.40001869
v 133.40761372 14.50744629 -9.61282158
v 133.37114521 14.50641155 11.16812325
v 133.408205 14.50641155 -10.20562553
v 133.09496113 14.50641155 10.51603889
v 133.09496113 14.50641155 10.88903999
v 133.09496113 14.50641155 -9.61278343
v 133.09496113 14.50641155 -10.20562553
v 134.28432652 15.10733795 11.40001869
v 133.37179371 15.10733795 10.79016304
v 133.64862629 15.10734081 11.06428719
v 132.68938252 39.73535156 11.06428719
v 132.05370136 39.73535156 11.40001869
v 132.69069859 39.73535156 11.44716835
v 132.0548267 39.73535156 11.78896523
v 132.96622463 39.73535156 10.79016304
v 132.96622463 39.13444138 10.79016304
v 132.68938252 39.13442993 11.06428719
v 132.0548267 39.13237 11.78896523
v 131.47224613 39.13237 11.78896523
v 131.47224613 39.73535156 11.78896523
v 132.05370136 39.13444138 11.40001869
v 131.47224613 39.73535156 11.40001869
v 131.47224613 39.13444138 11.40001869
v 132.69069859 39.12586594 11.44716835
v 132.93040463 39.73432159 -9.61282158
v 132.93040463 39.13339996 -9.61282158
v 132.96687313 39.73535156 11.16812325
v 132.96687313 39.12910843 11.16812325
v 132.92981335 39.73535156 -10.20562553
v 132.92981335 39.13339996 -10.20562553
v 132.96687313 15.11265945 11.16812325
v 132.69069859 15.11591434 11.44716835
v 133.24305721 39.13237 10.88903999
v 133.24305721 15.10940552 10.88903999
v 132.0548267 15.10940742 11.78896523
v 131.47224613 15.10940742 11.78896523
v 133.24305721 15.10940552 -10.20562553
v 133.24305721 39.13237 -10.20562553
v 133.24305721 15.10940552 -9.61278343
v 133.24305721 39.13237 -9.61278343
v 133.24305721 39.73535156 10.51603889
v 133.24305721 39.73535156 10.88903999
v 133.24305721 39.73535156 -9.61278343
v 133.24305721 39.73535156 -10.20562553
v 132.05370136 39.13444138 11.40001869
v 131.99112126 39.13444138 -9.61282158
v 131.47224613 39.13444138 11.40001869
v 131.47224613 39.13444138 -9.61278343
v 132.93040463 39.13339996 -9.61282158
v 132.61776158 39.13237 -9.61285973
v 132.96622463 39.13444138 10.79016304
v 132.68938252 39.13442993 11.06428719
v 133.24305721 39.13237 10.51603889
v 132.61776158 15.10940552 -9.61285973
v 131.99112126 15.10733795 -9.61282158
v 132.92981335 15.10837364 -10.20562553
v 133.24305721 15.10940552 10.51603889
v 132.93040463 15.10837364 -9.61282158
v 132.93040463 15.10837364 -9.61282158
v 131.47224613 15.10733795 -9.61278343
v 129.70146366 15.10940742 -9.61278343
v 129.70146366 15.10940742 10.51603889
v 129.70144459 39.13237 -9.61278343
v 129.70144459 39.13237 10.51603889
v 130.88966557 39.73535156 11.78896523
v 130.89080998 39.73535156 11.40001869
v 130.25379368 39.73535156 11.44716835
v 130.25510975 39.73535156 11.06428719
v 129.97827717 39.73535919 10.79016304
v 129.97827717 39.13444138 10.79016304
v 130.25510975 39.13442993 11.06428719
v 130.88966557 39.13237 11.78896523
v 130.89080998 39.13444138 11.40001869
v 130.25379368 39.12586594 11.44716835
v 130.01409718 39.73432159 -9.61282158
v 130.01409718 39.13339996 -9.61282158
v 129.97762867 39.12910843 11.16812325
v 129.97762867 39.73535919 11.16812325
v 130.01468846 39.73535156 -10.20562553
v 130.01468846 39.13339996 -10.20562553
v 130.25381275 15.11591434 11.44716835
v 129.97762867 15.11265945 11.16812325
v 129.70144459 39.13237 10.88903999
v 129.70146366 15.10940742 10.88903999
v 130.88966557 15.10940742 11.78896523
v 129.70146366 15.10940742 -10.20562553
v 129.70144459 39.13237 -10.20562553
v 129.70144459 39.73535919 10.88903999
v 129.70144459 39.73535919 10.51603889
v 129.70144459 39.73535919 -9.61278343
v 129.70144459 39.73535919 -10.20562553
v 130.89080998 39.13444138 11.40001869
v 130.95339009 39.13444138 -9.61282158
v 130.25510975 39.13442993 11.06428719
v 130.32674977 39.13237 -9.61285973
v 129.97827717 39.13444138 10.79016304
v 130.01409718 39.13339996 -9.61282158
v 130.32674977 15.10940742 -9.61285973
v 130.95339009 15.10733795 -9.61282158
v 130.01468846 15.10837364 -10.20562553
v 130.01409718 15.10837364 -9.61282158
v 130.01409718 15.10837364 -9.61282158
v 132.0548267 14.50641155 11.78896523
v 132.05370136 14.50641155 11.40001869
v 132.69069859 14.50641155 11.44716835
v 132.68938252 14.50641441 11.06428719
v 132.96622463 14.50641155 10.79016304
v 132.96622463 15.10733795 10.79016304
v 132.68938252 15.10734081 11.06428719
v 131.47224613 14.50641155 11.78896523
v 131.47224613 14.50641155 11.40001869
v 132.05370136 15.10733795 11.40001869
v 131.47224613 15.10733795 11.40001869
v 132.93040463 14.50744629 -9.61282158
v 132.96687313 14.50641155 11.16812325
v 132.92981335 14.50641155 -10.20562553
v 133.24305721 14.50641155 10.88903999
v 133.24305721 14.50641155 10.51603889
v 133.24305721 14.50641155 -9.61278343
v 133.24305721 14.50641155 -10.20562553
v 132.05370136 15.10733795 11.40001869
v 131.47224613 15.10733795 11.40001869
v 132.68938252 15.10734081 11.06428719
v 132.96622463 15.10733795 10.79016304
v 130.25510975 14.50641441 11.06428719
v 130.89080998 14.50641155 11.40001869
v 130.25381275 14.50641155 11.44716835
v 130.88966557 14.50641155 11.78896523
v 129.97827717 14.50641155 10.79016304
v 129.97827717 15.10733795 10.79016304
v 130.25510975 15.10734081 11.06428719
v 130.89080998 15.10733795 11.40001869
v 130.01409718 14.50744629 -9.61282158
v 129.97762867 14.50641155 11.16812325
v 130.01468846 14.50641155 -10.20562553
v 129.70146366 14.50641155 10.51603889
v 129.70146366 14.50641155 10.88903999
v 129.70146366 14.50641155 -9.61278343
v 129.70146366 14.50641155 -10.20562553
v 130.89080998 15.10733795 11.40001869
v 129.97827717 15.10733795 10.79016304
v 130.25510975 15.10734081 11.06428719
v 129.29588505 39.73535156 11.06428719
v 128.66018482 39.73535156 11.40001869
v 129.29720112 39.73535156 11.44716835
v 128.66132923 39.73535156 11.78896523
v 129.57270809 39.73535156 10.79016304
v 129.57270809 39.13444138 10.79016304
v 129.29588505 39.13442993 11.06428719
v 128.66132923 39.13237 11.78896523
v 128.07874891 39.13237 11.78896523
v 128.07874891 39.73535156 11.78896523
v 128.66018482 39.13444138 11.40001869
v 128.07874891 39.73535156 11.40001869
v 128.07874891 39.13444138 11.40001869
v 129.29720112 39.12586594 11.44716835
v 129.53688809 39.73432159 -9.61282158
v 129.53688809 39.13339996 -9.61282158
v 129.57337567 39.73535156 11.16812325
v 129.57337567 39.12910843 11.16812325
v 129.53629681 39.73535156 -10.20562553
v 129.53629681 39.13339996 -10.20562553
v 129.57337567 15.11265945 11.16812325
v 129.29720112 15.11591434 11.44716835
v 129.84954067 39.13237 10.88903999
v 129.84955975 15.10940552 10.88903999
v 128.66132923 15.10940742 11.78896523
v 128.07874891 15.10940742 11.78896523
v 129.84955975 15.10940552 -10.20562553
v 129.84954067 39.13237 -10.20562553
v 129.84955975 15.10940552 -9.61278343
v 129.84954067 39.13237 -9.61278343
v 129.84954067 39.73535156 10.51603889
v 129.84954067 39.73535156 10.88903999
v 129.84954067 39.73535156 -9.61278343
v 129.84954067 39.73535156 -10.20562553
v 128.66018482 39.13444138 11.40001869
v 128.59760495 39.13444138 -9.61282158
v 128.07874891 39.13444138 11.40001869
v 128.07874891 39.13444138 -9.61278343
v 129.53688809 39.13339996 -9.61282158
v 129.22424504 39.13237 -9.61285973
v 129.57270809 39.13444138 10.79016304
v 129.29588505 39.13442993 11.06428719
v 129.84954067 39.13237 10.51603889
v 129.22424504 15.10940552 -9.61285973
v 128.59762403 15.10733795 -9.61282158
v 129.53631588 15.10837364 -10.20562553
v 129.84955975 15.10940552 10.51603889
v 129.53690716 15.10837364 -9.61282158
v 129.53690716 15.10837364 -9.61282158
v 128.07874891 15.10733795 -9.61278343
v 126.30794736 15.10940742 -9.61278343
v 126.30794736 15.10940742 10.51603889
v 126.30794736 39.13237 -9.61278343
v 126.30794736 39.13237 10.51603889
v 127.49616834 39.73535156 11.78896523
v 127.49731275 39.73535156 11.40001869
v 126.86029645 39.73535156 11.44716835
v 126.86161252 39.73535156 11.06428719
v 126.58477994 39.73535919 10.79016304
v 126.58477994 39.13444138 10.79016304
v 126.86161252 39.13442993 11.06428719
v 127.49616834 39.13237 11.78896523
v 127.49731275 39.13444138 11.40001869
v 126.86029645 39.12586594 11.44716835
v 126.62059995 39.73432159 -9.61282158
v 126.62059995 39.13339996 -9.61282158
v 126.58413144 39.12910843 11.16812325
v 126.58413144 39.73535919 11.16812325
v 126.62119123 39.73535156 -10.20562553
v 126.62119123 39.13339996 -10.20562553
v 126.86029645 15.11591434 11.44716835
v 126.58413144 15.11265945 11.16812325
v 126.30794736 39.13237 10.88903999
v 126.30794736 15.10940742 10.88903999
v 127.49616834 15.10940742 11.78896523
v 126.30794736 15.10940742 -10.20562553
v 126.30794736 39.13237 -10.20562553
v 126.30794736 39.73535919 10.88903999
v 126.30794736 39.73535919 10.51603889
v 126.30794736 39.73535919 -9.61278343
v 126.30794736 39.73535919 -10.20562553
v 127.49731275 39.13444138 11.40001869
v 127.55987378 39.13444138 -9.61282158
v 126.86161252 39.13442993 11.06428719
v 126.93323346 39.13237 -9.61285973
v 126.58477994 39.13444138 10.79016304
v 126.62059995 39.13339996 -9.61282158
v 126.93325254 15.10940742 -9.61285973
v 127.55987378 15.10733795 -9.61282158
v 126.62119123 15.10837364 -10.20562553
v 126.62059995 15.10837364 -9.61282158
v 126.62059995 15.10837364 -9.61282158
v 128.66132923 14.50641155 11.78896523
v 128.66018482 14.50641155 11.40001869
v 129.29720112 14.50641155 11.44716835
v 129.29588505 14.50641441 11.06428719
v 129.57270809 14.50641155 10.79016304
v 129.57270809 15.10733795 10.79016304
v 129.29588505 15.10734081 11.06428719
v 128.07874891 14.50641155 11.78896523
v 128.07874891 14.50641155 11.40001869
v 128.66018482 15.10733795 11.40001869
v 128.07874891 15.10733795 11.40001869
v 129.53690716 14.50744629 -9.61282158
v 129.57337567 14.50641155 11.16812325
v 129.53631588 14.50641155 -10.20562553
v 129.84955975 14.50641155 10.88903999
v 129.84955975 14.50641155 10.51603889
v 129.84955975 14.50641155 -9.61278343
v 129.84955975 14.50641155 -10.20562553
v 128.66018482 15.10733795 11.40001869
v 128.07874891 15.10733795 11.40001869
v 129.29588505 15.10734081 11.06428719
v 129.57270809 15.10733795 10.79016304
v 126.86161252 14.50641441 11.06428719
v 127.49731275 14.50641155 11.40001869
v 126.86029645 14.50641155 11.44716835
v 127.49616834 14.50641155 11.78896523
v 126.58477994 14.50641155 10.79016304
v 126.58477994 15.10733795 10.79016304
v 126.86161252 15.10734081 11.06428719
v 127.49731275 15.10733795 11.40001869
v 126.62059995 14.50744629 -9.61282158
v 126.58413144 14.50641155 11.16812325
v 126.62119123 14.50641155 -10.20562553
v 126.30794736 14.50641155 10.51603889
v 126.30794736 14.50641155 10.88903999
v 126.30794736 14.50641155 -9.61278343
v 126.30794736 14.50641155 -10.20562553
v 127.49731275 15.10733795 11.40001869
v 126.58477994 15.10733795 10.79016304
v 126.86161252 15.10734081 11.06428719
v 125.90236875 39.73535156 11.06428719
v 125.26666852 39.73535156 11.40001869
v 125.90368482 39.73535156 11.44716835
v 125.26781293 39.73535156 11.78896523
v 126.17921086 39.73535156 10.79016304
v 126.17921086 39.13444138 10.79016304
v 125.90236875 39.13442993 11.06428719
v 125.26781293 39.13237 11.78896523
v 124.68523236 39.13237 11.78896523
v 124.68523236 39.73535156 11.78896523
v 125.26666852 39.13444138 11.40001869
v 124.68523236 39.73535156 11.40001869
v 124.68523236 39.13444138 11.40001869
v 125.90368482 39.12586594 11.44716835
v 126.14339086 39.73432159 -9.61282158
v 126.14339086 39.13339996 -9.61282158
v 126.17985936 39.73535156 11.16812325
v 126.17985936 39.12910843 11.16812325
v 126.14278051 39.73535156 -10.20562553
v 126.14278051 39.13339996 -10.20562553
v 126.17985936 15.11265945 11.16812325
v 125.90368482 15.11591434 11.44716835
v 126.45604345 39.13237 10.88903999
v 126.45604345 15.10940552 10.88903999
v 125.26781293 15.10940742 11.78896523
v 124.68523236 15.10940742 11.78896523
v 126.45604345 15.10940552 -10.20562553
v 126.45604345 39.13237 -10.20562553
v 126.45604345 15.10940552 -9.61278343
v 126.45604345 39.13237 -9.61278343
v 126.45604345 39.73535156 10.51603889
v 126.45604345 39.73535156 10.88903999
v 126.45604345 39.73535156 -9.61278343
v 126.45604345 39.73535156 -10.20562553
v 125.26666852 39.13444138 11.40001869
v 125.20410749 39.13444138 -9.61282158
v 124.68523236 39.13444138 11.40001869
v 124.68523236 39.13444138 -9.61278343
v 126.14339086 39.13339996 -9.61282158
v 125.83072873 39.13237 -9.61285973
v 126.17921086 39.13444138 10.79016304
v 125.90236875 39.13442993 11.06428719
v 126.45604345 39.13237 10.51603889
v 125.83074781 15.10940552 -9.61285973
v 125.20410749 15.10733795 -9.61282158
v 126.14279958 15.10837364 -10.20562553
v 126.45604345 15.10940552 10.51603889
v 126.14339086 15.10837364 -9.61282158
v 126.14339086 15.10837364 -9.61282158
v 124.68523236 15.10733795 -9.61278343
v 122.91444989 15.10940742 -9.61278343
v 122.91444989 15.10940742 10.51603889
v 122.91443082 39.13237 -9.61278343
v 122.91443082 39.13237 10.51603889
v 124.1026518 39.73535156 11.78896523
v 124.10379621 39.73535156 11.40001869
v 123.46677991 39.73535156 11.44716835
v 123.46809598 39.73535156 11.06428719
v 123.1912634 39.73535919 10.79016304
v 123.1912634 39.13444138 10.79016304
v 123.46809598 39.13442993 11.06428719
v 124.1026518 39.13237 11.78896523
v 124.10379621 39.13444138 11.40001869
v 123.46677991 39.12586594 11.44716835
v 123.22708341 39.73432159 -9.61282158
v 123.22708341 39.13339996 -9.61282158
v 123.1906149 39.12910843 11.16812325
v 123.1906149 39.73535919 11.16812325
v 123.22767469 39.73535156 -10.20562553
v 123.22767469 39.13339996 -10.20562553
v 123.46677991 15.11591434 11.44716835
v 123.1906149 15.11265945 11.16812325
v 122.91443082 39.13237 10.88903999
v 122.91444989 15.10940742 10.88903999
v 124.1026518 15.10940742 11.78896523
v 122.91444989 15.10940742 -10.20562553
v 122.91443082 39.13237 -10.20562553
v 122.91443082 39.73535919 10.88903999
v 122.91443082 39.73535919 10.51603889
v 122.91443082 39.73535919 -9.61278343
v 122.91443082 39.73535919 -10.20562553
v 124.10379621 39.13444138 11.40001869
v 124.16635724 39.13444138 -9.61282158
v 123.46809598 39.13442993 11.06428719
v 123.539736 39.13237 -9.61285973
v 123.1912634 39.13444138 10.79016304
v 123.22708341 39.13339996 -9.61282158
v 123.539736 15.10940742 -9.61285973
v 124.16637632 15.10733795 -9.61282158
v 123.22767469 15.10837364 -10.20562553
v 123.22708341 15.10837364 -9.61282158
v 123.22708341 15.10837364 -9.61282158
v 125.26781293 14.50641155 11.78896523
v 125.26666852 14.50641155 11.40001869
v 125.90368482 14.50641155 11.44716835
v 125.90236875 14.50641441 11.06428719
v 126.17921086 14.50641155 10.79016304
v 126.17921086 15.10733795 10.79016304
v 125.90236875 15.10734081 11.06428719
v 124.68523236 14.50641155 11.78896523
v 124.68523236 14.50641155 11.40001869
v 125.26666852 15.10733795 11.40001869
v 124.68523236 15.10733795 11.40001869
v 126.14339086 14.50744629 -9.61282158
v 126.17985936 14.50641155 11.16812325
v 126.14279958 14.50641155 -10.20562553
v 126.45604345 14.50641155 10.88903999
v 126.45604345 14.50641155 10.51603889
v 126.45604345 14.50641155 -9.61278343
v 126.45604345 14.50641155 -10.20562553
v 125.26666852 15.10733795 11.40001869
v 124.68523236 15.10733795 11.40001869
v 125.90236875 15.10734081 11.06428719
v 126.17921086 15.10733795 10.79016304
v 123.46809598 14.50641441 11.06428719
v 124.10379621 14.50641155 11.40001869
v 123.46677991 14.50641155 11.44716835
v 124.1026518 14.50641155 11.78896523
v 123.1912634 14.50641155 10.79016304
v 123.1912634 15.10733795 10.79016304
v 123.46809598 15.10734081 11.06428719
v 124.10379621 15.10733795 11.40001869
v 123.22708341 14.50744629 -9.61282158
v 123.1906149 14.50641155 11.16812325
v 123.22767469 14.50641155 -10.20562553
v 122.91444989 14.50641155 10.51603889
v 122.91444989 14.50641155 10.88903999
v 122.91444989 14.50641155 -9.61278343
v 122.91444989 14.50641155 -10.20562553
v 124.10379621 15.10733795 11.40001869
v 123.1912634 15.10733795 10.79016304
v 123.46809598 15.10734081 11.06428719
v 122.13525029 41.46581268 11.06428719
v 121.22719976 41.46581268 11.40001869
v 122.1371195 41.46581268 11.44716835
v 121.22884008 41.46581268 11.78896523
v 122.53068181 41.46581268 10.79016304
v 122.53068181 40.86489105 10.79016304
v 122.13525029 40.86489105 11.06428719
v 121.22884008 40.86282349 11.78896523
v 120.39666387 40.86282349 11.78896523
v 120.39666387 41.46581268 11.78896523
v 121.22719976 40.86489105 11.40001869
v 120.39666387 41.46581268 11.40001869
v 120.39666387 40.86489105 11.40001869
v 122.1371195 40.85631943 11.44716835
v 122.47952672 41.46478271 -9.61282158
v 122.47952672 40.86386108 -9.61282158
v 122.53163549 41.46581268 11.16812325
v 122.53163549 40.85958099 11.16812325
v 122.47864934 41.46581268 -10.20562553
v 122.47864934 40.86386108 -10.20562553
v 122.53163549 15.11265945 11.16812325
v 122.1371195 15.11591434 11.44716835
v 122.92611333 40.86282349 10.88903999
v 122.92611333 15.10940552 10.88903999
v 121.22884008 15.10940742 11.78896523
v 120.39666387 15.10940742 11.78896523
v 122.92611333 15.10940552 -10.20562553
v 122.92611333 40.86282349 -10.20562553
v 122.92611333 15.10940552 -9.61278343
v 122.92611333 40.86282349 -9.61278343
v 122.92611333 41.46581268 10.51603889
v 122.92611333 41.46581268 10.88903999
v 122.92611333 41.46581268 -9.61278343
v 122.92611333 41.46581268 -10.20562553
v 121.22719976 40.86489105 11.40001869
v 121.1378214 40.86489105 -9.61282158
v 120.39666387 40.86489105 11.40001869
v 120.39666387 40.86489105 -9.61278343
v 122.47952672 40.86386108 -9.61282158
v 122.03294011 40.86282349 -9.61285973
v 122.53068181 40.86489105 10.79016304
v 122.13525029 40.86489105 11.06428719
v 122.92611333 40.86282349 10.51603889
v 122.03294011 15.10940552 -9.61285973
v 121.1378214 15.10733795 -9.61282158
v 122.47868749 15.10837364 -10.20562553
v 122.92611333 15.10940552 10.51603889
v 122.47952672 15.10837364 -9.61282158
v 122.47952672 15.10837364 -9.61282158
v 120.39666387 15.10733795 -9.61278343
v 117.8672144 15.10940742 -9.61278343
v 117.8672144 15.10940742 10.51603889
v 117.86717626 40.86282349 -9.61278343
v 117.86717626 40.86282349 10.51603889
v 119.56448766 41.46581268 11.78896523
v 119.56608983 41.46581268 11.40001869
v 118.65617009 41.46581268 11.44716835
v 118.6580393 41.46581268 11.06428719
v 118.26260778 41.46582031 10.79016304
v 118.26260778 40.86489105 10.79016304
v 118.6580393 40.86489105 11.06428719
v 119.56448766 40.86282349 11.78896523
v 119.56608983 40.86489105 11.40001869
v 118.65617009 40.85631943 11.44716835
v 118.31380101 41.46478271 -9.61282158
v 118.31380101 40.86386108 -9.61282158
v 118.26169225 40.85958099 11.16812325
v 118.26169225 41.46582031 11.16812325
v 118.31464025 41.46581268 -10.20562553
v 118.31464025 40.86386108 -10.20562553
v 118.65617009 15.11591434 11.44716835
v 118.26169225 15.11265945 11.16812325
v 117.86717626 40.86282349 10.88903999
v 117.8672144 15.10940742 10.88903999
v 119.56448766 15.10940742 11.78896523
v 117.8672144 15.10940742 -10.20562553
v 117.86717626 40.86282349 -10.20562553
v 117.86717626 41.46582031 10.88903999
v 117.86717626 41.46582031 10.51603889
v 117.86717626 41.46582031 -9.61278343
v 117.86717626 41.46582031 -10.20562553
v 119.56608983 40.86489105 11.40001869
v 119.65546819 40.86489105 -9.61282158
v 118.6580393 40.86489105 11.06428719
v 118.76038762 40.86282349 -9.61285973
v 118.26260778 40.86489105 10.79016304
v 118.31380101 40.86386108 -9.61282158
v 118.76038762 15.10940742 -9.61285973
v 119.65550634 15.10733795 -9.61282158
v 118.31464025 15.10837364 -10.20562553
v 118.31380101 15.10837364 -9.61282158
v 118.31380101 15.10837364 -9.61282158
v 121.22884008 14.50641155 11.78896523
v 121.22719976 14.50641155 11.40001869
v 122.1371195 14.50641155 11.44716835
v 122.13525029 14.50641441 11.06428719
v 122.53068181 14.50641155 10.79016304
v 122.53068181 15.10733795 10.79016304
v 122.13525029 15.10734081 11.06428719
v 120.39666387 14.50641155 11.78896523
v 120.39666387 14.50641155 11.40001869
v 121.22719976 15.10733795 11.40001869
v 120.39666387 15.10733795 11.40001869
v 122.47952672 14.50744629 -9.61282158
v 122.53163549 14.50641155 11.16812325
v 122.47868749 14.50641155 -10.20562553
v 122.92611333 14.50641155 10.88903999
v 122.92611333 14.50641155 10.51603889
v 122.92611333 14.50641155 -9.61278343
v 122.92611333 14.50641155 -10.20562553
v 121.22719976 15.10733795 11.40001869
v 120.39666387 15.10733795 11.40001869
v 122.13525029 15.10734081 11.06428719
v 122.53068181 15.10733795 10.79016304
v 118.65807744 14.50641441 11.06428719
v 119.56608983 14.50641155 11.40001869
v 118.65617009 14.50641155 11.44716835
v 119.56448766 14.50641155 11.78896523
v 118.26260778 14.50641155 10.79016304
v 118.26260778 15.10733795 10.79016304
v 118.65807744 15.10734081 11.06428719
v 119.56608983 15.10733795 11.40001869
v 118.31380101 14.50744629 -9.61282158
v 118.26169225 14.50641155 11.16812325
v 118.31464025 14.50641155 -10.20562553
v 117.8672144 14.50641155 10.51603889
v 117.8672144 14.50641155 10.88903999
v 117.8672144 14.50641155 -9.61278343
v 117.8672144 14.50641155 -10.20562553
v 119.56608983 15.10733795 11.40001869
v 118.26260778 15.10733795 10.79016304
v 118.65807744 15.10734081 11.06428719
v 117.41621228 39.73535156 11.06428719
v 116.78051206 39.73535156 11.40001869
v 117.41752835 39.73535156 11.44716835
v 116.78165647 39.73535156 11.78896523
v 117.69303533 39.73535156 10.79016304
v 117.69303533 39.13444138 10.79016304
v 117.41621228 39.13442993 11.06428719
v 116.78165647 39.13237 11.78896523
v 116.1990759 39.13237 11.78896523
v 116.1990759 39.73535156 11.78896523
v 116.78051206 39.13444138 11.40001869
v 116.1990759 39.73535156 11.40001869
v 116.1990759 39.13444138 11.40001869
v 117.41752835 39.12586594 11.44716835
v 117.65721532 39.73432159 -9.61282158
v 117.65721532 39.13339996 -9.61282158
v 117.6937029 39.73535156 11.16812325
v 117.6937029 39.12910843 11.16812325
v 117.65662404 39.73535156 -10.20562553
v 117.65662404 39.13339996 -10.20562553
v 117.6937029 15.11265945 11.16812325
v 117.41752835 15.11591434 11.44716835
v 117.96986791 39.13237 10.88903999
v 117.96988698 15.10940552 10.88903999
v 116.78165647 15.10940742 11.78896523
v 116.1990759 15.10940742 11.78896523
v 117.96988698 15.10940552 -10.20562553
v 117.96986791 39.13237 -10.20562553
v 117.96988698 15.10940552 -9.61278343
v 117.96986791 39.13237 -9.61278343
v 117.96986791 39.73535156 10.51603889
v 117.96986791 39.73535156 10.88903999
v 117.96986791 39.73535156 -9.61278343
v 117.96986791 39.73535156 -10.20562553
v 116.78051206 39.13444138 11.40001869
v 116.71793195 39.13444138 -9.61282158
v 116.1990759 39.13444138 11.40001869
v 116.1990759 39.13444138 -9.61278343
v 117.65721532 39.13339996 -9.61282158
v 117.34457227 39.13237 -9.61285973
v 117.69303533 39.13444138 10.79016304
v 117.41621228 39.13442993 11.06428719
v 117.96986791 39.13237 10.51603889
v 117.34457227 15.10940552 -9.61285973
v 116.71795102 15.10733795 -9.61282158
v 117.65664312 15.10837364 -10.20562553
v 117.96988698 15.10940552 10.51603889
v 117.65723439 15.10837364 -9.61282158
v 117.65723439 15.10837364 -9.61282158
v 116.1990759 15.10733795 -9.61278343
v 114.42827436 15.10940742 -9.61278343
v 114.42827436 15.10940742 10.51603889
v 114.42827436 39.13237 -9.61278343
v 114.42827436 39.13237 10.51603889
v 115.61649533 39.73535156 11.78896523
v 115.61763974 39.73535156 11.40001869
v 114.98062345 39.73535156 11.44716835
v 114.98193952 39.73535156 11.06428719
v 114.70510694 39.73535919 10.79016304
v 114.70510694 39.13444138 10.79016304
v 114.98193952 39.13442993 11.06428719
v 115.61649533 39.13237 11.78896523
v 115.61763974 39.13444138 11.40001869
v 114.98062345 39.12586594 11.44716835
v 114.74092694 39.73432159 -9.61282158
v 114.74092694 39.13339996 -9.61282158
v 114.70445844 39.12910843 11.16812325
v 114.70445844 39.73535919 11.16812325
v 114.74151822 39.73535156 -10.20562553
v 114.74151822 39.13339996 -10.20562553
v 114.98062345 15.11591434 11.44716835
v 114.70445844 15.11265945 11.16812325
v 114.42827436 39.13237 10.88903999
v 114.42827436 15.10940742 10.88903999
v 115.61649533 15.10940742 11.78896523
v 114.42827436 15.10940742 -10.20562553
v 114.42827436 39.13237 -10.20562553
v 114.42827436 39.73535919 10.88903999
v 114.42827436 39.73535919 10.51603889
v 114.42827436 39.73535919 -9.61278343
v 114.42827436 39.73535919 -10.20562553
v 115.61763974 39.13444138 11.40001869
v 115.68020078 39.13444138 -9.61282158
v 114.98193952 39.13442993 11.06428719
v 115.05356046 39.13237 -9.61285973
v 114.70510694 39.13444138 10.79016304
v 114.74092694 39.13339996 -9.61282158
v 115.05357953 15.10940742 -9.61285973
v 115.68020078 15.10733795 -9.61282158
v 114.74151822 15.10837364 -10.20562553
v 114.74092694 15.10837364 -9.61282158
v 114.74092694 15.10837364 -9.61282158
v 116.78165647 14.50641155 11.78896523
v 116.78051206 14.50641155 11.40001869
v 117.41752835 14.50641155 11.44716835
v 117.41621228 14.50641441 11.06428719
v 117.69303533 14.50641155 10.79016304
v 117.69303533 15.10733795 10.79016304
v 117.41621228 15.10734081 11.06428719
v 116.1990759 14.50641155 11.78896523
v 116.1990759 14.50641155 11.40001869
v 116.78051206 15.10733795 11.40001869
v 116.1990759 15.10733795 11.40001869
v 117.65723439 14.50744629 -9.61282158
v 117.6937029 14.50641155 11.16812325
v 117.65664312 14.50641155 -10.20562553
v 117.96988698 14.50641155 10.88903999
v 117.96988698 14.50641155 10.51603889
v 117.96988698 14.50641155 -9.61278343
v 117.96988698 14.50641155 -10.20562553
v 116.78051206 15.10733795 11.40001869
v 116.1990759 15.10733795 11.40001869
v 117.41621228 15.10734081 11.06428719
v 117.69303533 15.10733795 10.79016304
v 114.98193952 14.50641441 11.06428719
v 115.61763974 14.50641155 11.40001869
v 114.98062345 14.50641155 11.44716835
v 115.61649533 14.50641155 11.78896523
v 114.70510694 14.50641155 10.79016304
v 114.70510694 15.10733795 10.79016304
v 114.98193952 15.10734081 11.06428719
v 115.61763974 15.10733795 11.40001869
v 114.74092694 14.50744629 -9.61282158
v 114.70445844 14.50641155 11.16812325
v 114.74151822 14.50641155 -10.20562553
v 114.42827436 14.50641155 10.51603889
v 114.42827436 14.50641155 10.88903999
v 114.42827436 14.50641155 -9.61278343
v 114.42827436 14.50641155 -10.20562553
v 115.61763974 15.10733795 11.40001869
v 114.70510694 15.10733795 10.79016304
v 114.98193952 15.10734081 11.06428719
v 113.90313359 41.46581268 11.06428719
v 112.99508306 41.46581268 11.40001869
v 113.9050028 41.46581268 11.44716835
v 112.99668523 41.46581268 11.78896523
v 114.29856511 41.46581268 10.79016304
v 114.29856511 40.86489105 10.79016304
v 113.90313359 40.86489105 11.06428719
v 112.99668523 40.86282349 11.78896523
v 112.16450902 40.86282349 11.78896523
v 112.16450902 41.46581268 11.78896523
v 112.99508306 40.86489105 11.40001869
v 112.16450902 41.46581268 11.40001869
v 112.16450902 40.86489105 11.40001869
v 113.9050028 40.85631943 11.44716835
v 114.24737188 41.46478271 -9.61282158
v 114.24737188 40.86386108 -9.61282158
v 114.29948064 41.46581268 11.16812325
v 114.29948064 40.85958099 11.16812325
v 114.2464945 41.46581268 -10.20562553
v 114.2464945 40.86386108 -10.20562553
v 114.29948064 15.11265945 11.16812325
v 113.9050028 15.11591434 11.44716835
v 114.69395848 40.86282349 10.88903999
v 114.69395848 15.10940552 10.88903999
v 112.99668523 15.10940742 11.78896523
v 112.16450902 15.10940742 11.78896523
v 114.69395848 15.10940552 -10.20562553
v 114.69395848 40.86282349 -10.20562553
v 114.69395848 15.10940552 -9.61278343
v 114.69395848 40.86282349 -9.61278343
v 114.69395848 41.46581268 10.51603889
v 114.69395848 41.46581268 10.88903999
v 114.69395848 41.46581268 -9.61278343
v 114.69395848 41.46581268 -10.20562553
v 112.99508306 40.86489105 11.40001869
v 112.90566655 40.86489105 -9.61282158
v 112.16450902 40.86489105 11.40001869
v 112.16450902 40.86489105 -9.61278343
v 114.24737188 40.86386108 -9.61282158
v 113.80078527 40.86282349 -9.61285973
v 114.29856511 40.86489105 10.79016304
v 113.90313359 40.86489105 11.06428719
v 114.69395848 40.86282349 10.51603889
v 113.80078527 15.10940552 -9.61285973
v 112.9057047 15.10733795 -9.61282158
v 114.24653264 15.10837364 -10.20562553
v 114.69395848 15.10940552 10.51603889
v 114.24737188 15.10837364 -9.61282158
v 114.24737188 15.10837364 -9.61282158
v 112.16450902 15.10733795 -9.61278343
v 109.63505956 15.10940742 -9.61278343
v 109.63505956 15.10940742 10.51603889
v 109.63502141 40.86282349 -9.61278343
v 109.63502141 40.86282349 10.51603889
v 111.33233281 41.46581268 11.78896523
v 111.33393499 41.46581268 11.40001869
v 110.42401525 41.46581268 11.44716835
v 110.42588445 41.46581268 11.06428719
v 110.03045293 41.46582031 10.79016304
v 110.03045293 40.86489105 10.79016304
v 110.42588445 40.86489105 11.06428719
v 111.33233281 40.86282349 11.78896523
v 111.33393499 40.86489105 11.40001869
v 110.42401525 40.85631943 11.44716835
v 110.08164617 41.46478271 -9.61282158
v 110.08164617 40.86386108 -9.61282158
v 110.0295374 40.85958099 11.16812325
v 110.0295374 41.46582031 11.16812325
v 110.0824854 41.46581268 -10.20562553
v 110.0824854 40.86386108 -10.20562553
v 110.42405339 15.11591434 11.44716835
v 110.02957555 15.11265945 11.16812325
v 109.63502141 40.86282349 10.88903999
v 109.63505956 15.10940742 10.88903999
v 111.33233281 15.10940742 11.78896523
v 109.63505956 15.10940742 -10.20562553
v 109.63502141 40.86282349 -10.20562553
v 109.63502141 41.46582031 10.88903999
v 109.63502141 41.46582031 10.51603889
v 109.63502141 41.46582031 -9.61278343
v 109.63502141 41.46582031 -10.20562553
v 111.33393499 40.86489105 11.40001869
v 111.42331334 40.86489105 -9.61282158
v 110.42588445 40.86489105 11.06428719
v 110.52823278 40.86282349 -9.61285973
v 110.03045293 40.86489105 10.79016304
v 110.08164617 40.86386108 -9.61282158
v 110.52823278 15.10940742 -9.61285973
v 111.42335149 15.10733795 -9.61282158
v 110.0824854 15.10837364 -10.20562553
v 110.08164617 15.10837364 -9.61282158
v 110.08164617 15.10837364 -9.61282158
v 112.99668523 14.50641155 11.78896523
v 112.99504491 14.50641155 11.40001869
v 113.9050028 14.50641155 11.44716835
v 113.90313359 14.50641441 11.06428719
v 114.29852697 14.50641155 10.79016304
v 114.29852697 15.10733795 10.79016304
v 113.90313359 15.10734081 11.06428719
v 112.16450902 14.50641155 11.78896523
v 112.16450902 14.50641155 11.40001869
v 112.99504491 15.10733795 11.40001869
v 112.16450902 15.10733795 11.40001869
v 114.24737188 14.50744629 -9.61282158
v 114.29948064 14.50641155 11.16812325
v 114.24653264 14.50641155 -10.20562553
v 114.69395848 14.50641155 10.88903999
v 114.69395848 14.50641155 10.51603889
v 114.69395848 14.50641155 -9.61278343
v 114.69395848 14.50641155 -10.20562553
v 112.99504491 15.10733795 11.40001869
v 112.16450902 15.10733795 11.40001869
v 113.90313359 15.10734081 11.06428719
v 114.29852697 15.10733795 10.79016304
v 110.4259226 14.50641441 11.06428719
v 111.33393499 14.50641155 11.40001869
v 110.42405339 14.50641155 11.44716835
v 111.33233281 14.50641155 11.78896523
v 110.03045293 14.50641155 10.79016304
v 110.03045293 15.10733795 10.79016304
v 110.4259226 15.10734081 11.06428719
v 111.33393499 15.10733795 11.40001869
v 110.08164617 14.50744629 -9.61282158
v 110.02957555 14.50641155 11.16812325
v 110.0824854 14.50641155 -10.20562553
v 109.63505956 14.50641155 10.51603889
v 109.63505956 14.50641155 10.88903999
v 109.63505956 14.50641155 -9.61278343
v 109.63505956 14.50641155 -10.20562553
v 111.33393499 15.10733795 11.40001869
v 110.03045293 15.10733795 10.79016304
v 110.4259226 15.10734081 11.06428719
v 109.23109266 39.73535156 11.06428719
v 108.59539243 39.73535156 11.40001869
v 109.23240873 39.73535156 11.44716835
v 108.59651776 39.73535156 11.78896523
v 109.5079157 39.73535156 10.79016304
v 109.5079157 39.13444138 10.79016304
v 109.23109266 39.13442993 11.06428719
v 108.59651776 39.13237 11.78896523
v 108.01395627 39.13237 11.78896523
v 108.01395627 39.73535156 11.78896523
v 108.59539243 39.13444138 11.40001869
v 108.01395627 39.73535156 11.40001869
v 108.01395627 39.13444138 11.40001869
v 109.23240873 39.12586594 11.44716835
v 109.47209569 39.73432159 -9.61282158
v 109.47209569 39.13339996 -9.61282158
v 109.5085642 39.73535156 11.16812325
v 109.5085642 39.12910843 11.16812325
v 109.47150441 39.73535156 -10.20562553
v 109.47150441 39.13339996 -10.20562553
v 109.5085642 15.11265945 11.16812325
v 109.23240873 15.11591434 11.44716835
v 109.78474828 39.13237 10.88903999
v 109.78474828 15.10940552 10.88903999
v 108.59651776 15.10940742 11.78896523
v 108.01395627 15.10940742 11.78896523
v 109.78474828 15.10940552 -10.20562553
v 109.78474828 39.13237 -10.20562553
v 109.78474828 15.10940552 -9.61278343
v 109.78474828 39.13237 -9.61278343
v 109.78474828 39.73535156 10.51603889
v 109.78474828 39.73535156 10.88903999
v 109.78474828 39.73535156 -9.61278343
v 109.78474828 39.73535156 -10.20562553
v 108.59539243 39.13444138 11.40001869
v 108.53281232 39.13444138 -9.61282158
v 108.01395627 39.13444138 11.40001869
v 108.01395627 39.13444138 -9.61278343
v 109.47209569 39.13339996 -9.61282158
v 109.15945264 39.13237 -9.61285973
v 109.5079157 39.13444138 10.79016304
v 109.23109266 39.13442993 11.06428719
v 109.78474828 39.13237 10.51603889
v 109.15945264 15.10940552 -9.61285973
v 108.53281232 15.10733795 -9.61282158
v 109.47152349 15.10837364 -10.20562553
v 109.78474828 15.10940552 10.51603889
v 109.47209569 15.10837364 -9.61282158
v 109.47209569 15.10837364 -9.61282158
v 108.01395627 15.10733795 -9.61278343
v 106.24315473 15.10940742 -9.61278343
v 106.24315473 15.10940742 10.51603889
v 106.24315473 39.13237 -9.61278343
v 106.24315473 39.13237 10.51603889
v 107.43135663 39.73535156 11.78896523
v 107.43252011 39.73535156 11.40001869
v 106.79548474 39.73535156 11.44716835
v 106.79680082 39.73535156 11.06428719
v 106.51996823 39.73535919 10.79016304
v 106.51996823 39.13444138 10.79016304
v 106.79680082 39.13442993 11.06428719
v 107.43135663 39.13237 11.78896523
v 107.43252011 39.13444138 11.40001869
v 106.79548474 39.12586594 11.44716835
v 106.55580732 39.73432159 -9.61282158
v 106.55580732 39.13339996 -9.61282158
v 106.51933881 39.12910843 11.16812325
v 106.51933881 39.73535919 11.16812325
v 106.55639859 39.73535156 -10.20562553
v 106.55639859 39.13339996 -10.20562553
v 106.79550382 15.11591434 11.44716835
v 106.51933881 15.11265945 11.16812325
v 106.24315473 39.13237 10.88903999
v 106.24315473 15.10940742 10.88903999
v 107.43137571 15.10940742 11.78896523
v 106.24315473 15.10940742 -10.20562553
v 106.24315473 39.13237 -10.20562553
v 106.24315473 39.73535919 10.88903999
v 106.24315473 39.73535919 10.51603889
v 106.24315473 39.73535919 -9.61278343
v 106.24315473 39.73535919 -10.20562553
v 107.43252011 39.13444138 11.40001869
v 107.49508115 39.13444138 -9.61282158
v 106.79680082 39.13442993 11.06428719
v 106.86844083 39.13237 -9.61285973
v 106.51996823 39.13444138 10.79016304
v 106.55580732 39.13339996 -9.61282158
v 106.8684599 15.10940742 -9.61285973
v 107.49508115 15.10733795 -9.61282158
v 106.55637952 15.10837364 -10.20562553
v 106.55580732 15.10837364 -9.61282158
v 106.55580732 15.10837364 -9.61282158
v 108.59651776 14.50641155 11.78896523
v 108.59539243 14.50641155 11.40001869
v 109.23240873 14.50641155 11.44716835
v 109.23109266 14.50641441 11.06428719
v 109.5079157 14.50641155 10.79016304
v 109.5079157 15.10733795 10.79016304
v 109.23109266 15.10734081 11.06428719
v 108.01395627 14.50641155 11.78896523
v 108.01395627 14.50641155 11.40001869
v 108.59539243 15.10733795 11.40001869
v 108.01395627 15.10733795 11.40001869
v 109.47209569 14.50744629 -9.61282158
v 109.5085642 14.50641155 11.16812325
v 109.47152349 14.50641155 -10.20562553
v 109.78474828 14.50641155 10.88903999
v 109.78474828 14.50641155 10.51603889
v 109.78474828 14.50641155 -9.61278343
v 109.78474828 14.50641155 -10.20562553
v 108.59539243 15.10733795 11.40001869
v 108.01395627 15.10733795 11.40001869
v 109.23109266 15.10734081 11.06428719
v 109.5079157 15.10733795 10.79016304
v 106.79680082 14.50641441 11.06428719
v 107.43252011 14.50641155 11.40001869
v 106.79550382 14.50641155 11.44716835
v 107.43137571 14.50641155 11.78896523
v 106.51996823 14.50641155 10.79016304
v 106.51996823 15.10733795 10.79016304
v 106.79680082 15.10734081 11.06428719
v 107.43252011 15.10733795 11.40001869
v 106.55580732 14.50744629 -9.61282158
v 106.51933881 14.50641155 11.16812325
v 106.55637952 14.50641155 -10.20562553
v 106.24315473 14.50641155 10.51603889
v 106.24315473 14.50641155 10.88903999
v 106.24315473 14.50641155 -9.61278343
v 106.24315473 14.50641155 -10.20562553
v 107.43252011 15.10733795 11.40001869
v 106.51996823 15.10733795 10.79016304
v 106.79680082 15.10734081 11.06428719
v 105.46995374 39.73535156 11.06428719
v 104.83427259 39.73535156 11.40001869
v 105.47126981 39.73535156 11.44716835
v 104.835417 39.73535156 11.78896523
v 105.74679586 39.73535156 10.79016304
v 105.74679586 39.13444138 10.79016304
v 105.46995374 39.13442993 11.06428719
v 104.835417 39.13237 11.78896523
v 104.25281736 39.13237 11.78896523
v 104.25281736 39.73535156 11.78896523
v 104.83427259 39.13444138 11.40001869
v 104.25281736 39.73535156 11.40001869
v 104.25281736 39.13444138 11.40001869
v 105.47126981 39.12586594 11.44716835
v 105.71097585 39.73432159 -9.61282158
v 105.71097585 39.13339996 -9.61282158
v 105.74746343 39.73535156 11.16812325
v 105.74746343 39.12910843 11.16812325
v 105.71038457 39.73535156 -10.20562553
v 105.71038457 39.13339996 -10.20562553
v 105.74746343 15.11265945 11.16812325
v 105.47126981 15.11591434 11.44716835
v 106.02362844 39.13237 10.88903999
v 106.02364751 15.10940552 10.88903999
v 104.835417 15.10940742 11.78896523
v 104.25281736 15.10940742 11.78896523
v 106.02364751 15.10940552 -10.20562553
v 106.02362844 39.13237 -10.20562553
v 106.02364751 15.10940552 -9.61278343
v 106.02362844 39.13237 -9.61278343
v 106.02362844 39.73535156 10.51603889
v 106.02362844 39.73535156 10.88903999
v 106.02362844 39.73535156 -9.61278343
v 106.02362844 39.73535156 -10.20562553
v 104.83427259 39.13444138 11.40001869
v 104.77169248 39.13444138 -9.61282158
v 104.25281736 39.13444138 11.40001869
v 104.25281736 39.13444138 -9.61278343
v 105.71097585 39.13339996 -9.61282158
v 105.3983328 39.13237 -9.61285973
v 105.74679586 39.13444138 10.79016304
v 105.46995374 39.13442993 11.06428719
v 106.02362844 39.13237 10.51603889
v 105.3983328 15.10940552 -9.61285973
v 104.77171155 15.10733795 -9.61282158
v 105.71038457 15.10837364 -10.20562553
v 106.02364751 15.10940552 10.51603889
v 105.71099492 15.10837364 -9.61282158
v 105.71099492 15.10837364 -9.61282158
v 104.25281736 15.10733795 -9.61278343
v 102.48203489 15.10940742 -9.61278343
v 102.48203489 15.10940742 10.51603889
v 102.48201581 39.13237 -9.61278343
v 102.48201581 39.13237 10.51603889
v 103.67025586 39.73535156 11.78896523
v 103.6713812 39.73535156 11.40001869
v 103.03438398 39.73535156 11.44716835
v 103.03570005 39.73535156 11.06428719
v 102.75886747 39.73535919 10.79016304
v 102.75886747 39.13444138 10.79016304
v 103.03570005 39.13442993 11.06428719
v 103.67025586 39.13237 11.78896523
v 103.6713812 39.13444138 11.40001869
v 103.03438398 39.12586594 11.44716835
v 102.7946684 39.73432159 -9.61282158
v 102.7946684 39.13339996 -9.61282158
v 102.75819989 39.12910843 11.16812325
v 102.75819989 39.73535919 11.16812325
v 102.79525968 39.73535156 -10.20562553
v 102.79525968 39.13339996 -10.20562553
v 103.03438398 15.11591434 11.44716835
v 102.75819989 15.11265945 11.16812325
v 102.48201581 39.13237 10.88903999
v 102.48203489 15.10940742 10.88903999
v 103.67023679 15.10940742 11.78896523
v 102.48203489 15.10940742 -10.20562553
v 102.48201581 39.13237 -10.20562553
v 102.48201581 39.73535919 10.88903999
v 102.48201581 39.73535919 10.51603889
v 102.48201581 39.73535919 -9.61278343
v 102.48201581 39.73535919 -10.20562553
v 103.6713812 39.13444138 11.40001869
v 103.73396131 39.13444138 -9.61282158
v 103.03570005 39.13442993 11.06428719
v 103.10732099 39.13237 -9.61285973
v 102.75886747 39.13444138 10.79016304
v 102.7946684 39.13339996 -9.61282158
v 103.10732099 15.10940742 -9.61285973
v 103.73396131 15.10733795 -9.61282158
v 102.79527875 15.10837364 -10.20562553
v 102.7946684 15.10837364 -9.61282158
v 102.7946684 15.10837364 -9.61282158
v 104.835417 14.50641155 11.78896523
v 104.83427259 14.50641155 11.40001869
v 105.47126981 14.50641155 11.44716835
v 105.46995374 14.50641441 11.06428719
v 105.74679586 14.50641155 10.79016304
v 105.74679586 15.10733795 10.79016304
v 105.46995374 15.10734081 11.06428719
v 104.25281736 14.50641155 11.78896523
v 104.25281736 14.50641155 11.40001869
v 104.83427259 15.10733795 11.40001869
v 104.25281736 15.10733795 11.40001869
v 105.71099492 14.50744629 -9.61282158
v 105.74746343 14.50641155 11.16812325
v 105.71038457 14.50641155 -10.20562553
v 106.02364751 14.50641155 10.88903999
v 106.02364751 14.50641155 10.51603889
v 106.02364751 14.50641155 -9.61278343
v 106.02364751 14.50641155 -10.20562553
v 104.83427259 15.10733795 11.40001869
v 104.25281736 15.10733795 11.40001869
v 105.46995374 15.10734081 11.06428719
v 105.74679586 15.10733795 10.79016304
v 103.03570005 14.50641441 11.06428719
v 103.6713812 14.50641155 11.40001869
v 103.03438398 14.50641155 11.44716835
v 103.67023679 14.50641155 11.78896523
v 102.75886747 14.50641155 10.79016304
v 102.75886747 15.10733795 10.79016304
v 103.03570005 15.10734081 11.06428719
v 103.6713812 15.10733795 11.40001869
v 102.7946684 14.50744629 -9.61282158
v 102.75819989 14.50641155 11.16812325
v 102.79527875 14.50641155 -10.20562553
v 102.48203489 14.50641155 10.51603889
v 102.48203489 14.50641155 10.88903999
v 102.48203489 14.50641155 -9.61278343
v 102.48203489 14.50641155 -10.20562553
v 103.6713812 15.10733795 11.40001869
v 102.75886747 15.10733795 10.79016304
v 103.03570005 15.10734081 11.06428719
v 168.6950018 72.36856079 11.06428719
v 167.78695127 72.36856079 11.40001869
v 168.69687101 72.36856079 11.44716835
v 167.78859159 72.36856079 11.78896523
v 169.09043332 72.36856079 10.79016304
v 169.09043332 71.76763916 10.79016304
v 168.6950018 71.76763916 11.06428719
v 167.78859159 71.76557159 11.78896523
v 166.95641538 71.76557159 11.78896523
v 166.95641538 72.36856079 11.78896523
v 167.78695127 71.76763916 11.40001869
v 166.95641538 72.36856079 11.40001869
v 166.95641538 71.76763916 11.40001869
v 168.69687101 71.75906372 11.44716835
v 169.03927823 72.36753082 -9.61282158
v 169.03927823 71.76660919 -9.61282158
v 169.091387 72.36856079 11.16812325
v 169.091387 71.7623291 11.16812325
v 169.03840085 72.36856079 -10.20562553
v 169.03840085 71.76660919 -10.20562553
v 169.091387 46.01540375 11.16812325
v 168.69687101 46.0186615 11.44716835
v 169.48586484 71.76557159 10.88903999
v 169.48586484 46.01215363 10.88903999
v 167.78859159 46.01215363 11.78896523
v 166.95641538 46.01215363 11.78896523
v 169.48586484 46.01215363 -10.20562553
v 169.48586484 71.76557159 -10.20562553
v 169.48586484 46.01215363 -9.61278343
v 169.48586484 71.76557159 -9.61278343
v 169.48586484 72.36856079 10.51603889
v 169.48586484 72.36856079 10.88903999
v 169.48586484 72.36856079 -9.61278343
v 169.48586484 72.36856079 -10.20562553
v 167.78695127 71.76763916 11.40001869
v 167.69757291 71.76763916 -9.61282158
v 166.95641538 71.76763916 11.40001869
v 166.95641538 71.76763916 -9.61278343
v 169.03927823 71.76660919 -9.61282158
v 168.59269162 71.76557159 -9.61285973
v 169.09043332 71.76763916 10.79016304
v 168.6950018 71.76763916 11.06428719
v 169.48586484 71.76557159 10.51603889
v 168.59269162 46.01215363 -9.61285973
v 167.69757291 46.01008987 -9.61282158
v 169.038439 46.01112366 -10.20562553
v 169.48586484 46.01215363 10.51603889
v 169.03927823 46.01112366 -9.61282158
v 169.03927823 46.01112366 -9.61282158
v 166.95641538 46.01008987 -9.61278343
v 164.42696782 46.01215363 -9.61278343
v 164.42696782 46.01215363 10.51603889
v 164.42692968 71.76557159 -9.61278343
v 164.42692968 71.76557159 10.51603889
v 166.12423917 72.36856079 11.78896523
v 166.12584134 72.36856079 11.40001869
v 165.2159216 72.36856079 11.44716835
v 165.21779081 72.36856079 11.06428719
v 164.82235929 72.36856842 10.79016304
v 164.82235929 71.76763916 10.79016304
v 165.21779081 71.76763916 11.06428719
v 166.12423917 71.76557159 11.78896523
v 166.12584134 71.76763916 11.40001869
v 165.2159216 71.75906372 11.44716835
v 164.87355252 72.36753082 -9.61282158
v 164.87355252 71.76660919 -9.61282158
v 164.82144376 71.7623291 11.16812325
v 164.82144376 72.36856842 11.16812325
v 164.87439176 72.36856079 -10.20562553
v 164.87439176 71.76660919 -10.20562553
v 165.2159216 46.0186615 11.44716835
v 164.82144376 46.01540375 11.16812325
v 164.42692968 71.76557159 10.88903999
v 164.42696782 46.01215363 10.88903999
v 166.12423917 46.01215363 11.78896523
v 164.42696782 46.01215363 -10.20562553
v 164.42692968 71.76557159 -10.20562553
v 164.42692968 72.36856842 10.88903999
v 164.42692968 72.36856842 10.51603889
v 164.42692968 72.36856842 -9.61278343
v 164.42692968 72.36856842 -10.20562553
v 166.12584134 71.76763916 11.40001869
v 166.2152197 71.76763916 -9.61282158
v 165.21779081 71.76763916 11.06428719
v 165.32013913 71.76557159 -9.61285973
v 164.82235929 71.76763916 10.79016304
v 164.87355252 71.76660919 -9.61282158
v 165.32013913 46.01215363 -9.61285973
v 166.21525785 46.01008987 -9.61282158
v 164.87439176 46.01112366 -10.20562553
v 164.87355252 46.01112366 -9.61282158
v 164.87355252 46.01112366 -9.61282158
v 167.78859159 45.40916061 11.78896523
v 167.78695127 45.40916061 11.40001869
v 168.69687101 45.40916061 11.44716835
v 168.6950018 45.40916443 11.06428719
v 169.09043332 45.40916061 10.79016304
v 169.09043332 46.01008987 10.79016304
v 168.6950018 46.01009369 11.06428719
v 166.95641538 45.40916061 11.78896523
v 166.95641538 45.40916061 11.40001869
v 167.78695127 46.01008987 11.40001869
v 166.95641538 46.01008987 11.40001869
v 169.03927823 45.4101944 -9.61282158
v 169.091387 45.40916061 11.16812325
v 169.038439 45.40916061 -10.20562553
v 169.48586484 45.40916061 10.88903999
v 169.48586484 45.40916061 10.51603889
v 169.48586484 45.40916061 -9.61278343
v 169.48586484 45.40916061 -10.20562553
v 167.78695127 46.01008987 11.40001869
v 166.95641538 46.01008987 11.40001869
v 168.6950018 46.01009369 11.06428719
v 169.09043332 46.01008987 10.79016304
v 165.21782895 45.40916443 11.06428719
v 166.12584134 45.40916061 11.40001869
v 165.2159216 45.40916061 11.44716835
v 166.12423917 45.40916061 11.78896523
v 164.82235929 45.40916061 10.79016304
v 164.82235929 46.01008987 10.79016304
v 165.21782895 46.01009369 11.06428719
v 166.12584134 46.01008987 11.40001869
v 164.87355252 45.4101944 -9.61282158
v 164.82144376 45.40916061 11.16812325
v 164.87439176 45.40916061 -10.20562553
v 164.42696782 45.40916061 10.51603889
v 164.42696782 45.40916061 10.88903999
v 164.42696782 45.40916061 -9.61278343
v 164.42696782 45.40916061 -10.20562553
v 166.12584134 46.01008987 11.40001869
v 164.82235929 46.01008987 10.79016304
v 165.21782895 46.01009369 11.06428719
v 160.60918065 70.03942871 10.77021217
v 159.95581838 70.03942871 11.0117588
v 160.6105158 70.03942871 11.04570961
v 159.95698186 70.03942871 11.291605
v 160.89369985 70.03942871 10.57299232
v 160.89369985 69.60703278 10.57299232
v 160.60916158 69.60703278 10.77021217
v 159.95698186 69.60554504 11.291605
v 159.35822698 69.60554504 11.291605
v 159.35822698 70.03942871 11.291605
v 159.95581838 69.60703278 11.0117588
v 159.35822698 70.03942871 11.0117588
v 159.35822698 69.60703278 11.0117588
v 160.6105158 69.60089111 11.04570961
v 160.85686895 70.03866577 -9.07056046
v 160.85686895 69.60630798 -9.07056046
v 160.89436742 70.03942871 10.84490395
v 160.89436742 69.60321808 10.84490395
v 160.85625859 70.03942871 -9.49712181
v 160.85625859 69.60630798 -9.49712181
v 160.89436742 46.08719254 10.84490395
v 160.6105158 46.08953857 11.04570961
v 161.17819997 69.60554504 10.64413643
v 161.17821904 46.08486557 10.64413643
v 159.95698186 46.08486557 11.291605
v 159.35822698 46.08486557 11.291605
v 161.17821904 46.08486557 -9.49712181
v 161.17819997 69.60554504 -9.49712181
v 161.17821904 46.08486557 -9.07056046
v 161.17819997 69.60554504 -9.07056046
v 161.17819997 70.03942871 10.37573624
v 161.17819997 70.03942871 10.64413643
v 161.17819997 70.03942871 -9.07056046
v 161.17819997 70.03942871 -9.49712181
v 159.95581838 69.60703278 11.0117588
v 159.89150258 69.60703278 -9.0705986
v 159.35822698 69.60703278 11.0117588
v 159.35822698 69.60703278 -9.07056046
v 160.85686895 69.60630798 -9.07056046
v 160.535557 69.60554504 -9.0705986
v 160.89369985 69.60703278 10.57299232
v 160.60916158 69.60703278 10.77021217
v 161.17819997 69.60554504 10.37573624
v 160.535557 46.08486557 -9.0705986
v 159.89150258 46.08337784 -9.0705986
v 160.85627767 46.0841217 -9.49712181
v 161.17821904 46.08486557 10.37573624
v 160.85688802 46.0841217 -9.07056046
v 160.85688802 46.0841217 -9.07056046
v 159.35822698 46.08337784 -9.07056046
v 157.53823491 46.08486557 -9.07056046
v 157.53823491 46.08486557 10.37573624
v 157.53823491 69.60554504 -9.07056046
v 157.53823491 69.60554504 10.37573624
v 158.75945302 70.03942871 11.291605
v 158.76063558 70.03942871 11.0117588
v 158.10593816 70.03942871 11.04570961
v 158.1072733 70.03942871 10.77021217
v 157.82275411 70.03942871 10.57299232
v 157.82275411 69.60703278 10.57299232
v 158.1072733 69.60703278 10.77021217
v 158.75945302 69.60554504 11.291605
v 158.76063558 69.60703278 11.0117588
v 158.10593816 69.60089111 11.04570961
v 157.85956594 70.03866577 -9.07056046
v 157.85956594 69.60630798 -9.07056046
v 157.82208654 69.60321808 10.84490395
v 157.82208654 70.03942871 10.84490395
v 157.86017629 70.03942871 -9.49712181
v 157.86017629 69.60630798 -9.49712181
v 158.10593816 46.08953857 11.04570961
v 157.82208654 46.08719254 10.84490395
v 157.53823491 69.60554504 10.64413643
v 157.53823491 46.08486557 10.64413643
v 158.7594721 46.08486557 11.291605
v 157.53823491 46.08486557 -9.49712181
v 157.53823491 69.60554504 -9.49712181
v 157.53823491 70.03942871 10.64413643
v 157.53823491 70.03942871 10.37573624
v 157.53823491 70.03942871 -9.07056046
v 157.53823491 70.03942871 -9.49712181
v 158.76063558 69.60703278 11.0117588
v 158.8249323 69.60703278 -9.0705986
v 158.1072733 69.60703278 10.77021217
v 158.18089696 69.60554504 -9.0705986
v 157.82275411 69.60703278 10.57299232
v 157.85956594 69.60630798 -9.07056046
v 158.18089696 46.08486557 -9.0705986
v 158.82495137 46.08337784 -9.0705986
v 157.86017629 46.0841217 -9.49712181
v 157.85956594 46.0841217 -9.07056046
v 157.85956594 46.0841217 -9.07056046
v 159.95698186 45.65100098 11.291605
v 159.95581838 45.65100098 11.0117588
v 160.6105158 45.65100098 11.04570961
v 160.60916158 45.65100098 10.77021217
v 160.89369985 45.65100098 10.57299232
v 160.89369985 46.08337784 10.57299232
v 160.60918065 46.08337784 10.77021217
v 159.35822698 45.65100098 11.291605
v 159.35822698 45.65100098 11.0117588
v 159.95581838 46.08337784 11.0117588
v 159.35822698 46.08337784 11.0117588
v 160.85688802 45.65174484 -9.07056046
v 160.89436742 45.65100098 10.84490395
v 160.85627767 45.65100098 -9.49712181
v 161.17821904 45.65100098 10.64413643
v 161.17821904 45.65100098 10.37573624
v 161.17821904 45.65100098 -9.07056046
v 161.17821904 45.65100098 -9.49712181
v 159.95581838 46.08337784 11.0117588
v 159.35822698 46.08337784 11.0117588
v 160.60918065 46.08337784 10.77021217
v 160.89369985 46.08337784 10.57299232
v 158.1072733 45.65100098 10.77021217
v 158.76063558 45.65100098 11.0117588
v 158.10593816 45.65100098 11.04570961
v 158.75945302 45.65100098 11.291605
v 157.82275411 45.65100098 10.57299232
v 157.82275411 46.08337784 10.57299232
v 158.10729238 46.08337784 10.77021217
v 158.76063558 46.08337784 11.0117588
v 157.85956594 45.65174484 -9.07056046
v 157.82208654 45.65100098 10.84490395
v 157.86017629 45.65100098 -9.49712181
v 157.53823491 45.65100098 10.37573624
v 157.53823491 45.65100098 10.64413643
v 157.53823491 45.65100098 -9.07056046
v 157.53823491 45.65100098 -9.49712181
v 158.76063558 46.08337784 11.0117588
v 157.82275411 46.08337784 10.57299232
v 158.10729238 46.08337784 10.77021217
v 157.29474279 70.03942871 10.77021217
v 156.64138051 70.03942871 11.0117588
v 157.29607793 70.03942871 11.04570961
v 156.64254399 70.03942871 11.291605
v 157.57926198 70.03942871 10.57299232
v 157.57926198 69.60703278 10.57299232
v 157.29472371 69.60703278 10.77021217
v 156.64254399 69.60554504 11.291605
v 156.04378911 69.60554504 11.291605
v 156.04378911 70.03942871 11.291605
v 156.64138051 69.60703278 11.0117588
v 156.04378911 70.03942871 11.0117588
v 156.04378911 69.60703278 11.0117588
v 157.29607793 69.60089111 11.04570961
v 157.54243108 70.03866577 -9.07056046
v 157.54243108 69.60630798 -9.07056046
v 157.57992955 70.03942871 10.84490395
v 157.57992955 69.60321808 10.84490395
v 157.54182073 70.03942871 -9.49712181
v 157.54182073 69.60630798 -9.49712181
v 157.57992955 46.08719254 10.84490395
v 157.29607793 46.08953857 11.04570961
v 157.8637621 69.60554504 10.64413643
v 157.86378118 46.08486557 10.64413643
v 156.64254399 46.08486557 11.291605
v 156.04378911 46.08486557 11.291605
v 157.86378118 46.08486557 -9.49712181
v 157.8637621 69.60554504 -9.49712181
v 157.86378118 46.08486557 -9.07056046
v 157.8637621 69.60554504 -9.07056046
v 157.8637621 70.03942871 10.37573624
v 157.8637621 70.03942871 10.64413643
v 157.8637621 70.03942871 -9.07056046
v 157.8637621 70.03942871 -9.49712181
v 156.64138051 69.60703278 11.0117588
v 156.57706472 69.60703278 -9.0705986
v 156.04378911 69.60703278 11.0117588
v 156.04378911 69.60703278 -9.07056046
v 157.54243108 69.60630798 -9.07056046
v 157.22111913 69.60554504 -9.0705986
v 157.57926198 69.60703278 10.57299232
v 157.29472371 69.60703278 10.77021217
v 157.8637621 69.60554504 10.37573624
v 157.22111913 46.08486557 -9.0705986
v 156.57706472 46.08337784 -9.0705986
v 157.5418398 46.0841217 -9.49712181
v 157.86378118 46.08486557 10.37573624
v 157.54245015 46.0841217 -9.07056046
v 157.54245015 46.0841217 -9.07056046
v 156.04378911 46.08337784 -9.07056046
v 154.22379705 46.08486557 -9.07056046
v 154.22379705 46.08486557 10.37573624
v 154.22379705 69.60554504 -9.07056046
v 154.22379705 69.60554504 10.37573624
v 155.44501516 70.03942871 11.291605
v 155.44619771 70.03942871 11.0117588
v 154.79150029 70.03942871 11.04570961
v 154.79283544 70.03942871 10.77021217
v 154.50831624 70.03942871 10.57299232
v 154.50831624 69.60703278 10.57299232
v 154.79283544 69.60703278 10.77021217
v 155.44501516 69.60554504 11.291605
v 155.44619771 69.60703278 11.0117588
v 154.79150029 69.60089111 11.04570961
v 154.54512807 70.03866577 -9.07056046
v 154.54512807 69.60630798 -9.07056046
v 154.50764867 69.60321808 10.84490395
v 154.50764867 70.03942871 10.84490395
v 154.54573842 70.03942871 -9.49712181
v 154.54573842 69.60630798 -9.49712181
v 154.79150029 46.08953857 11.04570961
v 154.50764867 46.08719254 10.84490395
v 154.22379705 69.60554504 10.64413643
v 154.22379705 46.08486557 10.64413643
v 155.44503423 46.08486557 11.291605
v 154.22379705 46.08486557 -9.49712181
v 154.22379705 69.60554504 -9.49712181
v 154.22379705 70.03942871 10.64413643
v 154.22379705 70.03942871 10.37573624
v 154.22379705 70.03942871 -9.07056046
v 154.22379705 70.03942871 -9.49712181
v 155.44619771 69.60703278 11.0117588
v 155.51049443 69.60703278 -9.0705986
v 154.79283544 69.60703278 10.77021217
v 154.86645909 69.60554504 -9.0705986
v 154.50831624 69.60703278 10.57299232
v 154.54512807 69.60630798 -9.07056046
v 154.86645909 46.08486557 -9.0705986
v 155.51051351 46.08337784 -9.0705986
v 154.54573842 46.0841217 -9.49712181
v 154.54512807 46.0841217 -9.07056046
v 154.54512807 46.0841217 -9.07056046
v 156.64254399 45.65100098 11.291605
v 156.64138051 45.65100098 11.0117588
v 157.29607793 45.65100098 11.04570961
v 157.29472371 45.65100098 10.77021217
v 157.57926198 45.65100098 10.57299232
v 157.57926198 46.08337784 10.57299232
v 157.29474279 46.08337784 10.77021217
v 156.04378911 45.65100098 11.291605
v 156.04378911 45.65100098 11.0117588
v 156.64138051 46.08337784 11.0117588
v 156.04378911 46.08337784 11.0117588
v 157.54245015 45.65174484 -9.07056046
v 157.57992955 45.65100098 10.84490395
v 157.5418398 45.65100098 -9.49712181
v 157.86378118 45.65100098 10.64413643
v 157.86378118 45.65100098 10.37573624
v 157.86378118 45.65100098 -9.07056046
v 157.86378118 45.65100098 -9.49712181
v 156.64138051 46.08337784 11.0117588
v 156.04378911 46.08337784 11.0117588
v 157.29474279 46.08337784 10.77021217
v 157.57926198 46.08337784 10.57299232
v 154.79283544 45.65100098 10.77021217
v 155.44619771 45.65100098 11.0117588
v 154.79150029 45.65100098 11.04570961
v 155.44501516 45.65100098 11.291605
v 154.50831624 45.65100098 10.57299232
v 154.50831624 46.08337784 10.57299232
v 154.79285451 46.08337784 10.77021217
v 155.44619771 46.08337784 11.0117588
v 154.54512807 45.65174484 -9.07056046
v 154.50764867 45.65100098 10.84490395
v 154.54573842 45.65100098 -9.49712181
v 154.22379705 45.65100098 10.37573624
v 154.22379705 45.65100098 10.64413643
v 154.22379705 45.65100098 -9.07056046
v 154.22379705 45.65100098 -9.49712181
v 155.44619771 46.08337784 11.0117588
v 154.50831624 46.08337784 10.57299232
v 154.79285451 46.08337784 10.77021217
v 153.98028585 70.03942871 10.77021217
v 153.32692357 70.03942871 11.0117588
v 153.98162099 70.03942871 11.04570961
v 153.32808706 70.03942871 11.291605
v 154.26480504 70.03942871 10.57299232
v 154.26480504 69.60703278 10.57299232
v 153.98026677 69.60703278 10.77021217
v 153.32808706 69.60554504 11.291605
v 152.72933217 69.60554504 11.291605
v 152.72933217 70.03942871 11.291605
v 153.32692357 69.60703278 11.0117588
v 152.72933217 70.03942871 11.0117588
v 152.72933217 69.60703278 11.0117588
v 153.98162099 69.60089111 11.04570961
v 154.22797414 70.03866577 -9.07056046
v 154.22797414 69.60630798 -9.07056046
v 154.26547261 70.03942871 10.84490395
v 154.26547261 69.60321808 10.84490395
v 154.22736379 70.03942871 -9.49712181
v 154.22736379 69.60630798 -9.49712181
v 154.26547261 46.08719254 10.84490395
v 153.98162099 46.08953857 11.04570961
v 154.54930516 69.60554504 10.64413643
v 154.54932424 46.08486557 10.64413643
v 153.32808706 46.08486557 11.291605
v 152.72933217 46.08486557 11.291605
v 154.54932424 46.08486557 -9.49712181
v 154.54930516 69.60554504 -9.49712181
v 154.54932424 46.08486557 -9.07056046
v 154.54930516 69.60554504 -9.07056046
v 154.54930516 70.03942871 10.37573624
v 154.54930516 70.03942871 10.64413643
v 154.54930516 70.03942871 -9.07056046
v 154.54930516 70.03942871 -9.49712181
v 153.32692357 69.60703278 11.0117588
v 153.26260778 69.60703278 -9.0705986
v 152.72933217 69.60703278 11.0117588
v 152.72933217 69.60703278 -9.07056046
v 154.22797414 69.60630798 -9.07056046
v 153.90666219 69.60554504 -9.0705986
v 154.26480504 69.60703278 10.57299232
v 153.98026677 69.60703278 10.77021217
v 154.54930516 69.60554504 10.37573624
v 153.90666219 46.08486557 -9.0705986
v 153.26260778 46.08337784 -9.0705986
v 154.22738286 46.0841217 -9.49712181
v 154.54932424 46.08486557 10.37573624
v 154.22799321 46.0841217 -9.07056046
v 154.22799321 46.0841217 -9.07056046
v 152.72933217 46.08337784 -9.07056046
v 150.90934011 46.08486557 -9.07056046
v 150.90934011 46.08486557 10.37573624
v 150.90934011 69.60554504 -9.07056046
v 150.90934011 69.60554504 10.37573624
v 152.13055822 70.03942871 11.291605
v 152.13174077 70.03942871 11.0117588
v 151.47704335 70.03942871 11.04570961
v 151.4783785 70.03942871 10.77021217
v 151.1938593 70.03942871 10.57299232
v 151.1938593 69.60703278 10.57299232
v 151.4783785 69.60703278 10.77021217
v 152.13055822 69.60554504 11.291605
v 152.13174077 69.60703278 11.0117588
v 151.47704335 69.60089111 11.04570961
v 151.23067113 70.03866577 -9.07056046
v 151.23067113 69.60630798 -9.07056046
v 151.19319173 69.60321808 10.84490395
v 151.19319173 70.03942871 10.84490395
v 151.23128148 70.03942871 -9.49712181
v 151.23128148 69.60630798 -9.49712181
v 151.47704335 46.08953857 11.04570961
v 151.19319173 46.08719254 10.84490395
v 150.90934011 69.60554504 10.64413643
v 150.90934011 46.08486557 10.64413643
v 152.13057729 46.08486557 11.291605
v 150.90934011 46.08486557 -9.49712181
v 150.90934011 69.60554504 -9.49712181
v 150.90934011 70.03942871 10.64413643
v 150.90934011 70.03942871 10.37573624
v 150.90934011 70.03942871 -9.07056046
v 150.90934011 70.03942871 -9.49712181
v 152.13174077 69.60703278 11.0117588
v 152.19603749 69.60703278 -9.0705986
v 151.4783785 69.60703278 10.77021217
v 151.55200216 69.60554504 -9.0705986
v 151.1938593 69.60703278 10.57299232
v 151.23067113 69.60630798 -9.07056046
v 151.55200216 46.08486557 -9.0705986
v 152.19605657 46.08337784 -9.0705986
v 151.23128148 46.0841217 -9.49712181
v 151.23067113 46.0841217 -9.07056046
v 151.23067113 46.0841217 -9.07056046
v 153.32808706 45.65100098 11.291605
v 153.32692357 45.65100098 11.0117588
v 153.98162099 45.65100098 11.04570961
v 153.98026677 45.65100098 10.77021217
v 154.26480504 45.65100098 10.57299232
v 154.26480504 46.08337784 10.57299232
v 153.98028585 46.08337784 10.77021217
v 152.72933217 45.65100098 11.291605
v 152.72933217 45.65100098 11.0117588
v 153.32692357 46.08337784 11.0117588
v 152.72933217 46.08337784 11.0117588
v 154.22799321 45.65174484 -9.07056046
v 154.26547261 45.65100098 10.84490395
v 154.22738286 45.65100098 -9.49712181
v 154.54932424 45.65100098 10.64413643
v 154.54932424 45.65100098 10.37573624
v 154.54932424 45.65100098 -9.07056046
v 154.54932424 45.65100098 -9.49712181
v 153.32692357 46.08337784 11.0117588
v 152.72933217 46.08337784 11.0117588
v 153.98028585 46.08337784 10.77021217
v 154.26480504 46.08337784 10.57299232
v 151.4783785 45.65100098 10.77021217
v 152.13174077 45.65100098 11.0117588
v 151.47704335 45.65100098 11.04570961
v 152.13055822 45.65100098 11.291605
v 151.1938593 45.65100098 10.57299232
v 151.1938593 46.08337784 10.57299232
v 151.47839757 46.08337784 10.77021217
v 152.13174077 46.08337784 11.0117588
v 151.23067113 45.65174484 -9.07056046
v 151.19319173 45.65100098 10.84490395
v 151.23128148 45.65100098 -9.49712181
v 150.90934011 45.65100098 10.37573624
v 150.90934011 45.65100098 10.64413643
v 150.90934011 45.65100098 -9.07056046
v 150.90934011 45.65100098 -9.49712181
v 152.13174077 46.08337784 11.0117588
v 151.1938593 46.08337784 10.57299232
v 151.47839757 46.08337784 10.77021217
v 150.79822751 70.70993805 11.06428719
v 150.16252729 70.70993805 11.40001869
v 150.79954358 70.70993805 11.44716835
v 150.1636717 70.70993805 11.78896523
v 151.07505056 70.70993805 10.79016304
v 151.07505056 70.10903168 10.79016304
v 150.79822751 70.10901642 11.06428719
v 150.1636717 70.10695648 11.78896523
v 149.58109113 70.10695648 11.78896523
v 149.58109113 70.70993805 11.78896523
v 150.16252729 70.10903168 11.40001869
v 149.58109113 70.70993805 11.40001869
v 149.58109113 70.10903168 11.40001869
v 150.79954358 70.10045624 11.44716835
v 151.03923055 70.70890808 -9.61282158
v 151.03923055 70.10798645 -9.61282158
v 151.07571813 70.70993805 11.16812325
v 151.07571813 70.10369873 11.16812325
v 151.03863927 70.70993805 -10.20562553
v 151.03863927 70.10798645 -10.20562553
v 151.07571813 46.08724594 11.16812325
v 150.79954358 46.09049988 11.44716835
v 151.35188314 70.10695648 10.88903999
v 151.35190221 46.083992 10.88903999
v 150.1636717 46.083992 11.78896523
v 149.58109113 46.083992 11.78896523
v 151.35190221 46.083992 -10.20562553
v 151.35188314 70.10695648 -10.20562553
v 151.35190221 46.083992 -9.61278343
v 151.35188314 70.10695648 -9.61278343
v 151.35188314 70.70993805 10.51603889
v 151.35188314 70.70993805 10.88903999
v 151.35188314 70.70993805 -9.61278343
v 151.35188314 70.70993805 -10.20562553
v 150.16252729 70.10903168 11.40001869
v 150.09994718 70.10903168 -9.61282158
v 149.58109113 70.10903168 11.40001869
v 149.58109113 70.10903168 -9.61278343
v 151.03923055 70.10798645 -9.61282158
v 150.7265875 70.10695648 -9.61285973
v 151.07505056 70.10903168 10.79016304
v 150.79822751 70.10901642 11.06428719
v 151.35188314 70.10695648 10.51603889
v 150.7265875 46.083992 -9.61285973
v 150.09996625 46.08192444 -9.61282158
v 151.03865834 46.08295441 -10.20562553
v 151.35190221 46.083992 10.51603889
v 151.03924962 46.08295441 -9.61282158
v 151.03924962 46.08295441 -9.61282158
v 149.58109113 46.08192444 -9.61278343
v 147.81028959 46.083992 -9.61278343
v 147.81028959 46.083992 10.51603889
v 147.81028959 70.10695648 -9.61278343
v 147.81028959 70.10695648 10.51603889
v 148.99851056 70.70993805 11.78896523
v 148.99965497 70.70993805 11.40001869
v 148.36263868 70.70993805 11.44716835
v 148.36395475 70.70993805 11.06428719
v 148.08712217 70.70994568 10.79016304
v 148.08712217 70.10903168 10.79016304
v 148.36395475 70.10901642 11.06428719
v 148.99851056 70.10695648 11.78896523
v 148.99965497 70.10903168 11.40001869
v 148.36263868 70.10045624 11.44716835
v 148.12294217 70.70890808 -9.61282158
v 148.12294217 70.10798645 -9.61282158
v 148.08647367 70.10369873 11.16812325
v 148.08647367 70.70994568 11.16812325
v 148.12353345 70.70993805 -10.20562553
v 148.12353345 70.10798645 -10.20562553
v 148.36263868 46.09049988 11.44716835
v 148.08647367 46.08724594 11.16812325
v 147.81028959 70.10695648 10.88903999
v 147.81028959 46.083992 10.88903999
v 148.99851056 46.083992 11.78896523
v 147.81028959 46.083992 -10.20562553
v 147.81028959 70.10695648 -10.20562553
v 147.81028959 70.70994568 10.88903999
v 147.81028959 70.70994568 10.51603889
v 147.81028959 70.70994568 -9.61278343
v 147.81028959 70.70994568 -10.20562553
v 148.99965497 70.10903168 11.40001869
v 149.06221601 70.10903168 -9.61282158
v 148.36395475 70.10901642 11.06428719
v 148.43557569 70.10695648 -9.61285973
v 148.08712217 70.10903168 10.79016304
v 148.12294217 70.10798645 -9.61282158
v 148.43559476 46.083992 -9.61285973
v 149.06221601 46.08192444 -9.61282158
v 148.12353345 46.08295441 -10.20562553
v 148.12294217 46.08295441 -9.61282158
v 148.12294217 46.08295441 -9.61282158
v 150.1636717 45.48099518 11.78896523
v 150.16252729 45.48099518 11.40001869
v 150.79954358 45.48099518 11.44716835
v 150.79822751 45.48099518 11.06428719
v 151.07505056 45.48099518 10.79016304
v 151.07505056 46.08192444 10.79016304
v 150.79822751 46.08192444 11.06428719
v 149.58109113 45.48099518 11.78896523
v 149.58109113 45.48099518 11.40001869
v 150.16252729 46.08192444 11.40001869
v 149.58109113 46.08192444 11.40001869
v 151.03924962 45.48203278 -9.61282158
v 151.07571813 45.48099518 11.16812325
v 151.03865834 45.48099518 -10.20562553
v 151.35190221 45.48099518 10.88903999
v 151.35190221 45.48099518 10.51603889
v 151.35190221 45.48099518 -9.61278343
v 151.35190221 45.48099518 -10.20562553
v 150.16252729 46.08192444 11.40001869
v 149.58109113 46.08192444 11.40001869
v 150.79822751 46.08192444 11.06428719
v 151.07505056 46.08192444 10.79016304
v 148.36395475 45.48099518 11.06428719
v 148.99965497 45.48099518 11.40001869
v 148.36263868 45.48099518 11.44716835
v 148.99851056 45.48099518 11.78896523
v 148.08712217 45.48099518 10.79016304
v 148.08712217 46.08192444 10.79016304
v 148.36395475 46.08192444 11.06428719
v 148.99965497 46.08192444 11.40001869
v 148.12294217 45.48203278 -9.61282158
v 148.08647367 45.48099518 11.16812325
v 148.12353345 45.48099518 -10.20562553
v 147.81028959 45.48099518 10.51603889
v 147.81028959 45.48099518 10.88903999
v 147.81028959 45.48099518 -9.61278343
v 147.81028959 45.48099518 -10.20562553
v 148.99965497 46.08192444 11.40001869
v 148.08712217 46.08192444 10.79016304
v 148.36395475 46.08192444 11.06428719
v 144.41103193 70.70993805 11.06428719
v 143.77535077 70.70993805 11.40001869
v 144.412348 70.70993805 11.44716835
v 143.77647611 70.70993805 11.78896523
v 144.68787404 70.70993805 10.79016304
v 144.68787404 70.10903168 10.79016304
v 144.41103193 70.10901642 11.06428719
v 143.77647611 70.10695648 11.78896523
v 143.19389554 70.10695648 11.78896523
v 143.19389554 70.70993805 11.78896523
v 143.77535077 70.10903168 11.40001869
v 143.19389554 70.70993805 11.40001869
v 143.19389554 70.10903168 11.40001869
v 144.412348 70.10045624 11.44716835
v 144.65205404 70.70890808 -9.61282158
v 144.65205404 70.10798645 -9.61282158
v 144.68852254 70.70993805 11.16812325
v 144.68852254 70.10369873 11.16812325
v 144.65146276 70.70993805 -10.20562553
v 144.65146276 70.10798645 -10.20562553
v 144.68852254 46.08724594 11.16812325
v 144.412348 46.09049988 11.44716835
v 144.96470662 70.10695648 10.88903999
v 144.96470662 46.083992 10.88903999
v 143.77647611 46.083992 11.78896523
v 143.19389554 46.083992 11.78896523
v 144.96470662 46.083992 -10.20562553
v 144.96470662 70.10695648 -10.20562553
v 144.96470662 46.083992 -9.61278343
v 144.96470662 70.10695648 -9.61278343
v 144.96470662 70.70993805 10.51603889
v 144.96470662 70.70993805 10.88903999
v 144.96470662 70.70993805 -9.61278343
v 144.96470662 70.70993805 -10.20562553
v 143.77535077 70.10903168 11.40001869
v 143.71277066 70.10903168 -9.61282158
v 143.19389554 70.10903168 11.40001869
v 143.19389554 70.10903168 -9.61278343
v 144.65205404 70.10798645 -9.61282158
v 144.33941098 70.10695648 -9.61285973
v 144.68787404 70.10903168 10.79016304
v 144.41103193 70.10901642 11.06428719
v 144.96470662 70.10695648 10.51603889
v 144.33941098 46.083992 -9.61285973
v 143.71277066 46.08192444 -9.61282158
v 144.65146276 46.08295441 -10.20562553
v 144.96470662 46.083992 10.51603889
v 144.65205404 46.08295441 -9.61282158
v 144.65205404 46.08295441 -9.61282158
v 143.19389554 46.08192444 -9.61278343
v 141.42311307 46.083992 -9.61278343
v 141.42311307 46.083992 10.51603889
v 141.423094 70.10695648 -9.61278343
v 141.423094 70.10695648 10.51603889
v 142.61131498 70.70993805 11.78896523
v 142.61245938 70.70993805 11.40001869
v 141.97544309 70.70993805 11.44716835
v 141.97675916 70.70993805 11.06428719
v 141.69992658 70.70994568 10.79016304
v 141.69992658 70.10903168 10.79016304
v 141.97675916 70.10901642 11.06428719
v 142.61131498 70.10695648 11.78896523
v 142.61245938 70.10903168 11.40001869
v 141.97544309 70.10045624 11.44716835
v 141.73574659 70.70890808 -9.61282158
v 141.73574659 70.10798645 -9.61282158
v 141.69927808 70.10369873 11.16812325
v 141.69927808 70.70994568 11.16812325
v 141.73633786 70.70993805 -10.20562553
v 141.73633786 70.10798645 -10.20562553
v 141.97546216 46.09049988 11.44716835
v 141.69927808 46.08724594 11.16812325
v 141.423094 70.10695648 10.88903999
v 141.42311307 46.083992 10.88903999
v 142.61131498 46.083992 11.78896523
v 141.42311307 46.083992 -10.20562553
v 141.423094 70.10695648 -10.20562553
v 141.423094 70.70994568 10.88903999
v 141.423094 70.70994568 10.51603889
v 141.423094 70.70994568 -9.61278343
v 141.423094 70.70994568 -10.20562553
v 142.61245938 70.10903168 11.40001869
v 142.67503949 70.10903168 -9.61282158
v 141.97675916 70.10901642 11.06428719
v 142.04839917 70.10695648 -9.61285973
v 141.69992658 70.10903168 10.79016304
v 141.73574659 70.10798645 -9.61282158
v 142.04839917 46.083992 -9.61285973
v 142.67503949 46.08192444 -9.61282158
v 141.73633786 46.08295441 -10.20562553
v 141.73574659 46.08295441 -9.61282158
v 141.73574659 46.08295441 -9.61282158
v 143.77647611 45.48099518 11.78896523
v 143.77535077 45.48099518 11.40001869
v 144.412348 45.48099518 11.44716835
v 144.41103193 45.48099518 11.06428719
v 144.68787404 45.48099518 10.79016304
v 144.68787404 46.08192444 10.79016304
v 144.41103193 46.08192444 11.06428719
v 143.19389554 45.48099518 11.78896523
v 143.19389554 45.48099518 11.40001869
v 143.77535077 46.08192444 11.40001869
v 143.19389554 46.08192444 11.40001869
v 144.65205404 45.48203278 -9.61282158
v 144.68852254 45.48099518 11.16812325
v 144.65146276 45.48099518 -10.20562553
v 144.96470662 45.48099518 10.88903999
v 144.96470662 45.48099518 10.51603889
v 144.96470662 45.48099518 -9.61278343
v 144.96470662 45.48099518 -10.20562553
v 143.77535077 46.08192444 11.40001869
v 143.19389554 46.08192444 11.40001869
v 144.41103193 46.08192444 11.06428719
v 144.68787404 46.08192444 10.79016304
v 141.97675916 45.48099518 11.06428719
v 142.61245938 45.48099518 11.40001869
v 141.97546216 45.48099518 11.44716835
v 142.61131498 45.48099518 11.78896523
v 141.69992658 45.48099518 10.79016304
v 141.69992658 46.08192444 10.79016304
v 141.97675916 46.08192444 11.06428719
v 142.61245938 46.08192444 11.40001869
v 141.73574659 45.48203278 -9.61282158
v 141.69927808 45.48099518 11.16812325
v 141.73633786 45.48099518 -10.20562553
v 141.42311307 45.48099518 10.51603889
v 141.42311307 45.48099518 10.88903999
v 141.42311307 45.48099518 -9.61278343
v 141.42311307 45.48099518 -10.20562553
v 142.61245938 46.08192444 11.40001869
v 141.69992658 46.08192444 10.79016304
v 141.97675916 46.08192444 11.06428719
v 147.59310933 70.03942871 10.77021217
v 146.93974706 70.03942871 11.0117588
v 147.59444448 70.03942871 11.04570961
v 146.94091054 70.03942871 11.291605
v 147.87762853 70.03942871 10.57299232
v 147.87762853 69.60703278 10.57299232
v 147.59309026 69.60703278 10.77021217
v 146.94091054 69.60554504 11.291605
v 146.34215566 69.60554504 11.291605
v 146.34215566 70.03942871 11.291605
v 146.93974706 69.60703278 11.0117588
v 146.34215566 70.03942871 11.0117588
v 146.34215566 69.60703278 11.0117588
v 147.59444448 69.60089111 11.04570961
v 147.84079763 70.03866577 -9.07056046
v 147.84079763 69.60630798 -9.07056046
v 147.8782961 70.03942871 10.84490395
v 147.8782961 69.60321808 10.84490395
v 147.84018727 70.03942871 -9.49712181
v 147.84018727 69.60630798 -9.49712181
v 147.8782961 46.08719254 10.84490395
v 147.59444448 46.08953857 11.04570961
v 148.16212865 69.60554504 10.64413643
v 148.16214772 46.08486557 10.64413643
v 146.94091054 46.08486557 11.291605
v 146.34215566 46.08486557 11.291605
v 148.16214772 46.08486557 -9.49712181
v 148.16212865 69.60554504 -9.49712181
v 148.16214772 46.08486557 -9.07056046
v 148.16212865 69.60554504 -9.07056046
v 148.16212865 70.03942871 10.37573624
v 148.16212865 70.03942871 10.64413643
v 148.16212865 70.03942871 -9.07056046
v 148.16212865 70.03942871 -9.49712181
v 146.93974706 69.60703278 11.0117588
v 146.87543126 69.60703278 -9.0705986
v 146.34215566 69.60703278 11.0117588
v 146.34215566 69.60703278 -9.07056046
v 147.84079763 69.60630798 -9.07056046
v 147.51948568 69.60554504 -9.0705986
v 147.87762853 69.60703278 10.57299232
v 147.59309026 69.60703278 10.77021217
v 148.16212865 69.60554504 10.37573624
v 147.51948568 46.08486557 -9.0705986
v 146.87543126 46.08337784 -9.0705986
v 147.84020635 46.0841217 -9.49712181
v 148.16214772 46.08486557 10.37573624
v 147.8408167 46.0841217 -9.07056046
v 147.8408167 46.0841217 -9.07056046
v 146.34215566 46.08337784 -9.07056046
v 144.52216359 46.08486557 -9.07056046
v 144.52216359 46.08486557 10.37573624
v 144.52216359 69.60554504 -9.07056046
v 144.52216359 69.60554504 10.37573624
v 145.7433817 70.03942871 11.291605
v 145.74456426 70.03942871 11.0117588
v 145.08986684 70.03942871 11.04570961
v 145.09120198 70.03942871 10.77021217
v 144.80668279 70.03942871 10.57299232
v 144.80668279 69.60703278 10.57299232
v 145.09120198 69.60703278 10.77021217
v 145.7433817 69.60554504 11.291605
v 145.74456426 69.60703278 11.0117588
v 145.08986684 69.60089111 11.04570961
v 144.84349462 70.03866577 -9.07056046
v 144.84349462 69.60630798 -9.07056046
v 144.80601522 69.60321808 10.84490395
v 144.80601522 70.03942871 10.84490395
v 144.84410497 70.03942871 -9.49712181
v 144.84410497 69.60630798 -9.49712181
v 145.08986684 46.08953857 11.04570961
v 144.80601522 46.08719254 10.84490395
v 144.52216359 69.60554504 10.64413643
v 144.52216359 46.08486557 10.64413643
v 145.74340078 46.08486557 11.291605
v 144.52216359 46.08486557 -9.49712181
v 144.52216359 69.60554504 -9.49712181
v 144.52216359 70.03942871 10.64413643
v 144.52216359 70.03942871 10.37573624
v 144.52216359 70.03942871 -9.07056046
v 144.52216359 70.03942871 -9.49712181
v 145.74456426 69.60703278 11.0117588
v 145.80886098 69.60703278 -9.0705986
v 145.09120198 69.60703278 10.77021217
v 145.16482564 69.60554504 -9.0705986
v 144.80668279 69.60703278 10.57299232
v 144.84349462 69.60630798 -9.07056046
v 145.16482564 46.08486557 -9.0705986
v 145.80888005 46.08337784 -9.0705986
v 144.84410497 46.0841217 -9.49712181
v 144.84349462 46.0841217 -9.07056046
v 144.84349462 46.0841217 -9.07056046
v 146.94091054 45.65100098 11.291605
v 146.93974706 45.65100098 11.0117588
v 147.59444448 45.65100098 11.04570961
v 147.59309026 45.65100098 10.77021217
v 147.87762853 45.65100098 10.57299232
v 147.87762853 46.08337784 10.57299232
v 147.59310933 46.08337784 10.77021217
v 146.34215566 45.65100098 11.291605
v 146.34215566 45.65100098 11.0117588
v 146.93974706 46.08337784 11.0117588
v 146.34215566 46.08337784 11.0117588
v 147.8408167 45.65174484 -9.07056046
v 147.8782961 45.65100098 10.84490395
v 147.84020635 45.65100098 -9.49712181
v 148.16214772 45.65100098 10.64413643
v 148.16214772 45.65100098 10.37573624
v 148.16214772 45.65100098 -9.07056046
v 148.16214772 45.65100098 -9.49712181
v 146.93974706 46.08337784 11.0117588
v 146.34215566 46.08337784 11.0117588
v 147.59310933 46.08337784 10.77021217
v 147.87762853 46.08337784 10.57299232
v 145.09120198 45.65100098 10.77021217
v 145.74456426 45.65100098 11.0117588
v 145.08986684 45.65100098 11.04570961
v 145.7433817 45.65100098 11.291605
v 144.80668279 45.65100098 10.57299232
v 144.80668279 46.08337784 10.57299232
v 145.09122106 46.08337784 10.77021217
v 145.74456426 46.08337784 11.0117588
v 144.84349462 45.65174484 -9.07056046
v 144.80601522 45.65100098 10.84490395
v 144.84410497 45.65100098 -9.49712181
v 144.52216359 45.65100098 10.37573624
v 144.52216359 45.65100098 10.64413643
v 144.52216359 45.65100098 -9.07056046
v 144.52216359 45.65100098 -9.49712181
v 145.74456426 46.08337784 11.0117588
v 144.80668279 46.08337784 10.57299232
v 145.09122106 46.08337784 10.77021217
v 134.05780979 70.21009827 10.95625496
v 132.90420719 70.21009827 11.26474953
v 134.06019398 70.21009827 11.30804634
v 132.9062862 70.21009827 11.62207222
v 134.56017681 70.21009827 10.70440865
v 134.56017681 69.65799713 10.70440865
v 134.05780979 69.65799713 10.95625496
v 132.9062862 69.65608978 11.62207222
v 131.84907147 69.65608978 11.62207222
v 131.84907147 70.21009827 11.62207222
v 132.90420719 69.65799713 11.26474953
v 131.84907147 70.21009827 11.26474953
v 131.84907147 69.65799713 11.26474953
v 134.06019398 69.65010071 11.30804634
v 134.49517437 70.20914459 -8.04162216
v 134.49517437 69.65704346 -8.04162216
v 134.56135937 70.21009827 11.05166054
v 134.56135937 69.65311432 11.05166054
v 134.49410626 70.21009827 -8.58628464
v 134.49410626 69.65704346 -8.58628464
v 134.56135937 45.99712753 11.05166054
v 134.06019398 46.00012207 11.30804634
v 135.0625343 69.65608978 10.79527473
v 135.06255337 45.994133 10.79527473
v 132.9062862 45.994133 11.62207222
v 131.84907147 45.994133 11.62207222
v 135.06255337 45.994133 -8.58628464
v 135.0625343 69.65608978 -8.58628464
v 135.06255337 45.994133 -8.04158401
v 135.0625343 69.65608978 -8.04158401
v 135.0625343 70.21009827 10.45256424
v 135.0625343 70.21009827 10.79527473
v 135.0625343 70.21009827 -8.04158401
v 135.0625343 70.21009827 -8.58628464
v 132.90420719 69.65799713 11.26474953
v 132.79066273 69.65799713 -8.04162216
v 131.84907147 69.65799713 11.26474953
v 131.84907147 69.65799713 -8.04158401
v 134.49517437 69.65704346 -8.04162216
v 133.92782398 69.65608978 -8.04166031
v 134.56017681 69.65799713 10.70440865
v 134.05780979 69.65799713 10.95625496
v 135.0625343 69.65608978 10.45256424
v 133.92782398 45.994133 -8.04166031
v 132.79066273 45.99222565 -8.04162216
v 134.49411579 45.99317932 -8.58628464
v 135.06255337 45.994133 10.45256424
v 134.49518391 45.99317932 -8.04162216
v 134.49518391 45.99317932 -8.04162216
v 131.84907147 45.99222565 -8.04158401
v 128.63558956 45.994133 -8.04158401
v 128.63558956 45.994133 10.45256424
v 128.63558956 69.65608978 -8.04158401
v 128.63558956 69.65608978 10.45256424
v 130.79184719 70.21009827 11.62207222
v 130.79391667 70.21009827 11.26474953
v 129.63793942 70.21009827 11.30804634
v 129.64031407 70.21009827 10.95625496
v 129.13794705 70.21009827 10.70440865
v 129.13794705 69.65799713 10.70440865
v 129.6403236 69.65795898 10.95625496
v 130.79184719 69.65608978 11.62207222
v 130.79391667 69.65799713 11.26474953
v 129.63793942 69.65010071 11.30804634
v 129.20294949 70.20914459 -8.04162216
v 129.20294949 69.65704346 -8.04162216
v 129.13676449 69.65311432 11.05166054
v 129.13676449 70.21009827 11.05166054
v 129.20402714 70.21009827 -8.58628464
v 129.20402714 69.65704346 -8.58628464
v 129.63793942 46.00012207 11.30804634
v 129.13677403 45.99712753 11.05166054
v 128.63558956 69.65608978 10.79527473
v 128.63558956 45.994133 10.79527473
v 130.79185673 45.994133 11.62207222
v 128.63558956 45.994133 -8.58628464
v 128.63558956 69.65608978 -8.58628464
v 128.63558003 70.21009827 10.79527473
v 128.63558003 70.21009827 10.45256424
v 128.63558003 70.21009827 -8.04158401
v 128.63558003 70.21009827 -8.58628464
v 130.79391667 69.65799713 11.26474953
v 130.90747067 69.65799713 -8.04162216
v 129.6403236 69.65795898 10.95625496
v 129.77030941 69.65608978 -8.04166031
v 129.13794705 69.65799713 10.70440865
v 129.20294949 69.65704346 -8.04162216
v 129.77031895 45.994133 -8.04166031
v 130.9074802 45.99222565 -8.04162216
v 129.20402714 45.99317932 -8.58628464
v 129.20295902 45.99317932 -8.04162216
v 129.20295902 45.99317932 -8.04162216
v 132.9062862 45.44010544 11.62207222
v 132.90421673 45.44010544 11.26474953
v 134.06019398 45.44010544 11.30804634
v 134.05780979 45.44010544 10.95625496
v 134.56018635 45.44010544 10.70440865
v 134.56018635 45.99224472 10.70440865
v 134.05780979 45.99224472 10.95625496
v 131.84907147 45.44010544 11.62207222
v 131.84907147 45.44010544 11.26474953
v 132.90421673 45.99222565 11.26474953
v 131.84907147 45.99222565 11.26474953
v 134.49518391 45.44105911 -8.04162216
v 134.56135937 45.44010544 11.05166054
v 134.49411579 45.44010544 -8.58628464
v 135.06255337 45.44010544 10.79527473
v 135.06255337 45.44010544 10.45256424
v 135.06255337 45.44010544 -8.04158401
v 135.06255337 45.44010544 -8.58628464
v 132.90421673 45.99222565 11.26474953
v 131.84907147 45.99222565 11.26474953
v 134.05780979 45.99224472 10.95625496
v 134.56018635 45.99224472 10.70440865
v 129.64033314 45.44010544 10.95625496
v 130.79391667 45.44010544 11.26474953
v 129.63793942 45.44010544 11.30804634
v 130.79185673 45.44010544 11.62207222
v 129.13794705 45.44010544 10.70440865
v 129.13794705 45.99222565 10.70440865
v 129.64033314 45.99224472 10.95625496
v 130.79391667 45.99222565 11.26474953
v 129.20296856 45.44105911 -8.04162216
v 129.13677403 45.44010544 11.05166054
v 129.20403668 45.44010544 -8.58628464
v 128.6355991 45.44010544 10.45256424
v 128.6355991 45.44010544 10.79527473
v 128.6355991 45.44010544 -8.04158401
v 128.6355991 45.44010544 -8.58628464
v 130.79391667 45.99222565 11.26474953
v 129.13794705 45.99222565 10.70440865
v 129.64033314 45.99224472 10.95625496
v 127.64814588 70.21009827 10.95625496
v 126.49454328 70.21009827 11.26474953
v 127.65053006 70.21009827 11.30804634
v 126.49661275 70.21009827 11.62207222
v 128.15050336 70.21009827 10.70440865
v 128.15050336 69.65799713 10.70440865
v 127.64814588 69.65799713 10.95625496
v 126.49661275 69.65608978 11.62207222
v 125.43939801 69.65608978 11.62207222
v 125.43940755 70.21009827 11.62207222
v 126.49454328 69.65799713 11.26474953
v 125.43940755 70.21009827 11.26474953
v 125.43940755 69.65799713 11.26474953
v 127.65053006 69.65010071 11.30804634
v 128.08550092 70.20914459 -8.04162216
v 128.08550092 69.65704346 -8.04162216
v 128.15168592 70.21009827 11.05166054
v 128.15168592 69.65311432 11.05166054
v 128.0844328 70.21009827 -8.58628464
v 128.0844328 69.65704346 -8.58628464
v 128.15168592 45.99712753 11.05166054
v 127.65053006 46.00012207 11.30804634
v 128.65286061 69.65608978 10.79527473
v 128.65287968 45.994133 10.79527473
v 126.49661275 45.994133 11.62207222
v 125.43939801 45.994133 11.62207222
v 128.65287968 45.994133 -8.58628464
v 128.65286061 69.65608978 -8.58628464
v 128.65287968 45.994133 -8.04158401
v 128.65286061 69.65608978 -8.04158401
v 128.65286061 70.21009827 10.45256424
v 128.65286061 70.21009827 10.79527473
v 128.65286061 70.21009827 -8.04158401
v 128.65286061 70.21009827 -8.58628464
v 126.49454328 69.65799713 11.26474953
v 126.38098928 69.65799713 -8.04162216
v 125.43940755 69.65799713 11.26474953
v 125.43940755 69.65799713 -8.04158401
v 128.08550092 69.65704346 -8.04162216
v 127.51816007 69.65608978 -8.04166031
v 128.15050336 69.65799713 10.70440865
v 127.64814588 69.65799713 10.95625496
v 128.65286061 69.65608978 10.45256424
v 127.51816007 45.994133 -8.04166031
v 126.38099881 45.99222565 -8.04162216
v 128.08445188 45.99317932 -8.58628464
v 128.65287968 45.994133 10.45256424
v 128.08551999 45.99317932 -8.04162216
v 128.08551999 45.99317932 -8.04162216
v 125.43940755 45.99222565 -8.04158401
v 122.22592565 45.994133 -8.04158401
v 122.22592565 45.994133 10.45256424
v 122.22592565 69.65608978 -8.04158401
v 122.22592565 69.65608978 10.45256424
v 124.38217374 70.21009827 11.62207222
v 124.38425275 70.21009827 11.26474953
v 123.2282755 70.21009827 11.30804634
v 123.23065015 70.21009827 10.95625496
v 122.72828313 70.21009827 10.70440865
v 122.72828313 69.65799713 10.70440865
v 123.23065969 69.65795898 10.95625496
v 124.38218328 69.65608978 11.62207222
v 124.38425275 69.65799713 11.26474953
v 123.2282755 69.65010071 11.30804634
v 122.79328557 70.20914459 -8.04162216
v 122.79328557 69.65704346 -8.04162216
v 122.72710057 69.65311432 11.05166054
v 122.72710057 70.21009827 11.05166054
v 122.79435369 70.21009827 -8.58628464
v 122.79435369 69.65704346 -8.58628464
v 123.2282755 46.00012207 11.30804634
v 122.72711011 45.99712753 11.05166054
v 122.22592565 69.65608978 10.79527473
v 122.22592565 45.994133 10.79527473
v 124.38218328 45.994133 11.62207222
v 122.22592565 45.994133 -8.58628464
v 122.22592565 69.65608978 -8.58628464
v 122.22591611 70.21009827 10.79527473
v 122.22591611 70.21009827 10.45256424
v 122.22591611 70.21009827 -8.04158401
v 122.22591611 70.21009827 -8.58628464
v 124.38425275 69.65799713 11.26474953
v 124.49779721 69.65799713 -8.04162216
v 123.23065969 69.65795898 10.95625496
v 123.36063596 69.65608978 -8.04166031
v 122.72828313 69.65799713 10.70440865
v 122.79328557 69.65704346 -8.04162216
v 123.36065503 45.994133 -8.04166031
v 124.49781629 45.99222565 -8.04162216
v 122.79436322 45.99317932 -8.58628464
v 122.79329511 45.99317932 -8.04162216
v 122.79329511 45.99317932 -8.04162216
v 126.49661275 45.44010544 11.62207222
v 126.49454328 45.44010544 11.26474953
v 127.65053006 45.44010544 11.30804634
v 127.64814588 45.44010544 10.95625496
v 128.15052243 45.44010544 10.70440865
v 128.15052243 45.99224472 10.70440865
v 127.64814588 45.99224472 10.95625496
v 125.43940755 45.44010544 11.62207222
v 125.43940755 45.44010544 11.26474953
v 126.49454328 45.99222565 11.26474953
v 125.43940755 45.99222565 11.26474953
v 128.08551999 45.44105911 -8.04162216
v 128.15168592 45.44010544 11.05166054
v 128.08445188 45.44010544 -8.58628464
v 128.65287968 45.44010544 10.79527473
v 128.65287968 45.44010544 10.45256424
v 128.65287968 45.44010544 -8.04158401
v 128.65287968 45.44010544 -8.58628464
v 126.49454328 45.99222565 11.26474953
v 125.43940755 45.99222565 11.26474953
v 127.64814588 45.99224472 10.95625496
v 128.15052243 45.99224472 10.70440865
v 123.23065969 45.44010544 10.95625496
v 124.38425275 45.44010544 11.26474953
v 123.2282755 45.44010544 11.30804634
v 124.38219281 45.44010544 11.62207222
v 122.72828313 45.44010544 10.70440865
v 122.72828313 45.99222565 10.70440865
v 123.23065969 45.99224472 10.95625496
v 124.38425275 45.99222565 11.26474953
v 122.79329511 45.44105911 -8.04162216
v 122.72710057 45.44010544 11.05166054
v 122.79436322 45.44010544 -8.58628464
v 122.22592565 45.44010544 10.45256424
v 122.22592565 45.44010544 10.79527473
v 122.22592565 45.44010544 -8.04158401
v 122.22592565 45.44010544 -8.58628464
v 124.38425275 45.99222565 11.26474953
v 122.72828313 45.99222565 10.70440865
v 123.23065969 45.99224472 10.95625496
v 121.23848172 70.21009827 10.95625496
v 120.08487912 70.21009827 11.26474953
v 121.24086591 70.21009827 11.30804634
v 120.0869486 70.21009827 11.62207222
v 121.74083921 70.21009827 10.70440865
v 121.74083921 69.65799713 10.70440865
v 121.23848172 69.65799713 10.95625496
v 120.0869486 69.65608978 11.62207222
v 119.02973386 69.65608978 11.62207222
v 119.0297434 70.21009827 11.62207222
v 120.08487912 69.65799713 11.26474953
v 119.0297434 70.21009827 11.26474953
v 119.0297434 69.65799713 11.26474953
v 121.24086591 69.65010071 11.30804634
v 121.67583677 70.20914459 -8.04162216
v 121.67583677 69.65704346 -8.04162216
v 121.74202176 70.21009827 11.05166054
v 121.74202176 69.65311432 11.05166054
v 121.67476865 70.21009827 -8.58628464
v 121.67476865 69.65704346 -8.58628464
v 121.74202176 45.99712753 11.05166054
v 121.24086591 46.00012207 11.30804634
v 122.24319669 69.65608978 10.79527473
v 122.24321576 45.994133 10.79527473
v 120.0869486 45.994133 11.62207222
v 119.02973386 45.994133 11.62207222
v 122.24321576 45.994133 -8.58628464
v 122.24319669 69.65608978 -8.58628464
v 122.24321576 45.994133 -8.04158401
v 122.24319669 69.65608978 -8.04158401
v 122.24319669 70.21009827 10.45256424
v 122.24319669 70.21009827 10.79527473
v 122.24319669 70.21009827 -8.04158401
v 122.24319669 70.21009827 -8.58628464
v 120.08487912 69.65799713 11.26474953
v 119.97132512 69.65799713 -8.04162216
v 119.0297434 69.65799713 11.26474953
v 119.0297434 69.65799713 -8.04158401
v 121.67583677 69.65704346 -8.04162216
v 121.10849591 69.65608978 -8.04166031
v 121.74083921 69.65799713 10.70440865
v 121.23848172 69.65799713 10.95625496
v 122.24319669 69.65608978 10.45256424
v 121.10849591 45.994133 -8.04166031
v 119.97133466 45.99222565 -8.04162216
v 121.67478772 45.99317932 -8.58628464
v 122.24321576 45.994133 10.45256424
v 121.67585584 45.99317932 -8.04162216
v 121.67585584 45.99317932 -8.04162216
v 119.0297434 45.99222565 -8.04158401
v 115.81626149 45.994133 -8.04158401
v 115.81626149 45.994133 10.45256424
v 115.81626149 69.65608978 -8.04158401
v 115.81626149 69.65608978 10.45256424
v 117.97250959 70.21009827 11.62207222
v 117.9745886 70.21009827 11.26474953
v 116.81861135 70.21009827 11.30804634
v 116.820986 70.21009827 10.95625496
v 116.31861898 70.21009827 10.70440865
v 116.31861898 69.65799713 10.70440865
v 116.82099553 69.65795898 10.95625496
v 117.97251912 69.65608978 11.62207222
v 117.9745886 69.65799713 11.26474953
v 116.81861135 69.65010071 11.30804634
v 116.38362142 70.20914459 -8.04162216
v 116.38362142 69.65704346 -8.04162216
v 116.31743642 69.65311432 11.05166054
v 116.31743642 70.21009827 11.05166054
v 116.38468953 70.21009827 -8.58628464
v 116.38468953 69.65704346 -8.58628464
v 116.81861135 46.00012207 11.30804634
v 116.31744596 45.99712753 11.05166054
v 115.81626149 69.65608978 10.79527473
v 115.81626149 45.994133 10.79527473
v 117.97251912 45.994133 11.62207222
v 115.81626149 45.994133 -8.58628464
v 115.81626149 69.65608978 -8.58628464
v 115.81625196 70.21009827 10.79527473
v 115.81625196 70.21009827 10.45256424
v 115.81625196 70.21009827 -8.04158401
v 115.81625196 70.21009827 -8.58628464
v 117.9745886 69.65799713 11.26474953
v 118.08813306 69.65799713 -8.04162216
v 116.82099553 69.65795898 10.95625496
v 116.95097181 69.65608978 -8.04166031
v 116.31861898 69.65799713 10.70440865
v 116.38362142 69.65704346 -8.04162216
v 116.95099088 45.994133 -8.04166031
v 118.08815213 45.99222565 -8.04162216
v 116.38469907 45.99317932 -8.58628464
v 116.38363095 45.99317932 -8.04162216
v 116.38363095 45.99317932 -8.04162216
v 120.0869486 45.44010544 11.62207222
v 120.08487912 45.44010544 11.26474953
v 121.24086591 45.44010544 11.30804634
v 121.23848172 45.44010544 10.95625496
v 121.74085828 45.44010544 10.70440865
v 121.74085828 45.99224472 10.70440865
v 121.23848172 45.99224472 10.95625496
v 119.0297434 45.44010544 11.62207222
v 119.0297434 45.44010544 11.26474953
v 120.08487912 45.99222565 11.26474953
v 119.0297434 45.99222565 11.26474953
v 121.67585584 45.44105911 -8.04162216
v 121.74202176 45.44010544 11.05166054
v 121.67478772 45.44010544 -8.58628464
v 122.24321576 45.44010544 10.79527473
v 122.24321576 45.44010544 10.45256424
v 122.24321576 45.44010544 -8.04158401
v 122.24321576 45.44010544 -8.58628464
v 120.08487912 45.99222565 11.26474953
v 119.0297434 45.99222565 11.26474953
v 121.23848172 45.99224472 10.95625496
v 121.74085828 45.99224472 10.70440865
v 116.82099553 45.44010544 10.95625496
v 117.9745886 45.44010544 11.26474953
v 116.81861135 45.44010544 11.30804634
v 117.97252866 45.44010544 11.62207222
v 116.31861898 45.44010544 10.70440865
v 116.31861898 45.99222565 10.70440865
v 116.82099553 45.99224472 10.95625496
v 117.9745886 45.99222565 11.26474953
v 116.38363095 45.44105911 -8.04162216
v 116.31743642 45.44010544 11.05166054
v 116.38469907 45.44010544 -8.58628464
v 115.81626149 45.44010544 10.45256424
v 115.81626149 45.44010544 10.79527473
v 115.81626149 45.44010544 -8.04158401
v 115.81626149 45.44010544 -8.58628464
v 117.9745886 45.99222565 11.26474953
v 116.31861898 45.99222565 10.70440865
v 116.82099553 45.99224472 10.95625496
v 100.42949125 105.05808258 11.79991341
v 100.42724057 105.05808258 11.3885746
v 96.27705594 105.05808258 11.79991341
v 96.27929136 105.05808258 11.3885746
v 100.89896413 105.05808258 11.09407997
v 100.89896413 104.41251373 11.09407997
v 100.42724057 104.41251373 11.3885746
v 100.42949125 104.40328217 11.79991341
v 96.27705594 104.40328217 11.79991341
v 96.27929136 104.41251373 11.3885746
v 100.8379099 105.05696869 -10.82524681
v 100.8379099 104.4114151 -10.82524681
v 100.90007039 105.05808258 11.50011635
v 100.90007039 104.40679169 11.50011635
v 100.83689901 105.05808258 -11.46214867
v 100.83689901 104.4114151 -11.46214867
v 100.90007039 76.7463913 11.50011635
v 100.42946836 76.74986267 11.79991341
v 101.37065145 104.41030121 11.20031929
v 101.37067052 76.74288177 11.20031929
v 96.27705594 76.74986267 11.79991341
v 101.37067052 76.74288177 -11.46214867
v 101.37065145 104.41030121 -11.46214867
v 101.37067052 76.74288177 -10.82520866
v 101.37065145 104.41030121 -10.82520866
v 101.37065145 105.05808258 10.79958534
v 101.37065145 105.05808258 11.20031929
v 101.37065145 105.05808258 -10.82520866
v 101.37065145 105.05808258 -11.46214867
v 100.30517026 104.41030121 -10.82528496
v 96.40133878 104.41030121 -10.82528496
v 100.42724057 104.41251373 11.3885746
v 96.27929136 104.41251373 11.3885746
v 100.8379099 104.4114151 -10.82524681
v 100.89896413 104.41251373 11.09407997
v 101.37065145 104.41030121 10.79958534
v 100.30518552 76.74288177 -10.82528496
v 96.40136167 76.74288177 -10.82528496
v 100.83693715 76.74177551 -11.46214867
v 101.37067052 76.74288177 10.79958534
v 100.83792897 76.74177551 -10.82524681
v 100.83792897 76.74177551 -10.82524681
v 95.33586713 76.74288177 -10.82520866
v 95.33586713 76.74288177 10.79958534
v 95.33585569 104.41030121 -10.82520866
v 95.33585569 104.41030121 10.79958534
v 95.80758115 105.0581131 11.09407997
v 95.80757352 104.41251373 11.09407997
v 95.86861631 105.05696869 -10.82524681
v 95.86861631 104.4114151 -10.82524681
v 95.80646726 104.40679169 11.50011635
v 95.80646726 105.0581131 11.50011635
v 95.86963102 105.05808258 -11.46214867
v 95.86963102 104.4114151 -11.46214867
v 95.80647489 76.7463913 11.50011635
v 95.33585569 104.41030121 11.20031929
v 95.33586713 76.74288177 11.20031929
v 95.33586713 76.74288177 -11.46214867
v 95.33585569 104.41030121 -11.46214867
v 95.33585569 105.0581131 11.20031929
v 95.33585569 105.0581131 10.79958534
v 95.33585569 105.0581131 -10.82520866
v 95.33585569 105.0581131 -11.46214867
v 95.80757352 104.41251373 11.09407997
v 95.86861631 104.4114151 -10.82524681
v 95.86963102 76.74177551 -11.46214867
v 95.86861631 76.74177551 -10.82524681
v 95.86861631 76.74177551 -10.82524681
v 100.42724057 76.09506989 11.3885746
v 100.42946836 76.09506989 11.79991341
v 96.27929136 76.09506989 11.3885746
v 96.27705594 76.09506989 11.79991341
v 100.89896413 76.09506989 11.09407997
v 100.89896413 76.74066925 11.09407997
v 100.42724057 76.74066925 11.3885746
v 96.27929136 76.74066925 11.3885746
v 100.83792897 76.09617615 -10.82524681
v 100.90007039 76.09506989 11.50011635
v 100.83693715 76.09506989 -11.46214867
v 101.37067052 76.09506989 11.20031929
v 101.37067052 76.09506989 10.79958534
v 101.37067052 76.09506989 -10.82520866
v 101.37067052 76.09506989 -11.46214867
v 100.42724057 76.74066925 11.3885746
v 96.27929136 76.74066925 11.3885746
v 100.89896413 76.74066925 11.09407997
v 95.80757352 76.09506989 11.09407997
v 95.80758115 76.74066925 11.09407997
v 95.86862775 76.09617615 -10.82524681
v 95.80647489 76.09506989 11.50011635
v 95.86963102 76.09506989 -11.46214867
v 95.33585569 76.09506989 10.79958534
v 95.33585569 76.09506989 11.20031929
v 95.33585569 76.09506989 -10.82520866
v 95.33585569 76.09506989 -11.46214867
v 95.80758115 76.74066925 11.09407997
v 107.06556531 105.62505341 11.43297768
v 106.49847242 105.62505341 11.71476936
v 107.06672879 105.62505341 11.75436592
v 106.49948331 105.62505341 12.04123116
v 107.31250974 105.62505341 11.20287514
v 107.31250974 105.12064362 11.20287514
v 107.06554624 105.12064362 11.43297768
v 106.49948331 105.11888885 12.04123116
v 105.97976896 105.11888885 12.04123116
v 105.97976896 105.62505341 12.04123116
v 106.49847242 105.12064362 11.71476936
v 105.97976896 105.62505341 11.71476936
v 105.97976896 105.12064362 11.71476936
v 107.06672879 105.11342621 11.75436592
v 107.28056165 105.62418365 -8.07366562
v 107.28056165 105.11975861 -8.07366562
v 107.31310102 105.62505341 11.52010536
v 107.31310102 105.11617279 11.52010536
v 107.28002759 105.62505341 -8.57129288
v 107.28002759 105.11975861 -8.57129288
v 107.31310102 76.52841949 11.52010536
v 107.06672879 76.53112793 11.75436592
v 107.55945417 105.11888885 11.2858448
v 107.55947324 76.52567291 11.2858448
v 106.49948331 76.52567291 12.04123116
v 105.97976896 76.52567291 12.04123116
v 107.55947324 76.52567291 -8.57129288
v 107.55945417 105.11888885 -8.57129288
v 107.55947324 76.52567291 -8.07362747
v 107.55945417 105.11888885 -8.07362747
v 107.55945417 105.62505341 10.9727726
v 107.55945417 105.62505341 11.2858448
v 107.55945417 105.62505341 -8.07362747
v 107.55945417 105.62505341 -8.57129288
v 106.49847242 105.12064362 11.71476936
v 106.44264432 105.12064362 -8.07366562
v 105.97976896 105.12064362 11.71476936
v 105.97976896 105.12064362 -8.07362747
v 107.28056165 105.11975861 -8.07366562
v 107.00165006 105.11888885 -8.07370377
v 107.31250974 105.12064362 11.20287514
v 107.06554624 105.12064362 11.43297768
v 107.55945417 105.11888885 10.9727726
v 107.00165006 76.52567291 -8.07370377
v 106.44264432 76.5239563 -8.07366562
v 107.28002759 76.52479553 -8.57129288
v 107.55947324 76.52567291 10.9727726
v 107.28056165 76.52479553 -8.07366562
v 107.28056165 76.52479553 -8.07366562
v 105.97976896 76.5239563 -8.07362747
v 104.40008374 76.52567291 -8.07362747
v 104.40008374 76.52567291 10.9727726
v 104.40008374 105.11888885 -8.07362747
v 104.40008374 105.11888885 10.9727726
v 105.46007367 105.62505341 12.04123116
v 105.46108457 105.62505341 11.71476936
v 104.89282819 105.62505341 11.75436592
v 104.89399167 105.62505341 11.43297768
v 104.64702817 105.62505341 11.20287514
v 104.64702817 105.12064362 11.20287514
v 104.89399167 105.12064362 11.43297768
v 105.46007367 105.11888885 12.04123116
v 105.46108457 105.12064362 11.71476936
v 104.89282819 105.11342621 11.75436592
v 104.67899533 105.62418365 -8.07366562
v 104.67899533 105.11975861 -8.07366562
v 104.64645597 105.11617279 11.52010536
v 104.64645597 105.62505341 11.52010536
v 104.67951032 105.62505341 -8.57129288
v 104.67951032 105.11975861 -8.57129288
v 104.89282819 76.53112793 11.75436592
v 104.64645597 76.52841949 11.52010536
v 104.40008374 105.11888885 11.2858448
v 104.40008374 76.52567291 11.2858448
v 105.46007367 76.52567291 12.04123116
v 104.40008374 76.52567291 -8.57129288
v 104.40008374 105.11888885 -8.57129288
v 104.40008374 105.62505341 11.2858448
v 104.40008374 105.62505341 10.9727726
v 104.40008374 105.62505341 -8.07362747
v 104.40008374 105.62505341 -8.57129288
v 105.46108457 105.12064362 11.71476936
v 105.51689359 105.12064362 -8.07366562
v 104.89399167 105.12064362 11.43297768
v 104.95788785 105.11888885 -8.07370377
v 104.64702817 105.12064362 11.20287514
v 104.67899533 105.11975861 -8.07366562
v 104.95790693 76.52567291 -8.07370377
v 105.51691266 76.5239563 -8.07366562
v 104.67951032 76.52479553 -8.57129288
v 104.67899533 76.52479553 -8.07366562
v 104.67899533 76.52479553 -8.07366562
v 106.49948331 76.01950073 12.04123116
v 106.49847242 76.01950073 11.71476936
v 107.06672879 76.01950073 11.75436592
v 107.06554624 76.01950073 11.43297768
v 107.31250974 76.01950073 11.20287514
v 107.31250974 76.5239563 11.20287514
v 107.06556531 76.5239563 11.43297768
v 105.97976896 76.01950073 12.04123116
v 105.97976896 76.01950073 11.71476936
v 106.49847242 76.5239563 11.71476936
v 105.97976896 76.5239563 11.71476936
v 107.28056165 76.02037811 -8.07366562
v 107.31310102 76.01950073 11.52010536
v 107.28002759 76.01950073 -8.57129288
v 107.55947324 76.01950073 11.2858448
v 107.55947324 76.01950073 10.9727726
v 107.55947324 76.01950073 -8.07362747
v 107.55947324 76.01950073 -8.57129288
v 106.49847242 76.5239563 11.71476936
v 105.97976896 76.5239563 11.71476936
v 107.06556531 76.5239563 11.43297768
v 107.31250974 76.5239563 11.20287514
v 104.89399167 76.01950073 11.43297768
v 105.46108457 76.01950073 11.71476936
v 104.89282819 76.01950073 11.75436592
v 105.46007367 76.01950073 12.04123116
v 104.64702817 76.01950073 11.20287514
v 104.64702817 76.5239563 11.20287514
v 104.89399167 76.5239563 11.43297768
v 105.46108457 76.5239563 11.71476936
v 104.67899533 76.02037811 -8.07366562
v 104.64645597 76.01950073 11.52010536
v 104.67952939 76.01950073 -8.57129288
v 104.40008374 76.01950073 10.9727726
v 104.40008374 76.01950073 11.2858448
v 104.40008374 76.01950073 -8.07362747
v 104.40008374 76.01950073 -8.57129288
v 105.46108457 76.5239563 11.71476936
v 104.64702817 76.5239563 11.20287514
v 104.89399167 76.5239563 11.43297768
v 110.30389043 105.62505341 11.43297768
v 109.73679753 105.62505341 11.71476936
v 110.30505391 105.62505341 11.75436592
v 109.73780843 105.62505341 12.04123116
v 110.55083486 105.62505341 11.20287514
v 110.55083486 105.12064362 11.20287514
v 110.30387136 105.12064362 11.43297768
v 109.73780843 105.11888885 12.04123116
v 109.21809407 105.11888885 12.04123116
v 109.21809407 105.62505341 12.04123116
v 109.73679753 105.12064362 11.71476936
v 109.21809407 105.62505341 11.71476936
v 109.21809407 105.12064362 11.71476936
v 110.30505391 105.11342621 11.75436592
v 110.51888677 105.62418365 -8.07366562
v 110.51888677 105.11975861 -8.07366562
v 110.55142614 105.62505341 11.52010536
v 110.55142614 105.11617279 11.52010536
v 110.51835271 105.62505341 -8.57129288
v 110.51835271 105.11975861 -8.57129288
v 110.55142614 76.52841949 11.52010536
v 110.30505391 76.53112793 11.75436592
v 110.79777929 105.11888885 11.2858448
v 110.79779836 76.52567291 11.2858448
v 109.73780843 76.52567291 12.04123116
v 109.21809407 76.52567291 12.04123116
v 110.79779836 76.52567291 -8.57129288
v 110.79777929 105.11888885 -8.57129288
v 110.79779836 76.52567291 -8.07362747
v 110.79777929 105.11888885 -8.07362747
v 110.79777929 105.62505341 10.9727726
v 110.79777929 105.62505341 11.2858448
v 110.79777929 105.62505341 -8.07362747
v 110.79777929 105.62505341 -8.57129288
v 109.73679753 105.12064362 11.71476936
v 109.68096944 105.12064362 -8.07366562
v 109.21809407 105.12064362 11.71476936
v 109.21809407 105.12064362 -8.07362747
v 110.51888677 105.11975861 -8.07366562
v 110.23997518 105.11888885 -8.07370377
v 110.55083486 105.12064362 11.20287514
v 110.30387136 105.12064362 11.43297768
v 110.79777929 105.11888885 10.9727726
v 110.23997518 76.52567291 -8.07370377
v 109.68096944 76.5239563 -8.07366562
v 110.51835271 76.52479553 -8.57129288
v 110.79779836 76.52567291 10.9727726
v 110.51888677 76.52479553 -8.07366562
v 110.51888677 76.52479553 -8.07366562
v 109.21809407 76.5239563 -8.07362747
v 107.63840886 76.52567291 -8.07362747
v 107.63840886 76.52567291 10.9727726
v 107.63840886 105.11888885 -8.07362747
v 107.63840886 105.11888885 10.9727726
v 108.69839879 105.62505341 12.04123116
v 108.69940969 105.62505341 11.71476936
v 108.13115331 105.62505341 11.75436592
v 108.13231679 105.62505341 11.43297768
v 107.88535329 105.62505341 11.20287514
v 107.88535329 105.12064362 11.20287514
v 108.13231679 105.12064362 11.43297768
v 108.69839879 105.11888885 12.04123116
v 108.69940969 105.12064362 11.71476936
v 108.13115331 105.11342621 11.75436592
v 107.91732045 105.62418365 -8.07366562
v 107.91732045 105.11975861 -8.07366562
v 107.88478109 105.11617279 11.52010536
v 107.88478109 105.62505341 11.52010536
v 107.91783544 105.62505341 -8.57129288
v 107.91783544 105.11975861 -8.57129288
v 108.13115331 76.53112793 11.75436592
v 107.88478109 76.52841949 11.52010536
v 107.63840886 105.11888885 11.2858448
v 107.63840886 76.52567291 11.2858448
v 108.69839879 76.52567291 12.04123116
v 107.63840886 76.52567291 -8.57129288
v 107.63840886 105.11888885 -8.57129288
v 107.63840886 105.62505341 11.2858448
v 107.63840886 105.62505341 10.9727726
v 107.63840886 105.62505341 -8.07362747
v 107.63840886 105.62505341 -8.57129288
v 108.69940969 105.12064362 11.71476936
v 108.75521871 105.12064362 -8.07366562
v 108.13231679 105.12064362 11.43297768
v 108.19621297 105.11888885 -8.07370377
v 107.88535329 105.12064362 11.20287514
v 107.91732045 105.11975861 -8.07366562
v 108.19623204 76.52567291 -8.07370377
v 108.75523778 76.5239563 -8.07366562
v 107.91783544 76.52479553 -8.57129288
v 107.91732045 76.52479553 -8.07366562
v 107.91732045 76.52479553 -8.07366562
v 109.73780843 76.01950073 12.04123116
v 109.73679753 76.01950073 11.71476936
v 110.30505391 76.01950073 11.75436592
v 110.30387136 76.01950073 11.43297768
v 110.55083486 76.01950073 11.20287514
v 110.55083486 76.5239563 11.20287514
v 110.30389043 76.5239563 11.43297768
v 109.21809407 76.01950073 12.04123116
v 109.21809407 76.01950073 11.71476936
v 109.73679753 76.5239563 11.71476936
v 109.21809407 76.5239563 11.71476936
v 110.51888677 76.02037811 -8.07366562
v 110.55142614 76.01950073 11.52010536
v 110.51835271 76.01950073 -8.57129288
v 110.79779836 76.01950073 11.2858448
v 110.79779836 76.01950073 10.9727726
v 110.79779836 76.01950073 -8.07362747
v 110.79779836 76.01950073 -8.57129288
v 109.73679753 76.5239563 11.71476936
v 109.21809407 76.5239563 11.71476936
v 110.30389043 76.5239563 11.43297768
v 110.55083486 76.5239563 11.20287514
v 108.13231679 76.01950073 11.43297768
v 108.69940969 76.01950073 11.71476936
v 108.13115331 76.01950073 11.75436592
v 108.69839879 76.01950073 12.04123116
v 107.88535329 76.01950073 11.20287514
v 107.88535329 76.5239563 11.20287514
v 108.13231679 76.5239563 11.43297768
v 108.69940969 76.5239563 11.71476936
v 107.91732045 76.02037811 -8.07366562
v 107.88478109 76.01950073 11.52010536
v 107.91785451 76.01950073 -8.57129288
v 107.63840886 76.01950073 10.9727726
v 107.63840886 76.01950073 11.2858448
v 107.63840886 76.01950073 -8.07362747
v 107.63840886 76.01950073 -8.57129288
v 108.69940969 76.5239563 11.71476936
v 107.88535329 76.5239563 11.20287514
v 108.13231679 76.5239563 11.43297768
v 115.37755223 102.78011322 11.66716194
v 114.4020197 102.78011322 12.02784157
v 115.37956449 102.78011322 12.07850075
v 114.40376874 102.78011322 12.44566536
v 115.802376 102.78011322 11.37266731
v 115.802376 102.13451385 11.37266731
v 115.37754651 102.13451385 11.66716194
v 114.40376493 102.13226318 12.44566536
v 113.50974294 102.13226318 12.44566536
v 113.50974866 102.78011322 12.44566536
v 114.40201017 102.13451385 12.02784157
v 113.50974294 102.78011322 12.02784157
v 113.50974294 102.13451385 12.02784157
v 115.37956449 102.12532043 12.07850075
v 115.74738713 102.77900696 -10.54665947
v 115.74738713 102.13340759 -10.54665947
v 115.80337735 102.78011322 11.77870369
v 115.80337735 102.12879181 11.77870369
v 115.74650975 102.78011322 -11.18356133
v 115.74649068 102.13340759 -11.18356133
v 115.80337735 76.7463913 11.77870369
v 115.37956449 76.74985504 12.07850075
v 116.22718641 102.13226318 11.47890663
v 116.22719976 76.74290466 11.47890663
v 114.40376493 76.7428894 12.44566536
v 113.50974866 76.7428894 12.44566536
v 116.22721883 76.74290466 -11.18356133
v 116.22718068 102.13226318 -11.18356133
v 116.22721883 76.74290466 -10.54662132
v 116.22718068 102.13226318 -10.54662132
v 116.22719022 102.78011322 11.07817268
v 116.22719022 102.78011322 11.47890663
v 116.22718068 102.78011322 -10.54662132
v 116.22719976 102.78011322 -11.18356133
v 114.40201017 102.13451385 12.02784157
v 114.30600377 102.13451385 -10.54669762
v 113.50974294 102.13451385 12.02784157
v 113.50974294 102.13451385 -10.54662132
v 115.74738713 102.13340759 -10.54665947
v 115.26763173 102.13226318 -10.54669762
v 115.802376 102.13451385 11.37266731
v 115.37754651 102.13451385 11.66716194
v 116.22718641 102.13226318 11.07817268
v 115.26763173 76.74290466 -10.54669762
v 114.30600377 76.74065399 -10.54669762
v 115.74649068 76.74176025 -11.18356133
v 116.22719976 76.74290466 11.07817268
v 115.74742528 76.74176025 -10.54665947
v 115.74742528 76.74176025 -10.54665947
v 113.50974294 76.74065399 -10.54662132
v 110.79230519 76.74288177 -10.54662132
v 110.79229566 76.74288177 11.07817268
v 110.79230519 102.13226318 -10.54662132
v 110.79229566 102.13226318 11.07817268
v 112.61571714 102.78011322 12.44566536
v 112.6174719 102.78011322 12.02784157
v 111.63992139 102.78011322 12.07850075
v 111.64193364 102.78011322 11.66716194
v 111.2171156 102.78007507 11.37266731
v 111.21710988 102.13451385 11.37266731
v 111.64193364 102.13451385 11.66716194
v 112.61571714 102.13230133 12.44566536
v 112.61746617 102.13451385 12.02784157
v 111.63992139 102.12532043 12.07850075
v 111.27209874 102.77896881 -10.54665947
v 111.27209874 102.13340759 -10.54665947
v 111.21610852 102.12879181 11.77870369
v 111.21610852 102.78007507 11.77870369
v 111.27297612 102.78011322 -11.18356133
v 111.2729952 102.13340759 -11.18356133
v 111.63992521 76.74986267 12.07850075
v 111.21611234 76.74639893 11.77870369
v 110.79229566 102.13226318 11.47890663
v 110.79229566 76.74288177 11.47890663
v 112.61572095 76.7428894 12.44566536
v 110.79230519 76.74288177 -11.18356133
v 110.79230519 102.13226318 -11.18356133
v 110.79229566 102.78007507 11.47890663
v 110.79229566 102.78007507 11.07817268
v 110.79230519 102.78007507 -10.54662132
v 110.79228612 102.78007507 -11.18356133
v 112.61746617 102.13451385 12.02784157
v 112.71348211 102.13451385 -10.54669762
v 111.64193364 102.13451385 11.66716194
v 111.75185414 102.13230133 -10.54669762
v 111.21710988 102.13451385 11.37266731
v 111.27209874 102.13340759 -10.54665947
v 111.75185414 76.74288177 -10.54669762
v 112.71352025 76.74069214 -10.54669762
v 111.2729952 76.74179077 -11.18356133
v 111.27209874 76.74179077 -10.54665947
v 111.27209874 76.74179077 -10.54665947
v 114.40376493 76.09507751 12.44566536
v 114.4020197 76.09507751 12.02784157
v 115.37956449 76.09507751 12.07850075
v 115.37754651 76.09505463 11.66716194
v 115.802376 76.09507751 11.37266731
v 115.802376 76.74065399 11.37266731
v 115.37755223 76.74066925 11.66716194
v 113.50974294 76.09506989 12.44566536
v 113.50974294 76.09506989 12.02784157
v 114.4020197 76.74065399 12.02784157
v 113.50974294 76.74065399 12.02784157
v 115.74742528 76.09618378 -10.54665947
v 115.80337735 76.09507751 11.77870369
v 115.74650975 76.09507751 -11.18356133
v 116.22719976 76.09507751 11.47890663
v 116.22719976 76.09507751 11.07817268
v 116.22721883 76.09507751 -10.54662132
v 116.22719976 76.09507751 -11.18356133
v 114.4020197 76.74065399 12.02784157
v 113.50974294 76.74065399 12.02784157
v 115.37755223 76.74066925 11.66716194
v 115.802376 76.74065399 11.37266731
v 111.64193937 76.09507751 11.66716194
v 112.61746617 76.09506989 12.02784157
v 111.63992521 76.09506989 12.07850075
v 112.61572095 76.09506989 12.44566536
v 111.21710988 76.09506989 11.37266731
v 111.2171156 76.74068451 11.37266731
v 111.64194318 76.74066925 11.66716194
v 112.6174719 76.74069214 12.02784157
v 111.27209874 76.09616852 -10.54665947
v 111.21611234 76.09506989 11.77870369
v 111.27297612 76.09506989 -11.18356133
v 110.79229566 76.09506989 11.07817268
v 110.79229566 76.09506989 11.47890663
v 110.79230519 76.09506989 -10.54662132
v 110.79228612 76.09506989 -11.18356133
v 112.6174719 76.74069214 12.02784157
v 111.2171156 76.74068451 11.37266731
v 111.64194318 76.74066925 11.66716194
v 127.15854379 105.62509918 11.43297768
v 126.59145089 105.62505341 11.71476936
v 127.15971204 105.62505341 11.75436592
v 126.59247132 105.62509918 12.04123116
v 127.40550252 105.62505341 11.20287514
v 127.40550252 105.12064362 11.20287514
v 127.15853902 105.12067413 11.43297768
v 126.59246656 105.11891937 12.04123116
v 126.07276174 105.11891937 12.04123116
v 126.07276174 105.62505341 12.04123116
v 126.59145089 105.12064362 11.71476936
v 126.07276174 105.62505341 11.71476936
v 126.07276174 105.12064362 11.71476936
v 127.15971204 105.11347198 11.75436592
v 127.37353536 105.62421417 -8.07366562
v 127.37353536 105.11972809 -8.07366562
v 127.40608426 105.62509918 11.52010536
v 127.40607949 105.11617279 11.52010536
v 127.3730013 105.62509918 -8.57129288
v 127.37302037 105.11972809 -8.57129288
v 127.40607949 76.52841949 11.52010536
v 127.15971204 76.5311203 11.75436592
v 127.65245172 105.11891937 11.28588295
v 127.65246125 76.5256958 11.2858448
v 126.59246656 76.52568054 12.04123116
v 126.07276174 76.52568054 12.04123116
v 127.65244695 76.5256958 -8.57129288
v 127.65244695 105.11891937 -8.57129288
v 127.65244695 76.5256958 -8.07362747
v 127.65244695 105.11891937 -8.07362747
v 127.65244695 105.62509918 10.9727726
v 127.65245172 105.62509918 11.2858448
v 127.65244695 105.62509918 -8.07362747
v 127.65242788 105.62509918 -8.57129288
v 126.59145089 105.12064362 11.71476936
v 126.5356371 105.12064362 -8.07366562
v 126.07276174 105.12064362 11.71476936
v 126.07274266 105.12064362 -8.07362747
v 127.37353536 105.11972809 -8.07366562
v 127.09462377 105.11891937 -8.07370377
v 127.40550252 105.12064362 11.20287514
v 127.15853902 105.12067413 11.43297768
v 127.65244695 105.11891937 10.9727726
v 127.09462377 76.5256958 -8.07370377
v 126.5356371 76.52394104 -8.07366562
v 127.37302037 76.52478027 -8.57129288
v 127.65245649 76.5256958 10.9727726
v 127.37353536 76.52478027 -8.07366562
v 127.37353536 76.52478027 -8.07366562
v 126.07274266 76.52394104 -8.07362747
v 124.49307653 76.52567291 -8.07362747
v 124.49307653 76.52567291 10.9727726
v 124.49307653 105.11891937 -8.07362747
v 124.49306699 105.11891937 10.9727726
v 125.55305215 105.62505341 12.04123116
v 125.55407258 105.62509918 11.71476936
v 124.98581144 105.62509918 11.75436592
v 124.98697492 105.62505341 11.43297768
v 124.74002095 105.62505341 11.20285606
v 124.74002095 105.12064362 11.20285606
v 124.98697492 105.12064362 11.43297768
v 125.55305215 105.11888885 12.04123116
v 125.55406781 105.12064362 11.71476936
v 124.98581144 105.11347198 11.75436592
v 124.77198812 105.62418365 -8.07366562
v 124.77198812 105.11980438 -8.07366562
v 124.73944398 105.11617279 11.52010536
v 124.73944398 105.62505341 11.52008629
v 124.77248403 105.62505341 -8.5712738
v 124.7725031 105.11980438 -8.57129288
v 124.98581144 76.53112793 11.75436592
v 124.73944398 76.52842712 11.52010536
v 124.49307176 105.11891937 11.2858448
v 124.49307176 76.52567291 11.2858448
v 125.55305692 76.52568054 12.04123116
v 124.49307653 76.52567291 -8.57129288
v 124.49303838 105.11891937 -8.57129288
v 124.49307176 105.62505341 11.28582573
v 124.49306699 105.62505341 10.97275352
v 124.49307653 105.62505341 -8.07364655
v 124.49305745 105.62505341 -8.57131195
v 125.55406781 105.12064362 11.71476936
v 125.60988637 105.12064362 -8.07366562
v 124.98697492 105.12064362 11.43297768
v 125.05086156 105.11888885 -8.07370377
v 124.74002095 105.12064362 11.20285606
v 124.77198812 105.11980438 -8.07366562
v 125.05089971 76.52567291 -8.07370377
v 125.60988637 76.52394104 -8.07366562
v 124.7725031 76.52481079 -8.57129288
v 124.77198812 76.52481079 -8.07366562
v 124.77198812 76.52481079 -8.07366562
v 126.59246656 76.01950836 12.04123116
v 126.59145566 76.01950836 11.71476936
v 127.15971204 76.01950836 11.75436592
v 127.15853902 76.01948547 11.43297768
v 127.40550252 76.01950836 11.20287514
v 127.40550252 76.52394104 11.20287514
v 127.15854379 76.52391815 11.43297768
v 126.07276174 76.01950073 12.04123116
v 126.07276174 76.01950073 11.71476936
v 126.59146043 76.52394104 11.71476936
v 126.07276174 76.52394104 11.71476936
v 127.37353536 76.02038574 -8.07366562
v 127.40607949 76.01950836 11.52010536
v 127.3730013 76.01950836 -8.57129288
v 127.65246125 76.01950836 11.2858448
v 127.65245649 76.01950836 10.9727726
v 127.65244695 76.01950836 -8.07362747
v 127.65242788 76.01950836 -8.57129288
v 126.59146043 76.52394104 11.71476936
v 126.07276174 76.52394104 11.71476936
v 127.15854379 76.52391815 11.43297768
v 127.40550252 76.52394104 11.20287514
v 124.98698446 76.01950836 11.43297768
v 125.55406781 76.01950073 11.71476936
v 124.98581144 76.0194931 11.75436592
v 125.55305215 76.01950073 12.04123116
v 124.74002095 76.0194931 11.20285606
v 124.74002095 76.52393341 11.20285606
v 124.98698446 76.52391815 11.43297768
v 125.55407258 76.52394104 11.71476936
v 124.77198812 76.02037811 -8.07366562
v 124.73944398 76.0194931 11.52008629
v 124.77248403 76.0194931 -8.5712738
v 124.49306699 76.0194931 10.97275352
v 124.49307176 76.0194931 11.28582573
v 124.49307653 76.0194931 -8.07364655
v 124.49305745 76.0194931 -8.57131195
v 125.55407258 76.52394104 11.71476936
v 124.74002095 76.52393341 11.20285606
v 124.98698446 76.52391815 11.43297768
v 135.41491219 105.62509918 11.43297768
v 134.84782406 105.62505341 11.71476936
v 135.41607567 105.62505341 11.75436592
v 134.84883496 105.62509918 12.04123116
v 135.66186615 105.62505341 11.20287514
v 135.66186615 105.12064362 11.20287514
v 135.41491219 105.12067413 11.43297768
v 134.84883496 105.11891937 12.04123116
v 134.3291206 105.11891937 12.04123116
v 134.3291206 105.62505341 12.04123116
v 134.84782406 105.12064362 11.71476936
v 134.32912537 105.62505341 11.71476936
v 134.32912537 105.12064362 11.71476936
v 135.41607567 105.11347198 11.75436592
v 135.62991329 105.62421417 -8.07366562
v 135.62991329 105.11972809 -8.07366562
v 135.66245266 105.62509918 11.52010536
v 135.66245266 105.11617279 11.52010536
v 135.62937924 105.62509918 -8.57129288
v 135.62939831 105.11972809 -8.57129288
v 135.66245266 76.52841949 11.52010536
v 135.41607567 76.5311203 11.75436592
v 135.90881535 105.11891937 11.28588295
v 135.90882488 76.5256958 11.2858448
v 134.84883496 76.52568054 12.04123116
v 134.3291206 76.52568054 12.04123116
v 135.90882488 76.5256958 -8.57129288
v 135.90882488 105.11891937 -8.57129288
v 135.90882488 76.5256958 -8.07362747
v 135.90882488 105.11891937 -8.07362747
v 135.90882012 105.62509918 10.9727726
v 135.90881535 105.62509918 11.2858448
v 135.90882488 105.62509918 -8.07362747
v 135.90880581 105.62509918 -8.57129288
v 134.84782406 105.12064362 11.71476936
v 134.79201504 105.12064362 -8.07366562
v 134.32912537 105.12064362 11.71476936
v 134.3291206 105.12064362 -8.07362747
v 135.62991329 105.11972809 -8.07366562
v 135.3510017 105.11891937 -8.07370377
v 135.66186615 105.12064362 11.20287514
v 135.41491219 105.12067413 11.43297768
v 135.90881058 105.11891937 10.9727726
v 135.3510017 76.5256958 -8.07370377
v 134.79201504 76.52394104 -8.07366562
v 135.62939831 76.52478027 -8.57129288
v 135.90882012 76.5256958 10.9727726
v 135.62991329 76.52478027 -8.07366562
v 135.62991329 76.52478027 -8.07366562
v 134.3291206 76.52394104 -8.07362747
v 132.74945446 76.52567291 -8.07362747
v 132.74944016 76.52567291 10.9727726
v 132.74941631 105.11891937 -8.07362747
v 132.74943062 105.11891937 10.9727726
v 133.80941578 105.62505341 12.04123116
v 133.81043621 105.62509918 11.71476936
v 133.24217507 105.62509918 11.75436592
v 133.24334809 105.62505341 11.43297768
v 132.99638458 105.62505341 11.20285606
v 132.99638458 105.12064362 11.20285606
v 133.24334809 105.12064362 11.43297768
v 133.80941578 105.11888885 12.04123116
v 133.81043621 105.12064362 11.71476936
v 133.24217507 105.11347198 11.75436592
v 133.02832791 105.62418365 -8.07366562
v 133.02832791 105.11980438 -8.07366562
v 132.99580761 105.11617279 11.52010536
v 132.99580761 105.62505341 11.52008629
v 133.02886196 105.62505341 -8.5712738
v 133.02888104 105.11980438 -8.57129288
v 133.24217507 76.53112793 11.75436592
v 132.99580761 76.52842712 11.52010536
v 132.74943539 105.11891937 11.2858448
v 132.74944493 76.52567291 11.2858448
v 133.80941578 76.52568054 12.04123116
v 132.74945446 76.52567291 -8.57129288
v 132.74941631 105.11891937 -8.57129288
v 132.74943539 105.62505341 11.28582573
v 132.74943062 105.62505341 10.97275352
v 132.74941631 105.62505341 -8.07364655
v 132.74943539 105.62505341 -8.57131195
v 133.81043621 105.12064362 11.71476936
v 133.86626431 105.12064362 -8.07366562
v 133.24334809 105.12064362 11.43297768
v 133.3072395 105.11888885 -8.07370377
v 132.99638458 105.12064362 11.20285606
v 133.02832791 105.11980438 -8.07366562
v 133.3072395 76.52567291 -8.07370377
v 133.86626431 76.52394104 -8.07366562
v 133.02888104 76.52481079 -8.57129288
v 133.02832791 76.52481079 -8.07366562
v 133.02832791 76.52481079 -8.07366562
v 134.84883496 76.01950836 12.04123116
v 134.84782406 76.01950836 11.71476936
v 135.41607567 76.01950836 11.75436592
v 135.41491219 76.01948547 11.43297768
v 135.66186615 76.01950836 11.20287514
v 135.66186615 76.52394104 11.20287514
v 135.41491219 76.52391815 11.43297768
v 134.3291206 76.01950073 12.04123116
v 134.32912537 76.01950073 11.71476936
v 134.84782406 76.52394104 11.71476936
v 134.32912537 76.52394104 11.71476936
v 135.62991329 76.02038574 -8.07366562
v 135.66245266 76.01950836 11.52010536
v 135.62937924 76.01950836 -8.57129288
v 135.90882488 76.01950836 11.2858448
v 135.90882012 76.01950836 10.9727726
v 135.90882488 76.01950836 -8.07362747
v 135.90880581 76.01950836 -8.57129288
v 134.84782406 76.52394104 11.71476936
v 134.32912537 76.52394104 11.71476936
v 135.41491219 76.52391815 11.43297768
v 135.66186615 76.52394104 11.20287514
v 133.24334809 76.01950836 11.43297768
v 133.81043621 76.01950073 11.71476936
v 133.24217507 76.0194931 11.75436592
v 133.80941578 76.01950073 12.04123116
v 132.99638458 76.0194931 11.20285606
v 132.99638458 76.52393341 11.20285606
v 133.24334809 76.52391815 11.43297768
v 133.81043621 76.52394104 11.71476936
v 133.02832791 76.02037811 -8.07366562
v 132.99581715 76.0194931 11.52008629
v 133.02886196 76.0194931 -8.5712738
v 132.74944016 76.0194931 10.97275352
v 132.74944493 76.0194931 11.28582573
v 132.74945446 76.0194931 -8.07364655
v 132.74943539 76.0194931 -8.57131195
v 133.81043621 76.52394104 11.71476936
v 132.99638458 76.52393341 11.20285606
v 133.24334809 76.52391815 11.43297768
v 138.65640088 105.62509918 11.43297768
v 138.08931562 105.62505341 11.71476936
v 138.65756723 105.62505341 11.75436592
v 138.09032651 105.62509918 12.04123116
v 138.90335771 105.62505341 11.20287514
v 138.90335771 105.12064362 11.20287514
v 138.65640088 105.12067413 11.43297768
v 138.09032651 105.11891937 12.04123116
v 137.57061216 105.11891937 12.04123116
v 137.57061216 105.62505341 12.04123116
v 138.08931562 105.12064362 11.71476936
v 137.57061692 105.62505341 11.71476936
v 137.57061692 105.12064362 11.71476936
v 138.65756723 105.11347198 11.75436592
v 138.87141439 105.62421417 -8.07366562
v 138.87141439 105.11972809 -8.07366562
v 138.90394422 105.62509918 11.52010536
v 138.90394422 105.11617279 11.52010536
v 138.87088033 105.62509918 -8.57129288
v 138.87086126 105.11972809 -8.57129288
v 138.90394422 76.52841949 11.52010536
v 138.65756723 76.5311203 11.75436592
v 139.15030404 105.11891937 11.28588295
v 139.15031358 76.5256958 11.2858448
v 138.09032651 76.52568054 12.04123116
v 137.57061216 76.52568054 12.04123116
v 139.15032598 76.5256958 -8.57129288
v 139.15028783 105.11891937 -8.57129288
v 139.15032598 76.5256958 -8.07362747
v 139.15028783 105.11891937 -8.07362747
v 139.15031167 105.62509918 10.9727726
v 139.15030404 105.62509918 11.2858448
v 139.15032598 105.62509918 -8.07362747
v 139.1503069 105.62509918 -8.57129288
v 138.08931562 105.12064362 11.71476936
v 138.03347799 105.12064362 -8.07366562
v 137.57061692 105.12064362 11.71476936
v 137.57062169 105.12064362 -8.07362747
v 138.87141439 105.11972809 -8.07366562
v 138.5925028 105.11891937 -8.07370377
v 138.90335771 105.12064362 11.20287514
v 138.65640088 105.12067413 11.43297768
v 139.15030214 105.11891937 10.9727726
v 138.5925028 76.5256958 -8.07370377
v 138.03347799 76.52394104 -8.07366562
v 138.8708994 76.52478027 -8.57129288
v 139.15031167 76.5256958 10.9727726
v 138.87141439 76.52478027 -8.07366562
v 138.87141439 76.52478027 -8.07366562
v 137.57062169 76.52394104 -8.07362747
v 135.99091717 76.52567291 -8.07362747
v 135.99093147 76.52567291 10.9727726
v 135.99091717 105.11891937 -8.07362747
v 135.99092194 105.11891937 10.9727726
v 137.05090734 105.62505341 12.04123116
v 137.05192777 105.62509918 11.71476936
v 136.48366638 105.62509918 11.75436592
v 136.4848394 105.62505341 11.43297768
v 136.2378759 105.62505341 11.20285606
v 136.2378759 105.12064362 11.20285606
v 136.4848394 105.12064362 11.43297768
v 137.05090734 105.11888885 12.04123116
v 137.05192777 105.12064362 11.71476936
v 136.48366638 105.11347198 11.75436592
v 136.26982876 105.62418365 -8.07366562
v 136.26982876 105.11980438 -8.07366562
v 136.23729893 105.11617279 11.52010536
v 136.23729893 105.62505341 11.52008629
v 136.27036282 105.62505341 -8.5712738
v 136.27034374 105.11980438 -8.57129288
v 136.48366638 76.53112793 11.75436592
v 136.23729893 76.52842712 11.52010536
v 135.99092671 105.11891937 11.2858448
v 135.99093624 76.52567291 11.2858448
v 137.05090734 76.52568054 12.04123116
v 135.99091717 76.52567291 -8.57129288
v 135.99091717 105.11891937 -8.57129288
v 135.99092671 105.62505341 11.28582573
v 135.99092194 105.62505341 10.97275352
v 135.99091717 105.62505341 -8.07364655
v 135.99093624 105.62505341 -8.57131195
v 137.05192777 105.12064362 11.71476936
v 137.10772725 105.12064362 -8.07366562
v 136.4848394 105.12064362 11.43297768
v 136.54874035 105.11888885 -8.07370377
v 136.2378759 105.12064362 11.20285606
v 136.26982876 105.11980438 -8.07366562
v 136.54874035 76.52567291 -8.07370377
v 137.1077654 76.52394104 -8.07366562
v 136.27038189 76.52481079 -8.57129288
v 136.26982876 76.52481079 -8.07366562
v 136.26982876 76.52481079 -8.07366562
v 138.09032651 76.01950836 12.04123116
v 138.08931562 76.01950836 11.71476936
v 138.65756723 76.01950836 11.75436592
v 138.65640088 76.01948547 11.43297768
v 138.90335771 76.01950836 11.20287514
v 138.90335771 76.52394104 11.20287514
v 138.65640088 76.52391815 11.43297768
v 137.57061216 76.01950073 12.04123116
v 137.57061692 76.01950073 11.71476936
v 138.08931562 76.52394104 11.71476936
v 137.57061692 76.52394104 11.71476936
v 138.87141439 76.02038574 -8.07366562
v 138.90394422 76.01950836 11.52010536
v 138.87088033 76.01950836 -8.57129288
v 139.15031358 76.01950836 11.2858448
v 139.15031167 76.01950836 10.9727726
v 139.15032598 76.01950836 -8.07362747
v 139.1503069 76.01950836 -8.57129288
v 138.08931562 76.52394104 11.71476936
v 137.57061692 76.52394104 11.71476936
v 138.65640088 76.52391815 11.43297768
v 138.90335771 76.52394104 11.20287514
v 136.4848394 76.01950836 11.43297768
v 137.05192777 76.01950073 11.71476936
v 136.48366638 76.0194931 11.75436592
v 137.05090734 76.01950073 12.04123116
v 136.2378759 76.0194931 11.20285606
v 136.2378759 76.52393341 11.20285606
v 136.4848394 76.52391815 11.43297768
v 137.05192777 76.52394104 11.71476936
v 136.26982876 76.02037811 -8.07366562
v 136.23730847 76.0194931 11.52008629
v 136.27036282 76.0194931 -8.5712738
v 135.99093147 76.0194931 10.97275352
v 135.99093624 76.0194931 11.28582573
v 135.99091717 76.0194931 -8.07364655
v 135.99093624 76.0194931 -8.57131195
v 137.05192777 76.52394104 11.71476936
v 136.2378759 76.52393341 11.20285606
v 136.4848394 76.52391815 11.43297768
v 169.75870725 14.66354847 7.61472321
v 169.75870725 107.20819855 7.61472321
v 169.87233564 14.66354847 7.3917079
v 169.87233564 107.20819855 7.3917079
v 170.04932233 14.66354847 7.21472311
v 170.04932233 107.20819855 7.21472311
v 170.27234098 14.66354847 7.10109138
v 170.27234098 107.20819855 7.10109138
v 170.51955243 14.66354847 7.06193638
v 170.51955243 107.20819855 7.06193638
v 170.51955243 14.66354847 8.66193771
v 170.51955243 107.20819855 8.66193771
v 170.27234098 14.66354847 8.62278175
v 170.27234098 107.20819855 8.62278175
v 170.04932233 14.66354847 8.50914955
v 170.04932233 107.20819855 8.50914955
v 170.04932233 14.66354847 8.50914955
v 170.04932233 107.20819855 8.50914955
v 169.87233564 14.66354847 8.33216476
v 169.87233564 107.20819855 8.33216476
v 169.75870725 14.66354847 8.10914993
v 169.75870725 107.20819855 8.10914993
v 169.7195532 14.66354847 7.86193705
v 169.7195532 107.20819855 7.86193705
v 169.87233564 14.66354847 7.3917079
v 170.51955243 14.66354847 7.86193705
v 169.75870725 14.66354847 7.61472321
v 170.04932233 14.66354847 7.21472311
v 170.27234098 14.66354847 7.10109138
v 170.27234098 14.66354847 8.62278175
v 170.04932233 14.66354847 8.50914955
v 169.87233564 14.66354847 8.33216476
v 169.75870725 14.66354847 8.10914993
v 169.7195532 14.66354847 7.86193705
v 169.75870725 107.20819855 7.61472321
v 170.51955243 107.20819855 7.86193705
v 169.87233564 107.20819855 7.3917079
v 170.04932233 107.20819855 7.21472311
v 170.27234098 107.20819855 7.10109138
v 170.27234098 107.20819855 8.62278175
v 170.04932233 107.20819855 8.50914955
v 169.87233564 107.20819855 8.33216476
v 169.75870725 107.20819855 8.10914993
v 169.7195532 107.20819855 7.86193705
v 95.59083005 14.66354847 7.61472321
v 95.47720166 14.66354847 7.3917079
v 95.59083005 107.20819855 7.61472321
v 95.47720166 107.20819855 7.3917079
v 95.30021115 14.66354847 7.21472311
v 95.30021115 107.20819855 7.21472311
v 95.07720395 14.66354847 7.10109138
v 95.07720395 107.20819855 7.10109138
v 94.82998868 14.66354847 7.06193638
v 94.82998868 107.20819855 7.06193638
v 94.82998868 14.66354847 8.66193771
v 95.07720395 14.66354847 8.62278175
v 94.82998868 107.20819855 8.66193771
v 95.07720395 107.20819855 8.62278175
v 95.30021115 14.66354847 8.50914955
v 95.30021115 107.20819855 8.50914955
v 95.30021115 14.66354847 8.50914955
v 95.47720166 14.66354847 8.33216476
v 95.30021115 107.20819855 8.50914955
v 95.47720166 107.20819855 8.33216476
v 95.59083005 14.66354847 8.10914993
v 95.59083005 107.20819855 8.10914993
v 95.62999173 14.66354847 7.86193705
v 95.62999173 107.20819855 7.86193705
v 95.47720166 14.66354847 7.3917079
v 95.59083005 14.66354847 7.61472321
v 94.82998868 14.66354847 7.86193705
v 95.30021115 14.66354847 7.21472311
v 95.07720395 14.66354847 7.10109138
v 95.07720395 14.66354847 8.62278175
v 95.30021115 14.66354847 8.50914955
v 95.47720166 14.66354847 8.33216476
v 95.59083005 14.66354847 8.10914993
v 95.62999173 14.66354847 7.86193705
v 95.59083005 107.20819855 7.61472321
v 95.47720166 107.20819855 7.3917079
v 94.82998868 107.20819855 7.86193705
v 95.30021115 107.20819855 7.21472311
v 95.07720395 107.20819855 7.10109138
v 95.07720395 107.20819855 8.62278175
v 95.30021115 107.20819855 8.50914955
v 95.47720166 107.20819855 8.33216476
v 95.59083005 107.20819855 8.10914993
v 95.62999173 107.20819855 7.86193705
v 94.75833341 42.75748444 13.3907032
v 94.84708997 42.54319 13.30194283
v 170.97847959 42.75748444 13.3907032
v 170.88972303 42.54319 13.30194283
v 95.06138059 42.45443344 13.08765411
v 170.67543241 42.45443344 13.08765411
v 95.06138059 45.82198715 13.08765411
v 94.84708997 45.73322296 13.30194283
v 170.67543241 45.82198715 13.08765411
v 170.88972303 45.73322296 13.30194283
v 94.75833341 45.51893616 13.3907032
v 170.97847959 45.51893616 13.3907032
v 95.06138059 42.45443344 -12.24410629
v 94.84708997 42.54319 -12.458395
v 170.67543241 42.45443344 -12.24410629
v 170.88972303 42.54319 -12.458395
v 94.84708997 42.54319 -12.458395
v 94.75833341 42.75748444 -12.54715538
v 170.88972303 42.54319 -12.458395
v 170.97847959 42.75748444 -12.54715538
v 95.06138059 45.82198715 -12.24410629
v 170.67543241 45.82198715 -12.24410629
v 94.75833341 45.51893616 -12.54715538
v 170.97847959 45.51893616 -12.54715538
v 170.97847959 42.75748444 13.3907032
v 170.97847959 42.75748444 -12.54715538
v 170.97847959 45.51893616 13.3907032
v 170.97847959 45.51893616 -12.54715538
v 94.75833341 42.75748444 -12.54715538
v 94.75833341 42.75748444 13.3907032
v 94.75833341 45.51893616 -12.54715538
v 94.75833341 45.51893616 13.3907032
v 170.88972303 45.73322296 -12.458395
v 94.84708997 45.73322296 -12.458395
v 94.84708997 42.54319 13.30194283
v 94.84708997 42.54319 -12.458395
v 170.88972303 42.54319 13.30194283
v 170.88972303 42.54319 -12.458395
v 170.34412976 14.67672729 14.09576988
v 170.34412976 106.90145111 14.09576988
v 170.34412976 14.67672729 13.38669395
v 170.34412976 106.90145111 13.52777863
v 170.34412976 106.90145111 -14.20852661
v 173.77526303 106.90145111 -14.20852661
v 170.34412976 14.67672539 -14.20852661
v 173.77526303 11.20850563 -14.20852661
v 170.34412976 114.10110474 -14.20852661
v 173.77526303 114.10110474 -14.20852661
v 173.77526303 11.20850563 14.09547424
v 173.77526303 106.90145111 14.09547424
v 173.77526303 114.10110474 14.09547424
v 91.43824979 106.90145111 14.09547424
v 91.43824979 106.90145111 -14.20852661
v 91.43824979 11.20850563 14.09547424
v 91.43824979 11.20850563 -14.20852661
v 91.43824979 114.10110474 -14.20852661
v 91.43824979 114.10110474 14.09547424
v 94.86938688 106.90145111 -14.20852661
v 94.86938688 14.67672539 -14.20852661
v 94.86938688 114.10110474 -14.20852661
v 94.86938688 14.67672729 13.38669586
v 94.86938688 106.90145111 13.52777863
v 94.86938688 14.67672729 14.09576988
v 94.86938688 106.90145111 14.09576988
v 170.34412976 117.85968781 14.09547615
v 173.77526303 117.85968781 14.09547615
v 170.34412976 117.85968781 -14.20854568
v 173.77526303 117.85968781 -14.2085495
v 91.43824979 117.85968781 14.09547615
v 94.86938688 117.85968781 14.09547615
v 91.43824979 117.85968781 -14.2085495
v 94.86938688 117.85968781 -14.20854568
v 94.86938688 14.67672729 14.09576988
v 170.34412976 14.67672729 14.09576988
v 94.86938688 14.67672729 13.38669586
v 170.34412976 14.67672729 13.38669395
v 94.86938688 14.67672729 -11.77459335
v 170.34412976 14.67672729 -11.77459335
v 94.86938688 106.90145111 -11.77459335
v 170.34412976 106.90145111 -11.77459335
v 173.77526303 106.90145111 14.09547424
v 173.77526303 114.10110474 14.09547424
v 170.34412976 106.90145111 14.09576988
v 170.34412976 114.10110474 14.09547424
v 173.77526303 11.20850563 14.09547424
v 170.34412976 14.67672729 14.09576988
v 94.86938688 14.67672729 14.09576988
v 94.86938688 106.90145111 14.09576988
v 94.86938688 114.10110474 14.09547424
v 170.34412976 114.10110474 17.29547501
v 176.97526761 114.10110474 17.29547501
v 170.34412976 117.85968781 17.29547691
v 176.97526761 117.85968781 17.29547691
v 176.97526761 114.10110474 17.29547501
v 176.97526761 117.85967255 -17.40855026
v 176.97526761 114.10108185 -17.40852928
v 88.23825284 114.10110474 17.29547501
v 94.86938688 114.10110474 17.29547501
v 88.23825284 117.85968781 17.29547691
v 94.86938688 117.85968781 17.29547691
v 88.23825284 117.85967255 -17.40855026
v 88.23825284 114.10108185 -17.40852737
v 94.86938688 114.10108185 -17.40852737
v 94.86938688 117.85967255 -17.40854645
v 176.97526761 114.10108185 -17.40852928
v 170.34412976 114.10108185 -17.40852737
v 170.34412595 117.85967255 -17.40854645
v 170.34412976 114.10110474 14.09547424
v 173.77526303 114.10110474 14.09547424
v 176.97526761 114.10108185 -17.40852928
v 173.77526303 114.10110474 -14.20852661
v 94.86938688 114.10110474 14.09547424
v 91.43824979 114.10110474 14.09547424
v 88.23825284 114.10108185 -17.40852737
v 91.43824979 114.10110474 -14.20852661
v 94.86938688 114.10110474 -14.20852661
v 94.86938688 114.10108185 -17.40852737
v 170.34412976 114.10110474 -14.20852661
v 170.34412976 114.10108185 -17.40852737
v 174.48236676 10.90850639 -14.91563416
v 174.48236676 10.90844536 14.80256653
v 174.82021924 10.90849686 -15.25348663
v 174.82022306 10.90842247 15.14042091
v 90.73114606 10.90844536 14.80256653
v 90.73114606 10.90850639 -14.91563416
v 90.3932974 10.90842247 15.14042091
v 90.3932974 10.90849876 -15.25348663
v 90.73114606 10.90850639 -14.91563416
v 90.3932974 10.90849876 -15.25348663
v 174.85730191 9.06969452 -15.29057884
v 174.85730191 9.06961632 15.17749596
v 174.42022153 8.71649647 -14.85349655
v 174.42022153 8.71642971 14.74041176
v 90.35621091 9.06961823 15.17749786
v 90.35621091 9.06969547 -15.29057884
v 90.79329892 8.71642876 14.74041176
v 90.79329892 8.71649647 -14.85349655
v 90.35621091 9.06969547 -15.29057884
v 90.79329892 8.71649647 -14.85349655
v 174.88738843 10.88067245 -15.32065773
v 90.32612821 10.88067532 -15.32065773
v 174.91520902 10.81350422 -15.34847832
v 90.29830381 10.81350517 -15.34847832
v 174.91520902 10.81342697 15.23540688
v 174.88739225 10.88059616 15.2075882
v 90.32612821 10.88067532 -15.32065773
v 90.32612821 10.88059616 15.2075882
v 90.29830381 10.81350517 -15.34847832
v 90.29830381 10.81342697 15.23540688
v 174.91520139 9.19091415 -15.3484726
v 174.89969846 9.12388229 -15.33297348
v 90.29831907 9.19091702 -15.3484726
v 90.31381818 9.12388325 -15.33297348
v 174.89969846 9.12380314 15.2198925
v 174.91520139 9.19083595 15.23539543
v 90.29831907 9.19091702 -15.3484726
v 90.31381818 9.12388325 -15.33297348
v 90.29831907 9.19083691 15.23539543
v 90.31381818 9.12380409 15.21989441
v 173.77526303 11.20850563 -14.20852661
v 173.77526303 11.20850563 14.09547424
v 174.41038343 11.20850563 -14.84364128
v 174.41038343 11.20845032 14.73059082
v 91.43824979 11.20850563 14.09547424
v 91.43824979 11.20850563 -14.20852661
v 90.80314084 11.20845032 14.73058891
v 90.80314084 11.20850563 -14.84364128
v 91.43824979 11.20850563 -14.20852661
v 90.80314084 11.20850563 -14.84364128
v 174.48237058 11.13651276 -14.91563416
v 174.48237058 11.13645554 14.80257607
v 90.73113462 11.13645458 14.80257607
v 90.73113462 11.13651276 -14.91563416
v 90.73113462 11.13651276 -14.91563416
v 174.46128675 11.18741894 -14.89454842
v 90.75222989 11.18741894 -14.89454842
v 174.46129056 11.18736172 14.78149414
v 90.75222989 11.18741894 -14.89454842
v 90.75222989 11.18736172 14.78149414
v 173.48563596 8.71646118 -14.53495407
v 173.48563596 8.71646309 14.42186928
v 91.591181 8.71646309 14.42186928
v 91.591181 8.71646118 -14.53495407
v 91.591181 8.71646118 -14.53495407
v 173.48563596 8.42113686 -14.45986557
v 173.48563596 8.42107582 14.34678078
v 91.59118863 8.42107391 14.33529854
v 91.59118863 8.42113686 -14.44838333
v 91.59118863 8.42113686 -14.44838333
v 174.69114515 8.46085644 -15.75966263
v 174.69114515 8.46079445 15.64657402
v 174.87901517 -0.2265266 -15.83155823
v 174.87900754 -0.22658382 15.71847343
v 90.38325711 8.46013165 -15.74799156
v 90.20018979 -0.22724901 -15.83137131
v 90.38325711 8.46006966 15.63490486
v 90.38325711 8.46013165 -15.74799156
v 90.20018979 -0.22731577 15.71828461
v 90.20018979 -0.22724901 -15.83137131
v 175.16485425 9.72515965 15.46360207
v 175.15754529 10.32603264 15.45692444
v 90.04865857 9.72516251 15.46360207
v 90.05597135 10.32603645 15.45692062
v 175.15754911 10.3261137 -15.56999779
v 175.16485425 9.7252388 -15.57667732
v 90.05597135 10.3261137 -15.56999779
v 90.04865857 9.72524643 -15.57667923
v 90.05597135 10.3261137 -15.56999779
v 90.04865857 9.72524643 -15.57667923
v 90.20018979 -0.22724901 -15.83137131
v 174.87901517 -0.2265266 -15.83155823
v 90.20018979 -0.22731577 15.71828461
v 174.87900754 -0.22658382 15.71847343
v 170.34412976 106.90145111 13.52777863
v 94.86938688 106.90145111 13.52777863
v 94.86938688 114.16616058 13.527771
v 170.34412976 114.16616058 13.527771
v 170.34412976 114.10110474 14.09547424
v 170.34412976 114.16616058 13.527771
v 170.34412976 114.10110474 14.09547424
v 94.86938688 114.10110474 14.09547424
v 94.86938688 114.10110474 14.09547424
v 94.86938688 114.16616058 13.527771
v 94.75833341 73.28688812 13.3907032
v 94.84708997 73.07260132 13.30194283
v 170.97847959 73.28688812 13.3907032
v 170.88972303 73.07260132 13.30194283
v 95.06138059 72.98383331 13.08765411
v 170.67543241 72.98383331 13.08765411
v 95.06138059 76.35138702 13.08765411
v 94.84708997 76.26263428 13.30194283
v 170.67543241 76.35138702 13.08765411
v 170.88972303 76.26263428 13.30194283
v 94.75833341 76.04833984 13.3907032
v 170.97847959 76.04833984 13.3907032
v 95.06138059 72.98383331 -12.24410629
v 94.84708997 73.07260132 -12.458395
v 170.67543241 72.98383331 -12.24410629
v 170.88972303 73.07260132 -12.458395
v 94.84708997 73.07260132 -12.458395
v 94.75833341 73.28688812 -12.54715538
v 170.88972303 73.07260132 -12.458395
v 170.97847959 73.28688812 -12.54715538
v 95.06138059 76.35138702 -12.24410629
v 170.67543241 76.35138702 -12.24410629
v 94.75833341 76.04833984 -12.54715538
v 170.97847959 76.04833984 -12.54715538
v 170.97847959 73.28688812 13.3907032
v 170.97847959 73.28688812 -12.54715538
v 170.97847959 76.04833984 13.3907032
v 170.97847959 76.04833984 -12.54715538
v 94.75833341 73.28688812 -12.54715538
v 94.75833341 73.28688812 13.3907032
v 94.75833341 76.04833984 -12.54715538
v 94.75833341 76.04833984 13.3907032
v 170.88972303 76.26263428 -12.458395
v 94.84708997 76.26263428 -12.458395
v 94.84708997 73.07260132 13.30194283
v 94.84708997 73.07260132 -12.458395
v 170.88972303 73.07260132 13.30194283
v 170.88972303 73.07260132 -12.458395
vn -0 1 -0
vn -0.8865 -0 -0.46273
vn -0.88652 -0 -0.4627
vn -0.46191 -0 -0.88693
vn 0.46865 0 0.88338
vn -0.46865 -0 0.88338
vn 0.46191 0 -0.88693
vn -1 -0 0.00195
vn -1 -0 0.00177
vn 0.57749 0 0.8164
vn -1 -0 0.0014
vn 0.88811 0 0.45962
vn -0.00027 1 -0
vn -0 1 -0
vn 1 0 0
vn -0.00085 1 -0
vn -0.00119 1 0.0004
vn -0.00113 1 0.00085
vn -3E-05 1 -6E-05
vn 3E-05 1 -6E-05
vn 0.00034 1 -3E-05
vn -0.00034 1 -3E-05
vn -0.00125 1 -6E-05
vn 0 0 -1
vn 3E-05 0 -1
vn -3E-05 -0 -1
vn 6E-05 0 -1
vn -1 -0 -0
vn 0.8865 0 -0.46273
vn 0.88652 0 -0.4627
vn 1 0 0.00195
vn 1 0 0.00177
vn -0.57749 -0 0.8164
vn 1 0 0.0014
vn -0.88811 -0 0.45962
vn 0.00027 1 0
vn 0.00085 1 0
vn 0.00119 1 0.0004
vn 0.00113 1 0.00085
vn 0.00125 1 -6E-05
vn -6E-05 -0 -1
vn 0 -1 0
vn -0.00027 -1 -0
vn -0.00085 -1 -0
vn -0.00119 -1 0.0004
vn -0.00113 -1 0.00085
vn 0.00034 -1 -3E-05
vn -0.00034 -1 -3E-05
vn -3E-05 -1 -6E-05
vn 3E-05 -1 -6E-05
vn -0.00125 -1 -6E-05
vn 0.00027 -1 0
vn 0 -1 0
vn 0.00085 -1 0
vn 0.00119 -1 0.0004
vn 0.00113 -1 0.00085
vn 0.00125 -1 -6E-05
vn -0 1 -0
vn -0 1 -0
vn -0.93217 -0 -0.36201
vn -0.93219 -0 -0.36198
vn -0.57347 -0 -0.81923
vn 0.2375 0 0.97139
vn -0 0 1
vn -0.23382 -0 -0.97228
vn 0.58058 0 0.8142
vn -1 -0 0.00145
vn -1 -0 0.00132
vn 0.68904 0 0.72472
vn -1 -0 0.00104
vn 0.93321 0 0.35932
vn -0.00037 1 -0
vn 1 0 0
vn -0.00115 1 -0
vn -0.0016 1 0.0004
vn -0.00152 1 0.00085
vn 0.00066 1 0
vn 0.00074 1 0
vn -0.00168 1 -6E-05
vn -4E-05 1 -6E-05
vn 0.00045 1 -3E-05
vn 4E-05 0 -1
vn -4E-05 -0 -1
vn 8E-05 0 -1
vn -1 -0 -0
vn 0.93217 0 -0.36201
vn 0.57347 0 -0.81923
vn 0.93219 0 -0.36198
vn -0.2375 -0 0.97139
vn 0.23382 0 -0.97228
vn -0.58058 -0 0.8142
vn 1 0 0.00145
vn 1 0 0.00132
vn -0.68904 -0 0.72472
vn 1 0 0.00104
vn -0.93321 -0 0.35932
vn 0.00037 1 0
vn 0.00115 1 0
vn 0.0016 1 0.0004
vn 0.00152 1 0.00085
vn -0.00066 1 -0
vn -0.00074 1 -0
vn -0.00045 1 -3E-05
vn 4E-05 1 -6E-05
vn 0.00168 1 -6E-05
vn -4E-05 -0 -1
vn 4E-05 0 -1
vn -8E-05 -0 -1
vn 0 -1 0
vn 0 -1 0
vn -0.00037 -1 -0
vn -0.00115 -1 -0
vn -0.0016 -1 0.0004
vn -0.00152 -1 0.00085
vn 0.00066 -1 0
vn 0.00074 -1 0
vn 0.00045 -1 -3E-05
vn -4E-05 -1 -6E-05
vn -0.00168 -1 -6E-05
vn 0.00037 -1 0
vn 0.00115 -1 0
vn 0.0016 -1 0.0004
vn 0.00152 -1 0.00085
vn -0.00066 -1 -0
vn -0.00074 -1 -0
vn 0.00168 -1 -6E-05
vn 4E-05 -1 -6E-05
vn -0.00045 -1 -3E-05
vn 0.17897 0 0.98386
vn -0.17613 -0 -0.98437
vn 0.00049 1 0
vn 0.00055 1 0
vn -3E-05 -0 -1
vn -0.17897 -0 0.98386
vn 0.17613 0 -0.98437
vn -0.00049 1 -0
vn -0.00055 1 -0
vn 3E-05 0 -1
vn 0.00049 -1 0
vn 0.00055 -1 0
vn -0.00049 -1 -0
vn -0.00055 -1 -0
vn -0 1 -0
vn -0 1 -0
vn -0.93217 -0 -0.36201
vn -0.93219 -0 -0.36198
vn -0.57347 -0 -0.81923
vn 0.2375 0 0.97139
vn -0.23382 -0 -0.97228
vn 0.58058 0 0.8142
vn -1 -0 0.00145
vn -1 -0 0.00132
vn 0.68904 0 0.72472
vn -1 -0 0.00104
vn 0.93321 0 0.35932
vn -0.00037 1 -0
vn 1 0 0
vn -0.0016 1 0.0004
vn -0.00152 1 0.00085
vn 0.00066 1 0
vn 0.00074 1 0
vn -0.00168 1 -6E-05
vn -4E-05 1 -6E-05
vn 0.00045 1 -3E-05
vn 4E-05 0 -1
vn -4E-05 -0 -1
vn 8E-05 0 -1
vn -1 -0 -0
vn 0.93217 0 -0.36201
vn 0.57347 0 -0.81923
vn 0.93219 0 -0.36198
vn -0.2375 -0 0.97139
vn 0.23382 0 -0.97228
vn -0.58058 -0 0.8142
vn 1 0 0.00145
vn 1 0 0.00132
vn -0.68904 -0 0.72472
vn 1 0 0.00104
vn -0.93321 -0 0.35932
vn 0.00037 1 0
vn 0.00115 1 0
vn 0.0016 1 0.0004
vn 0.00152 1 0.00085
vn -0.00066 1 -0
vn -0.00074 1 -0
vn -0.00045 1 -3E-05
vn 4E-05 1 -6E-05
vn 0.00168 1 -6E-05
vn -4E-05 -0 -1
vn 4E-05 0 -1
vn -8E-05 -0 -1
vn 0 -1 0
vn 0 -1 0
vn -0.00037 -1 -0
vn -0.00115 -1 -0
vn -0.0016 -1 0.0004
vn -0.00152 -1 0.00085
vn 0.00066 -1 0
vn 0.00074 -1 0
vn 0.00045 -1 -3E-05
vn -4E-05 -1 -6E-05
vn -0.00168 -1 -6E-05
vn 0.00037 -1 0
vn 0.0016 -1 0.0004
vn 0.00152 -1 0.00085
vn -0.00066 -1 -0
vn -0.00074 -1 -0
vn 0.00168 -1 -6E-05
vn 4E-05 -1 -6E-05
vn -0.00045 -1 -3E-05
vn -0.8865 -0 -0.46273
vn -0.88652 -0 -0.4627
vn -0.46191 -0 -0.88693
vn 0.17897 0 0.98386
vn -0.17613 -0 -0.98437
vn -1 -0 0.00195
vn -1 -0 0.00177
vn 0.57749 0 0.8164
vn -1 -0 0.0014
vn 0.88811 0 0.45962
vn 1 0 0
vn -0.00085 1 -0
vn -0.00119 1 0.0004
vn -0.00125 1 -6E-05
vn -3E-05 1 -6E-05
vn 0.00034 1 -3E-05
vn 3E-05 0 -1
vn -3E-05 -0 -1
vn 6E-05 0 -1
vn -1 -0 -0
vn 0.8865 0 -0.46273
vn 0.46191 0 -0.88693
vn 0.88652 0 -0.4627
vn -0.17897 -0 0.98386
vn 0.17613 0 -0.98437
vn 1 0 0.00195
vn 1 0 0.00177
vn -0.57749 -0 0.8164
vn 1 0 0.0014
vn -0.88811 -0 0.45962
vn 0.00027 1 0
vn 0.00085 1 0
vn 0.00119 1 0.0004
vn 0.00113 1 0.00085
vn -0.00034 1 -3E-05
vn 3E-05 1 -6E-05
vn 0.00125 1 -6E-05
vn -3E-05 -0 -1
vn 3E-05 0 -1
vn -6E-05 -0 -1
vn -0.00027 -1 -0
vn -0.00085 -1 -0
vn -0.00119 -1 0.0004
vn -0.00113 -1 0.00085
vn 0.00034 -1 -3E-05
vn -3E-05 -1 -6E-05
vn -0.00125 -1 -6E-05
vn 0.00085 -1 0
vn 0.00119 -1 0.0004
vn 0.00125 -1 -6E-05
vn 3E-05 -1 -6E-05
vn -0.00034 -1 -3E-05
vn -0 1 -0
vn -0 1 -0
vn -0.81086 -0 -0.58524
vn -0.81089 -0 -0.5852
vn -0.35248 -0 -0.93582
vn 0.13043 0 0.99146
vn -0.12833 -0 -0.99173
vn 0.35822 0 0.93364
vn -1 -0 0.0027
vn -1 -0 0.00245
vn 0.45544 0 0.89027
vn -1 -0 0.00194
vn 0.81323 0 0.58194
vn -0.0002 1 -0
vn 1 0 0
vn -0.00062 1 -0
vn -0.00086 1 0.0004
vn -0.00082 1 0.00085
vn 0.00035 1 0
vn 0.0004 1 0
vn -0.00091 1 -6E-05
vn -2E-05 1 -6E-05
vn 0.00024 1 -3E-05
vn 2E-05 0 -1
vn -2E-05 -0 -1
vn 4E-05 0 -1
vn -1 -0 -0
vn 0.81086 0 -0.58524
vn 0.35248 0 -0.93582
vn 0.81089 0 -0.5852
vn -0.13043 -0 0.99146
vn 0.12833 0 -0.99173
vn -0.35822 -0 0.93364
vn 1 0 0.0027
vn 1 0 0.00245
vn -0.45544 -0 0.89027
vn 1 0 0.00194
vn -0.81323 -0 0.58194
vn 0.0002 1 0
vn 0.00062 1 0
vn 0.00086 1 0.0004
vn 0.00082 1 0.00085
vn -0.00035 1 -0
vn -0.0004 1 -0
vn -0.00024 1 -3E-05
vn 2E-05 1 -6E-05
vn 0.0009 1 -6E-05
vn -2E-05 -0 -1
vn 2E-05 0 -1
vn -4E-05 -0 -1
vn 0 -1 0
vn 0 -1 0
vn -0.0002 -1 -0
vn -0.00062 -1 -0
vn -0.00086 -1 0.0004
vn -0.00082 -1 0.00085
vn 0.00035 -1 0
vn 0.0004 -1 0
vn 0.00024 -1 -3E-05
vn -2E-05 -1 -6E-05
vn -0.0009 -1 -6E-05
vn 0.0002 -1 0
vn 0.00062 -1 0
vn 0.00086 -1 0.0004
vn 0.00082 -1 0.00085
vn -0.00035 -1 -0
vn -0.0004 -1 -0
vn 0.00091 -1 -6E-05
vn 2E-05 -1 -6E-05
vn -0.00024 -1 -3E-05
vn -0 1 -0
vn -0 1 -0
vn -0.93925 -0 -0.34323
vn -0.93926 -0 -0.34319
vn -0.59688 -0 -0.80233
vn 0.25148 0 0.96786
vn -0.24762 -0 -0.96886
vn 0.60398 0 0.797
vn -1 -0 0.00137
vn -1 -0 0.00124
vn 0.71076 0 0.70343
vn -1 -0 0.00098
vn 0.9402 0 0.34064
vn -0.00039 1 -0
vn 1 0 0
vn -0.00122 1 -0
vn -0.0017 1 0.0004
vn -0.00161 1 0.00085
vn 0.0007 1 0
vn 0.00078 1 0
vn -0.00179 1 -6E-05
vn -4E-05 1 -6E-05
vn 0.00048 1 -3E-05
vn 4E-05 0 -1
vn -4E-05 -0 -1
vn 9E-05 0 -1
vn -1 -0 -0
vn 0.93925 0 -0.34323
vn 0.59688 0 -0.80233
vn 0.93926 0 -0.34319
vn -0.25148 -0 0.96786
vn 0.24762 0 -0.96886
vn -0.60398 -0 0.797
vn 1 0 0.00137
vn 1 0 0.00124
vn -0.71076 -0 0.70343
vn 1 0 0.00098
vn -0.9402 -0 0.34064
vn 0.00039 1 0
vn 0.00122 1 0
vn 0.0017 1 0.0004
vn 0.00161 1 0.00085
vn -0.0007 1 -0
vn -0.00078 1 -0
vn -0.00048 1 -3E-05
vn 4E-05 1 -6E-05
vn 0.00179 1 -6E-05
vn -4E-05 -0 -1
vn 4E-05 0 -1
vn -9E-05 -0 -1
vn 0 -1 0
vn 0 -1 0
vn -0.00039 -1 -0
vn -0.00122 -1 -0
vn -0.0017 -1 0.0004
vn -0.00161 -1 0.00085
vn 0.0007 -1 0
vn 0.00078 -1 0
vn 0.00048 -1 -3E-05
vn -4E-05 -1 -6E-05
vn -0.00179 -1 -6E-05
vn 0.00039 -1 0
vn 0.00122 -1 0
vn 0.0017 -1 0.0004
vn 0.00161 -1 0.00085
vn -0.0007 -1 -0
vn -0.00078 -1 -0
vn 0.00179 -1 -6E-05
vn 4E-05 -1 -6E-05
vn -0.00048 -1 -3E-05
vn -0.88652 -0 -0.4627
vn -0.17613 -0 -0.98437
vn 0.46865 0 0.88338
vn 0.57749 0 0.8164
vn -1 -0 0.0014
vn 0.88811 0 0.45962
vn 0.00049 1 0
vn -0.00125 1 -6E-05
vn -3E-05 -0 -1
vn 0.88652 0 -0.4627
vn 0.17613 0 -0.98437
vn -0.46865 -0 0.88338
vn -0.57749 -0 0.8164
vn 1 0 0.0014
vn -0.88811 -0 0.45962
vn -0.00049 1 -0
vn -0.00034 1 -3E-05
vn 3E-05 1 -6E-05
vn 3E-05 0 -1
vn 0.00049 -1 0
vn 0.00034 -1 -3E-05
vn -3E-05 -1 -6E-05
vn -0.00049 -1 -0
vn 0.00125 -1 -6E-05
vn -0 1 -0
vn -0.86518 -0 -0.50146
vn -0.8652 -0 -0.50142
vn -0.42464 -0 -0.90536
vn 0.43111 0 0.9023
vn -0.43111 -0 0.9023
vn 0.42464 0 -0.90536
vn -1 -0 0.00217
vn -1 -0 0.00197
vn 0.53729 0 0.8434
vn -1 -0 0.00156
vn 0.86704 0 0.49824
vn -0.00025 1 -0
vn -0 1 -0
vn 1 0 0
vn -0.00077 1 -0
vn -0.00107 1 0.0004
vn -0.00102 1 0.00085
vn -3E-05 1 -6E-05
vn 3E-05 1 -6E-05
vn 0.0003 1 -3E-05
vn -0.0003 1 -3E-05
vn -0.00113 1 -6E-05
vn 0 0 -1
vn 3E-05 0 -1
vn -3E-05 -0 -1
vn 5E-05 0 -1
vn -1 -0 -0
vn 0.86518 0 -0.50146
vn 0.8652 0 -0.50142
vn 1 0 0.00217
vn 1 0 0.00197
vn -0.53729 -0 0.8434
vn 1 0 0.00156
vn -0.86704 -0 0.49824
vn 0.00025 1 0
vn 0.00077 1 0
vn 0.00107 1 0.0004
vn 0.00102 1 0.00085
vn 0.00113 1 -6E-05
vn -5E-05 -0 -1
vn 0 -1 0
vn -0.00025 -1 -0
vn -0.00077 -1 -0
vn -0.00107 -1 0.0004
vn -0.00102 -1 0.00085
vn 0.0003 -1 -3E-05
vn -0.0003 -1 -3E-05
vn -3E-05 -1 -6E-05
vn 3E-05 -1 -6E-05
vn -0.00113 -1 -6E-05
vn 0.00025 -1 0
vn 0 -1 0
vn 0.00077 -1 0
vn 0.00107 -1 0.0004
vn 0.00102 -1 0.00085
vn 0.00113 -1 -6E-05
vn -0.95106 0 -0.30901
vn -0.80902 0 -0.58779
vn -0.58778 0 -0.80902
vn -0.30902 0 -0.95106
vn -0.15644 0 -0.98769
vn -0.15644 0 0.98769
vn -0.30902 0 0.95106
vn -0.58778 0 0.80902
vn -0.80902 0 0.58779
vn -0.95106 0 0.30901
vn -1 0 0
vn 0 -1 -0
vn 0 -1 0
vn 0 -1 -0
vn 0 -1 0
vn 0 -1 -0
vn 0 -1 0
vn 0 -1 0
vn 0 -1 -0
vn 0 -1 0
vn 0 -1 0
vn 0 1 -2E-05
vn 0 1 -0
vn 0 1 2E-05
vn 0 1 1E-05
vn 0 1 -1E-05
vn 0 1 0
vn 0 1 1E-05
vn 0 1 -1E-05
vn 0 1 -2E-05
vn 0 1 2E-05
vn 1 0 0
vn 0.95106 0 -0.30902
vn 0.80901 0 -0.58779
vn 0.58779 0 -0.80902
vn 0.30902 0 -0.95105
vn 0.15644 0 -0.98769
vn 0.15644 0 0.98769
vn 0.30902 0 0.95105
vn 0.58779 0 0.80902
vn 0.80901 0 0.58779
vn 0.95106 0 0.30902
vn 0 -1 -0
vn 0 -1 -0
vn 0 -1 -0
vn 0 -1 -0
vn 0 -1 0
vn 0 -1 -0
vn 0 1 -3E-05
vn 0 1 -0
vn 0 1 -3E-05
vn 0 1 -1E-05
vn 0 1 1E-05
vn 0 1 2E-05
vn -1 0 0
vn 0 -0.02325 0.99973
vn 0 -0.38269 0.92388
vn 0 -0.92388 0.38269
vn -0.00172 -0.99999 0.0051
vn 0.00172 -0.99999 0.0051
vn -0.00172 0.99999 0.0051
vn 0 0.92388 0.38269
vn 0.00172 0.99999 0.0051
vn 0 0.38269 0.92388
vn 0 0.02325 0.99973
vn -0.00172 -0.99999 -0.0051
vn 0 -0.92388 -0.38269
vn 0.00172 -0.99999 -0.0051
vn 0 -0.38269 -0.92388
vn 0 -0.02325 -0.99973
vn -0.00172 0.99999 -0.0051
vn 0.00172 0.99999 -0.0051
vn 0 0.02325 -0.99973
vn 0.99973 -0.0232 0
vn 0.99973 -0.0232 0
vn 0.99973 0.0232 0
vn 0.99973 0.0232 0
vn -0.99973 -0.0232 0
vn -0.99973 -0.0232 0
vn -0.99973 0.0232 0
vn -0.99973 0.0232 0
vn 0.38268 0.92388 0
vn 0.38268 0.92388 0
vn 0.92388 0.38267 0
vn 0.92388 0.38267 0
vn -0.92388 0.38268 0
vn -0.38269 0.92388 0
vn -0.38269 0.92388 0
vn 0 0.38269 -0.92388
vn 0 0.92388 -0.38269
vn -0.38269 -0.92388 0
vn -0.38269 -0.92388 0
vn -0.92388 -0.38268 0
vn 0.92388 -0.38267 0
vn 0.92388 -0.38267 0
vn 0.38268 -0.92388 0
vn 0.38268 -0.92388 0
vn -1 -0 0
vn -1 -0 0
vn 0 0 -1
vn 1 0 0
vn 1 0 0
vn 0 1 -0
vn -0 1 -0
vn 0 1 -0
vn -0 1 -0
vn -0 1 -0
vn 0 1 -0
vn 0 0 1
vn 4E-05 2E-05 1
vn 9E-05 0 1
vn 0 -9E-05 1
vn -9E-05 0 1
vn -9E-05 0 1
vn -4E-05 2E-05 1
vn 0 -0 1
vn 0 -0 1
vn 1 -0 0
vn 1 -0 0
vn 0 -0 1
vn 0 -0 1
vn -1 -0 0
vn -1 -0 0
vn 0 -1E-05 -1
vn 0 -1E-05 -1
vn -0 -1E-05 -1
vn -0 -1E-05 -1
vn -0 -1E-05 -1
vn -0 -1 0
vn -0 -1 0
vn 0 1 -0
vn -0 -1 0
vn -0 -1 0
vn -0 1 -0
vn -0 1 -0
vn 0 -1 0
vn 0 -1 0
vn 0 -1 0
vn 0 -1 0
vn 0 -1 0
vn 0 -1 1E-05
vn 0 1 -0
vn 0 -1 1E-05
vn -0 1 -0
vn 0 1 -0
vn 1E-05 1 -2E-05
vn 1E-05 1 5E-05
vn 0.04047 0.99286 -0.11225
vn 0.04047 0.99285 0.11228
vn -1E-05 1 5E-05
vn -1E-05 1 -2E-05
vn -0.04047 0.99285 0.11228
vn -0.04047 0.99286 -0.11225
vn 0.6673 -0.74479 -0
vn 0.6673 -0.74479 -0
vn 0.62851 -0.7778 -0
vn 0.62851 -0.7778 -0
vn -0.66732 -0.74477 -0
vn -0.66732 -0.74477 -0
vn -0.62851 -0.7778 -0
vn -0.62851 -0.7778 -0
vn -0 -0.74505 -0.66701
vn -0 -0.74505 -0.66701
vn 0 -0.77779 -0.62852
vn 0 -0.77779 -0.62852
vn 0 -0.74506 0.66699
vn 0 -0.74506 0.66699
vn 0 -0.7778 0.62851
vn 0 -0.7778 0.62851
vn 0 0.58103 -0.81388
vn 0 0.58103 -0.81388
vn 0 0.41143 -0.91144
vn 0 0.41143 -0.91144
vn 0.89772 0.44057 0
vn 0.81409 0.58074 0
vn 0.89772 0.44057 0
vn 0.81408 0.58075 0
vn -0.81406 0.58077 0
vn -0.81406 0.58078 0
vn -0.89773 0.44056 0
vn -0.89773 0.44056 0
vn 0 0.41143 0.91144
vn 0 0.58101 0.81389
vn 0 0.41143 0.91144
vn 0 0.58101 0.8139
vn 0 -0.38069 -0.9247
vn 0 -0.37509 -0.92699
vn 0 -0.38069 -0.9247
vn 0 -0.3751 -0.92699
vn 0.92702 -0.375 -0
vn 0.92703 -0.375 -0
vn 0.91246 -0.40917 -0
vn 0.91246 -0.40917 -0
vn -0.91245 -0.40919 -0
vn -0.92706 -0.37492 -0
vn -0.91245 -0.40919 -0
vn -0.92706 -0.37492 -0
vn -0 -0.37512 0.92698
vn -0 -0.37513 0.92697
vn -0 -0.38069 0.9247
vn -0 -0.38069 0.9247
vn 1E-05 1 0
vn 1E-05 1 6E-05
vn 0.02089 0.99804 -0.05895
vn 0.02089 0.99804 0.05901
vn -1E-05 1 6E-05
vn -1E-05 1 0
vn -0.02089 0.99804 0.05901
vn -0.02089 0.99804 -0.05895
vn 0.99817 0.06041 0
vn 0.99817 0.06042 0
vn 1 -2E-05 -0
vn 1 -2E-05 -0
vn -0.99817 0.06042 0
vn -0.99817 0.06042 0
vn -1 -4E-05 -0
vn -0 0.06045 -0.99817
vn -0 0.06046 -0.99817
vn -0 0 -1
vn -0 0 -1
vn -0 0.06042 0.99817
vn -0 0.06041 0.99817
vn 0 -4E-05 1
vn 0 -4E-05 1
vn 0 0.92389 -0.38267
vn 0 0.92389 -0.38267
vn 0 0.38267 -0.92388
vn 0 0.38267 -0.92388
vn 0.92389 0.38266 0
vn 0.92389 0.38266 0
vn 0.38272 0.92386 0
vn -0.38266 0.92389 0
vn -0.38266 0.92389 0
vn -0.92384 0.38277 0
vn -0.92384 0.38277 0
vn -0 0.38263 0.9239
vn -0 0.92385 0.38275
vn -0 0.92385 0.38275
vn 0 -1 -2E-05
vn 0 -1 -2E-05
vn 0 -1 -6E-05
vn 0 -1 -6E-05
vn 0 -1 -3E-05
vn -0 -1 -3E-05
vn 0 -1 -7E-05
vn -0 -1 -7E-05
vn 1 -0 0
vn 1 -0 0
vn -1 -4E-05 -0
vn -1 -4E-05 -0
vn -1 -4E-05 -0
vn -7E-05 -0.26399 -0.96453
vn -7E-05 -0.26399 -0.96453
vn -7E-05 -0.26394 0.96454
vn -7E-05 -0.26394 0.96454
vn -7E-05 -0.26394 0.96454
vn 0.99977 0.02162 0
vn 0.99977 0.02162 0
vn 0.99977 0.02162 0
vn -7E-05 0.00894 -0.99996
vn -7E-05 0.00894 -0.99996
vn -0.99978 0.02107 0
vn -0.99978 0.02107 0
vn -0.99978 0.02107 0
vn -0.99978 0.02107 0
vn -7E-05 0.00894 0.99996
vn -7E-05 0.00894 0.99996
vn -7E-05 0.00894 0.99996
vn -0.00848 0.99971 0.02248
vn -0.00848 0.99971 -0.02247
vn -0.00771 0.9997 0.02319
vn -0.00771 0.9997 -0.02319
vn 0.00831 0.99971 0.02247
vn 0.00757 0.9997 0.02317
vn 0.00831 0.99971 -0.02247
vn 0.00757 0.9997 -0.02317
vn -0 -0.16141 0.98689
vn -0 0.17221 0.98506
vn -0 -0.1614 0.98689
vn -0 0.17221 0.98506
vn 0.98159 0.191 0
vn 0.98385 -0.17897 -0
vn 0.98159 0.191 0
vn 0.98385 -0.17897 -0
vn 0 0.17222 -0.98506
vn 0 -0.1614 -0.98689
vn 0 0.17222 -0.98506
vn 0 -0.1614 -0.98689
vn -0.98159 0.191 0
vn -0.98385 -0.17898 -0
vn -0.98159 0.191 0
vn -0.98385 -0.17898 -0
vn 1E-05 -1 -0
vn 1E-05 -1 -0
vn -1 -0 0
vn 1 0 0
vn 0 0 1
vn 0 -0.9935 -0.11385
vn 1 -0 0
vn 1 -0 0
vn 0 -0.02325 0.99973
vn 0 -0.38269 0.92388
vn 0 -0.92389 0.38267
vn -0.00172 -0.99999 0.0051
vn 0.00172 -0.99999 0.0051
vn -0.00172 0.99999 0.0051
vn 0 0.92389 0.38265
vn 0.00172 0.99999 0.0051
vn 0 0.38267 0.92388
vn 0 0.02325 0.99973
vn -0.00172 -0.99999 -0.0051
vn 0 -0.92389 -0.38267
vn 0.00172 -0.99999 -0.0051
vn 0 -0.38269 -0.92388
vn 0 -0.02325 -0.99973
vn -0.00172 0.99999 -0.0051
vn 0.00172 0.99999 -0.0051
vn 0 0.02325 -0.99973
vn 0.99973 -0.0232 0
vn 0.99973 -0.0232 0
vn 0.99973 0.0232 0
vn 0.99973 0.0232 0
vn -0.99973 -0.0232 0
vn -0.99973 -0.0232 0
vn -0.99973 0.0232 0
vn -0.99973 0.0232 0
vn 0.38267 0.92389 0
vn 0.92389 0.38267 0
vn 0.92389 0.38267 0
vn -0.92388 0.38267 0
vn -0.38268 0.92388 0
vn -0.38268 0.92388 0
vn 0 0.38267 -0.92389
vn 0 0.92389 -0.38265
vn -0.3827 -0.92387 0
vn -0.92388 -0.38268 0
vn -0.92388 -0.38268 0
vn 0.92388 -0.38268 0
vn 0.92388 -0.38268 0
vn 0.38269 -0.92388 0
vt 0.86172 0.8785
vt 0.86265 0.87717
vt 0.86155 0.89666
vt 0.86247 0.89802
vt 0.86253 0.87394
vt 0.86413 0.87338
vt 0.8643 0.87644
vt 0.85992 0.87912
vt 0.85975 0.89606
vt 0.86413 0.8988
vt 0.86318 0.79328
vt 0.86345 0.7917
vt 0.86168 0.87608
vt 0.85986 0.87687
vt 0.86244 0.79293
vt 0.86191 0.79232
vt 0.76632 0.87725
vt 0.76626 0.87935
vt 0.85978 0.87462
vt 0.7664 0.87516
vt 0.76614 0.89515
vt 0.76572 0.79388
vt 0.86148 0.79316
vt 0.76598 0.79498
vt 0.86118 0.79428
vt 0.86139 0.87253
vt 0.86136 0.87404
vt 0.86235 0.79381
vt 0.86218 0.79322
vt 0.74098 0.08772
vt 0.7223 0.08772
vt 0.74125 0.03372
vt 0.72202 0.03372
vt 0.74353 0.08772
vt 0.74344 0.03444
vt 0.85974 0.87289
vt 0.7409 0.13854
vt 0.72237 0.13854
vt 0.76533 0.79305
vt 0.76645 0.87354
vt 0.74343 0.13855
vt 0.76377 0.79239
vt 0.76703 0.97791
vt 0.76623 0.90097
vt 0.86077 0.97703
vt 0.85955 0.90229
vt 0.86235 0.9012
vt 0.86395 0.90181
vt 0.86273 0.97807
vt 0.86295 0.97966
vt 0.85966 0.89831
vt 0.86149 0.89906
vt 0.86199 0.9784
vt 0.86143 0.979
vt 0.76617 0.89725
vt 0.85957 0.90055
vt 0.76621 0.89935
vt 0.76673 0.97901
vt 0.86103 0.97816
vt 0.86117 0.9011
vt 0.86119 0.90264
vt 0.86192 0.97752
vt 0.86174 0.97811
vt 0.71984 0.03444
vt 0.71975 0.08772
vt 0.7663 0.97983
vt 0.71984 0.13855
vt 0.76472 0.98044
vt 0.76355 0.87753
vt 0.76448 0.87879
vt 0.7634 0.89682
vt 0.76435 0.89561
vt 0.76364 0.87458
vt 0.76203 0.87404
vt 0.76189 0.87692
vt 0.76173 0.89734
vt 0.764 0.79399
vt 0.7645 0.87652
vt 0.76475 0.79364
vt 0.76482 0.87458
vt 0.76481 0.87311
vt 0.76483 0.79451
vt 0.76501 0.79393
vt 0.74109 0.19164
vt 0.72218 0.19164
vt 0.74325 0.19094
vt 0.76344 0.89978
vt 0.76182 0.90023
vt 0.76501 0.97885
vt 0.76434 0.89788
vt 0.76575 0.97922
vt 0.76458 0.90131
vt 0.76462 0.89984
vt 0.76585 0.97835
vt 0.76601 0.97894
vt 0.72003 0.19094
vt 0.99578 0.10665
vt 0.99618 0.11064
vt 0.99471 0.10764
vt 0.9949 0.11109
vt 0.99558 0.10439
vt 0.99742 0.10378
vt 0.99771 0.10603
vt 0.99285 0.11135
vt 0.99299 0.11407
vt 0.9951 0.11401
vt 0.99814 0.11027
vt 0.99641 0.11396
vt 0.99835 0.1139
vt 0.9926 0.10819
vt 0.99745 0.03347
vt 0.99765 0.03098
vt 0.99458 0.10594
vt 0.99247 0.10663
vt 0.99647 0.03295
vt 0.99561 0.03203
vt 0.90972 0.10935
vt 0.90971 0.11084
vt 0.9923 0.10507
vt 0.90979 0.10785
vt 0.90966 0.11387
vt 0.90967 0.11647
vt 0.90708 0.03299
vt 0.99534 0.03337
vt 0.90731 0.03467
vt 0.99518 0.03509
vt 0.9941 0.10342
vt 0.99414 0.10452
vt 0.99645 0.03423
vt 0.9962 0.03339
vt 0.59826 0.70266
vt 0.64164 0.70263
vt 0.59829 0.70582
vt 0.64166 0.70555
vt 0.64159 0.69736
vt 0.64161 0.69912
vt 0.59949 0.69769
vt 0.59893 0.6992
vt 0.99216 0.10385
vt 0.68178 0.69891
vt 0.68182 0.7024
vt 0.90677 0.03169
vt 0.90984 0.1067
vt 0.68177 0.69717
vt 0.90467 0.03074
vt 0.68184 0.70529
vt 0.906 0.19834
vt 0.9104 0.12622
vt 0.99585 0.19761
vt 0.99278 0.12432
vt 0.99504 0.11692
vt 0.99635 0.11728
vt 0.99503 0.12032
vt 0.99617 0.12124
vt 0.99615 0.12346
vt 0.99802 0.12395
vt 0.99815 0.12173
vt 0.99298 0.11679
vt 0.99834 0.11752
vt 0.99289 0.11996
vt 0.99822 0.1991
vt 0.99855 0.20157
vt 0.99284 0.12153
vt 0.99502 0.12201
vt 0.99727 0.19967
vt 0.99646 0.20064
vt 0.91003 0.12209
vt 0.91013 0.12359
vt 0.99278 0.1231
vt 0.91028 0.12508
vt 0.90981 0.11907
vt 0.90587 0.20003
vt 0.99612 0.19932
vt 0.99469 0.12345
vt 0.99473 0.12458
vt 0.99718 0.1984
vt 0.99697 0.19925
vt 0.59831 0.70899
vt 0.64169 0.70846
vt 0.59903 0.71244
vt 0.64172 0.71198
vt 0.59961 0.71394
vt 0.64173 0.71373
vt 0.6819 0.71167
vt 0.68187 0.70818
vt 0.90564 0.20134
vt 0.68191 0.71342
vt 0.9036 0.20241
vt 0.90764 0.11375
vt 0.90636 0.11341
vt 0.9076 0.1105
vt 0.90648 0.10962
vt 0.90648 0.10751
vt 0.90461 0.10705
vt 0.90452 0.10923
vt 0.90761 0.11653
vt 0.90633 0.11656
vt 0.9044 0.11324
vt 0.90442 0.11662
vt 0.90498 0.03323
vt 0.90759 0.10886
vt 0.90593 0.03265
vt 0.90792 0.10745
vt 0.9079 0.10634
vt 0.90601 0.03391
vt 0.90622 0.03306
vt 0.72444 0.70177
vt 0.72446 0.70488
vt 0.72373 0.69838
vt 0.72317 0.6969
vt 0.90687 0.1235
vt 0.90654 0.11971
vt 0.90795 0.12256
vt 0.9078 0.1193
vt 0.90698 0.12561
vt 0.90515 0.12618
vt 0.90494 0.124
vt 0.90459 0.11999
vt 0.90376 0.1999
vt 0.90802 0.12419
vt 0.90475 0.20043
vt 0.90848 0.1267
vt 0.90843 0.12558
vt 0.90475 0.19917
vt 0.90501 0.20001
vt 0.72448 0.70799
vt 0.72328 0.71289
vt 0.72382 0.7114
vt 0.89775 0.48401
vt 0.89794 0.48951
vt 0.89686 0.48529
vt 0.89689 0.49004
vt 0.89764 0.48091
vt 0.89918 0.48037
vt 0.89934 0.48331
vt 0.89522 0.49027
vt 0.89524 0.49404
vt 0.89696 0.49407
vt 0.89955 0.48913
vt 0.89802 0.49409
vt 0.8996 0.4941
vt 0.89513 0.48589
vt 0.89826 0.40338
vt 0.89852 0.40185
vt 0.89682 0.48296
vt 0.89508 0.48372
vt 0.89756 0.40304
vt 0.89704 0.40245
vt 0.80516 0.48409
vt 0.8051 0.4861
vt 0.895 0.48156
vt 0.80524 0.48208
vt 0.80498 0.49018
vt 0.80491 0.49369
vt 0.80458 0.40394
vt 0.89662 0.40325
vt 0.80483 0.40501
vt 0.89634 0.40433
vt 0.89654 0.47955
vt 0.89651 0.481
vt 0.89746 0.40388
vt 0.89731 0.40331
vt 0.41806 0.77675
vt 0.47206 0.77709
vt 0.41806 0.78127
vt 0.47206 0.78126
vt 0.47206 0.76956
vt 0.47206 0.77206
vt 0.41962 0.76966
vt 0.41892 0.77181
vt 0.89496 0.47989
vt 0.52207 0.77212
vt 0.52208 0.77711
vt 0.8042 0.40315
vt 0.80528 0.48052
vt 0.52208 0.76963
vt 0.80271 0.40252
vt 0.52208 0.78124
vt 0.80584 0.58171
vt 0.80507 0.50689
vt 0.89594 0.58086
vt 0.89477 0.50815
vt 0.89682 0.49807
vt 0.89786 0.49864
vt 0.8967 0.50274
vt 0.89758 0.50406
vt 0.89747 0.50711
vt 0.899 0.5077
vt 0.89918 0.5048
vt 0.89515 0.4978
vt 0.89947 0.49907
vt 0.89497 0.50216
vt 0.89783 0.58186
vt 0.89804 0.58339
vt 0.89488 0.50433
vt 0.89664 0.50506
vt 0.89712 0.58218
vt 0.89658 0.58276
vt 0.80498 0.50129
vt 0.80501 0.50332
vt 0.89479 0.50649
vt 0.80505 0.50533
vt 0.80493 0.4972
vt 0.80555 0.58276
vt 0.89619 0.58195
vt 0.89633 0.50701
vt 0.89635 0.50849
vt 0.89705 0.58134
vt 0.89687 0.5819
vt 0.41806 0.78579
vt 0.47206 0.78542
vt 0.41893 0.79073
vt 0.47207 0.79045
vt 0.41963 0.79288
vt 0.47207 0.79296
vt 0.52208 0.79036
vt 0.52208 0.78537
vt 0.80514 0.58355
vt 0.52208 0.79285
vt 0.80362 0.58414
vt 0.80333 0.48993
vt 0.80229 0.48941
vt 0.80339 0.48557
vt 0.8025 0.48436
vt 0.80258 0.48152
vt 0.80103 0.481
vt 0.8009 0.48377
vt 0.80321 0.49364
vt 0.80216 0.49362
vt 0.80069 0.48907
vt 0.8006 0.49255
vt 0.80293 0.40405
vt 0.80341 0.48339
vt 0.80365 0.40372
vt 0.80372 0.48152
vt 0.8037 0.48011
vt 0.80372 0.40456
vt 0.80389 0.404
vt 0.57517 0.77678
vt 0.57518 0.78123
vt 0.57432 0.77192
vt 0.57363 0.7698
vt 0.80235 0.5029
vt 0.80222 0.49783
vt 0.80326 0.50173
vt 0.80327 0.49737
vt 0.80239 0.50574
vt 0.80083 0.50617
vt 0.80074 0.5034
vt 0.80062 0.49808
vt 0.8039 0.58262
vt 0.80325 0.50392
vt 0.80461 0.58296
vt 0.80349 0.50722
vt 0.80353 0.5058
vt 0.80471 0.58213
vt 0.80486 0.58269
vt 0.57518 0.78567
vt 0.57364 0.79265
vt 0.57433 0.79053
vt 0.99262 0.29803
vt 0.99302 0.30202
vt 0.99155 0.29902
vt 0.99174 0.30247
vt 0.99243 0.29578
vt 0.99426 0.29517
vt 0.99455 0.29741
vt 0.9897 0.30273
vt 0.98984 0.30545
vt 0.99195 0.30538
vt 0.99499 0.30165
vt 0.99326 0.30534
vt 0.99519 0.30527
vt 0.98945 0.29958
vt 0.99427 0.22493
vt 0.99446 0.22244
vt 0.99143 0.29733
vt 0.98932 0.29801
vt 0.99329 0.22441
vt 0.99243 0.22349
vt 0.90632 0.30073
vt 0.90631 0.30222
vt 0.98915 0.29645
vt 0.90639 0.29924
vt 0.90626 0.30525
vt 0.90628 0.30784
vt 0.90398 0.22444
vt 0.99216 0.22483
vt 0.90422 0.22613
vt 0.992 0.22655
vt 0.99094 0.29481
vt 0.99099 0.29591
vt 0.99327 0.22568
vt 0.99302 0.22485
vt 0.58248 0.40608
vt 0.58209 0.44946
vt 0.57932 0.40608
vt 0.57918 0.44945
vt 0.58737 0.44946
vt 0.58561 0.44946
vt 0.58744 0.40735
vt 0.58594 0.40678
vt 0.98901 0.29524
vt 0.58543 0.48964
vt 0.58194 0.48964
vt 0.90368 0.22315
vt 0.90644 0.29808
vt 0.58717 0.48964
vt 0.90158 0.2222
vt 0.57905 0.48963
vt 0.90291 0.38964
vt 0.907 0.31759
vt 0.99267 0.38891
vt 0.98963 0.31569
vt 0.99189 0.30829
vt 0.9932 0.30866
vt 0.99188 0.31169
vt 0.99301 0.31261
vt 0.99299 0.31483
vt 0.99486 0.31532
vt 0.99499 0.3131
vt 0.98983 0.30817
vt 0.99518 0.30889
vt 0.98973 0.31133
vt 0.99503 0.3904
vt 0.99537 0.39286
vt 0.98969 0.3129
vt 0.99186 0.31338
vt 0.99409 0.39097
vt 0.99327 0.39193
vt 0.90663 0.31346
vt 0.90673 0.31496
vt 0.98963 0.31446
vt 0.90688 0.31645
vt 0.90641 0.31044
vt 0.90278 0.39133
vt 0.99294 0.39062
vt 0.99154 0.31482
vt 0.99158 0.31595
vt 0.994 0.3897
vt 0.99379 0.39055
vt 0.57616 0.40607
vt 0.57627 0.44945
vt 0.5727 0.40676
vt 0.57275 0.44945
vt 0.57119 0.40733
vt 0.57099 0.44945
vt 0.57267 0.48963
vt 0.57616 0.48963
vt 0.90255 0.39264
vt 0.57093 0.48962
vt 0.90051 0.39371
vt 0.90425 0.30513
vt 0.90297 0.30479
vt 0.90421 0.30188
vt 0.90308 0.301
vt 0.90308 0.2989
vt 0.90122 0.29843
vt 0.90112 0.30061
vt 0.90421 0.3079
vt 0.90294 0.30794
vt 0.90101 0.30462
vt 0.90102 0.30799
vt 0.90189 0.22469
vt 0.90419 0.30025
vt 0.90284 0.22411
vt 0.90452 0.29884
vt 0.9045 0.29772
vt 0.90292 0.22537
vt 0.90313 0.22452
vt 0.58216 0.53226
vt 0.57905 0.53226
vt 0.58556 0.53159
vt 0.58704 0.53104
vt 0.90347 0.31486
vt 0.90314 0.31108
vt 0.90455 0.31393
vt 0.9044 0.31067
vt 0.90359 0.31697
vt 0.90176 0.31754
vt 0.90154 0.31537
vt 0.9012 0.31137
vt 0.90067 0.3912
vt 0.90462 0.31556
vt 0.90166 0.39173
vt 0.90508 0.31806
vt 0.90503 0.31695
vt 0.90166 0.39046
vt 0.90192 0.3913
vt 0.57594 0.53225
vt 0.57106 0.53099
vt 0.57254 0.53155
vt 0.75865 0.87718
vt 0.75885 0.88191
vt 0.75772 0.87828
vt 0.75776 0.88237
vt 0.75854 0.87451
vt 0.76014 0.87404
vt 0.76031 0.87658
vt 0.75601 0.88256
vt 0.75603 0.8858
vt 0.75783 0.88583
vt 0.76053 0.88158
vt 0.75893 0.88584
vt 0.76058 0.88586
vt 0.75591 0.87879
vt 0.76057 0.79352
vt 0.76084 0.79193
vt 0.75768 0.87627
vt 0.75586 0.87693
vt 0.75983 0.79317
vt 0.75929 0.79256
vt 0.66343 0.87724
vt 0.66338 0.87898
vt 0.75578 0.87507
vt 0.66352 0.87552
vt 0.66325 0.88248
vt 0.66318 0.8855
vt 0.66284 0.79412
vt 0.75886 0.79339
vt 0.6631 0.79523
vt 0.75856 0.79452
vt 0.75739 0.87334
vt 0.75736 0.87459
vt 0.75973 0.79405
vt 0.75957 0.79346
vt 0.57708 0.73438
vt 0.63194 0.73485
vt 0.57707 0.73897
vt 0.63193 0.73908
vt 0.63196 0.72719
vt 0.63195 0.72974
vt 0.57868 0.72718
vt 0.57796 0.72936
vt 0.75574 0.87364
vt 0.68276 0.72991
vt 0.68276 0.73498
vt 0.66244 0.79329
vt 0.66356 0.87418
vt 0.68277 0.72738
vt 0.66088 0.79263
vt 0.68275 0.73918
vt 0.66414 0.97957
vt 0.66335 0.89685
vt 0.75815 0.97869
vt 0.75554 0.89794
vt 0.75768 0.88927
vt 0.75877 0.88976
vt 0.75755 0.89329
vt 0.75847 0.89442
vt 0.75836 0.89704
vt 0.75996 0.89755
vt 0.76014 0.89506
vt 0.75593 0.88903
vt 0.76044 0.89013
vt 0.75575 0.89279
vt 0.76012 0.97973
vt 0.76034 0.98133
vt 0.75566 0.89465
vt 0.75749 0.89528
vt 0.75937 0.98007
vt 0.75881 0.98067
vt 0.66325 0.89204
vt 0.66328 0.89378
vt 0.75557 0.89651
vt 0.66333 0.89552
vt 0.66319 0.88852
vt 0.66385 0.98067
vt 0.75841 0.97982
vt 0.75717 0.89696
vt 0.75719 0.89823
vt 0.7593 0.97918
vt 0.75912 0.97977
vt 0.57706 0.74356
vt 0.63192 0.74331
vt 0.57793 0.74859
vt 0.63191 0.74842
vt 0.57864 0.75077
vt 0.63191 0.75097
vt 0.68273 0.74845
vt 0.68274 0.74338
vt 0.66342 0.98149
vt 0.68272 0.75098
vt 0.66183 0.98211
vt 0.66153 0.88227
vt 0.66044 0.88182
vt 0.66159 0.87852
vt 0.66066 0.87747
vt 0.66074 0.87504
vt 0.65913 0.87459
vt 0.65899 0.87697
vt 0.6614 0.88546
vt 0.66031 0.88544
vt 0.65877 0.88153
vt 0.65868 0.88453
vt 0.66111 0.79423
vt 0.66161 0.87664
vt 0.66186 0.79388
vt 0.66193 0.87504
vt 0.66192 0.87382
vt 0.66194 0.79476
vt 0.66212 0.79417
vt 0.7367 0.73477
vt 0.73669 0.73929
vt 0.73585 0.72983
vt 0.73515 0.72767
vt 0.66051 0.89342
vt 0.66037 0.88906
vt 0.66146 0.89242
vt 0.66147 0.88867
vt 0.66054 0.89587
vt 0.65892 0.89624
vt 0.65883 0.89386
vt 0.6587 0.88928
vt 0.66212 0.98052
vt 0.66144 0.8943
vt 0.66287 0.98088
vt 0.66169 0.89714
vt 0.66173 0.89592
vt 0.66297 0.98001
vt 0.66313 0.9806
vt 0.73668 0.7438
vt 0.7351 0.75089
vt 0.73581 0.74874
vt 0.99314 0.73177
vt 0.99354 0.73577
vt 0.99207 0.73276
vt 0.99225 0.73621
vt 0.99294 0.72951
vt 0.99478 0.7289
vt 0.99507 0.73115
vt 0.99021 0.73648
vt 0.99035 0.7392
vt 0.99246 0.73913
vt 0.9955 0.73539
vt 0.99377 0.73909
vt 0.99571 0.73902
vt 0.98996 0.73332
vt 0.9937 0.65699
vt 0.99389 0.6545
vt 0.99194 0.73107
vt 0.98983 0.73175
vt 0.99272 0.65647
vt 0.99185 0.65555
vt 0.90522 0.73447
vt 0.90521 0.73597
vt 0.98965 0.73019
vt 0.90529 0.73298
vt 0.90516 0.73899
vt 0.90517 0.74159
vt 0.90332 0.65939
vt 0.99159 0.65689
vt 0.90355 0.66107
vt 0.99143 0.65861
vt 0.99145 0.72855
vt 0.9915 0.72965
vt 0.9927 0.65775
vt 0.99245 0.65691
vt 0.59705 0.54463
vt 0.59666 0.588
vt 0.59389 0.54462
vt 0.59375 0.588
vt 0.60194 0.588
vt 0.60018 0.588
vt 0.60201 0.5459
vt 0.60051 0.54533
vt 0.98952 0.72898
vt 0.6 0.62818
vt 0.59651 0.62818
vt 0.90301 0.65809
vt 0.90534 0.73182
vt 0.60174 0.62818
vt 0.90091 0.65714
vt 0.59362 0.62818
vt 0.90385 0.82315
vt 0.9059 0.75135
vt 0.99178 0.82049
vt 0.99014 0.74945
vt 0.9924 0.74204
vt 0.99371 0.74241
vt 0.99239 0.74544
vt 0.99352 0.74637
vt 0.9935 0.74859
vt 0.99538 0.74907
vt 0.99551 0.74685
vt 0.99034 0.74192
vt 0.9957 0.74264
vt 0.99024 0.74508
vt 0.99414 0.82198
vt 0.99447 0.82445
vt 0.9902 0.74665
vt 0.99237 0.74713
vt 0.99319 0.82256
vt 0.99238 0.82352
vt 0.90553 0.74722
vt 0.90563 0.74872
vt 0.99014 0.74822
vt 0.90577 0.75021
vt 0.90531 0.74419
vt 0.90372 0.82484
vt 0.99204 0.82221
vt 0.99205 0.74858
vt 0.99209 0.74971
vt 0.9931 0.82129
vt 0.9929 0.82214
vt 0.59073 0.54462
vt 0.59084 0.58799
vt 0.58727 0.5453
vt 0.58732 0.58799
vt 0.58576 0.54587
vt 0.58556 0.58799
vt 0.58724 0.62817
vt 0.59073 0.62817
vt 0.90349 0.82615
vt 0.5855 0.62817
vt 0.90144 0.82722
vt 0.90314 0.73888
vt 0.90186 0.73854
vt 0.9031 0.73562
vt 0.90197 0.73475
vt 0.90197 0.73264
vt 0.90011 0.73217
vt 0.90001 0.73435
vt 0.90311 0.74165
vt 0.90183 0.74169
vt 0.8999 0.73836
vt 0.89991 0.74174
vt 0.90122 0.65964
vt 0.90308 0.73399
vt 0.90218 0.65905
vt 0.90342 0.73258
vt 0.9034 0.73146
vt 0.90225 0.66032
vt 0.90246 0.65947
vt 0.59673 0.67081
vt 0.59362 0.6708
vt 0.60013 0.67013
vt 0.60162 0.66958
vt 0.90237 0.74862
vt 0.90204 0.74484
vt 0.90344 0.74768
vt 0.9033 0.74443
vt 0.90248 0.75073
vt 0.90065 0.7513
vt 0.90043 0.74912
vt 0.90009 0.74512
vt 0.90161 0.82471
vt 0.90352 0.74932
vt 0.9026 0.82524
vt 0.90398 0.75182
vt 0.90393 0.75071
vt 0.9026 0.82397
vt 0.90286 0.82481
vt 0.59051 0.67079
vt 0.58563 0.66954
vt 0.58711 0.6701
vt 0.97943 0.90761
vt 0.97965 0.91192
vt 0.97865 0.90864
vt 0.97873 0.91237
vt 0.9793 0.90517
vt 0.98066 0.90472
vt 0.98083 0.90702
vt 0.97726 0.91259
vt 0.97731 0.91555
vt 0.97884 0.91552
vt 0.98107 0.91157
vt 0.97977 0.9155
vt 0.98117 0.91546
vt 0.97713 0.90916
vt 0.9797 0.83912
vt 0.97992 0.83712
vt 0.9786 0.90681
vt 0.97707 0.90745
vt 0.97907 0.83869
vt 0.97861 0.83793
vt 0.89923 0.90906
vt 0.89921 0.91065
vt 0.97698 0.90576
vt 0.89928 0.90749
vt 0.89915 0.91384
vt 0.89913 0.91659
vt 0.89804 0.83971
vt 0.97825 0.83898
vt 0.8983 0.84109
vt 0.97801 0.84039
vt 0.97833 0.90414
vt 0.97831 0.90528
vt 0.979 0.83978
vt 0.97885 0.83905
vt 0.61268 0.40922
vt 0.61223 0.44833
vt 0.6089 0.40921
vt 0.60875 0.44833
vt 0.61852 0.44834
vt 0.61643 0.44834
vt 0.6186 0.41036
vt 0.61681 0.40985
vt 0.97694 0.90445
vt 0.61622 0.48457
vt 0.61205 0.48457
vt 0.89767 0.83868
vt 0.8993 0.90627
vt 0.6183 0.48458
vt 0.89633 0.83789
vt 0.6086 0.48457
vt 0.89894 0.99455
vt 0.89942 0.92691
vt 0.97817 0.99419
vt 0.97709 0.92665
vt 0.97875 0.91866
vt 0.97969 0.91907
vt 0.9787 0.92232
vt 0.9795 0.92332
vt 0.97945 0.92572
vt 0.98081 0.92611
vt 0.98092 0.92385
vt 0.97728 0.9185
vt 0.98111 0.91935
vt 0.97717 0.92194
vt 0.97989 0.99542
vt 0.98013 0.99742
vt 0.97713 0.92364
vt 0.97869 0.92414
vt 0.97926 0.99587
vt 0.97881 0.99664
vt 0.89928 0.92253
vt 0.89932 0.92412
vt 0.97708 0.92534
vt 0.89939 0.92569
vt 0.89918 0.91933
vt 0.8987 0.99593
vt 0.97844 0.99559
vt 0.97844 0.92569
vt 0.97849 0.92685
vt 0.97917 0.99477
vt 0.97904 0.99551
vt 0.60513 0.40921
vt 0.60527 0.44833
vt 0.60099 0.40983
vt 0.60106 0.44833
vt 0.59919 0.41034
vt 0.59897 0.44832
vt 0.60097 0.48456
vt 0.60514 0.48457
vt 0.89835 0.99697
vt 0.59889 0.48456
vt 0.89702 0.99779
vt 0.89769 0.9137
vt 0.89677 0.91333
vt 0.89769 0.91029
vt 0.89689 0.90937
vt 0.89693 0.90715
vt 0.89556 0.90681
vt 0.89548 0.90897
vt 0.89763 0.91661
vt 0.89671 0.91662
vt 0.89535 0.91312
vt 0.89532 0.91664
vt 0.89657 0.8399
vt 0.89769 0.90858
vt 0.89721 0.83944
vt 0.89793 0.90711
vt 0.8979 0.90601
vt 0.89729 0.84053
vt 0.89743 0.83979
vt 0.61231 0.52302
vt 0.6086 0.52301
vt 0.61638 0.52241
vt 0.61815 0.52191
vt 0.89698 0.92386
vt 0.89681 0.91991
vt 0.89777 0.92293
vt 0.89773 0.91951
vt 0.89704 0.92608
vt 0.89567 0.92646
vt 0.89557 0.9243
vt 0.8954 0.92015
vt 0.89723 0.99578
vt 0.89778 0.92464
vt 0.89787 0.99622
vt 0.89802 0.92721
vt 0.89805 0.9261
vt 0.89795 0.99513
vt 0.89809 0.99586
vt 0.60488 0.523
vt 0.59905 0.52187
vt 0.60082 0.52238
vt 0.99117 0.5456
vt 0.99153 0.54966
vt 0.99008 0.54658
vt 0.99023 0.55009
vt 0.99097 0.54332
vt 0.99288 0.54286
vt 0.99314 0.54503
vt 0.98815 0.55032
vt 0.98825 0.5531
vt 0.9904 0.55306
vt 0.99352 0.54931
vt 0.99172 0.55303
vt 0.99368 0.55299
vt 0.98794 0.54709
vt 0.99249 0.47361
vt 0.99275 0.47135
vt 0.98999 0.54486
vt 0.98783 0.54549
vt 0.99159 0.47314
vt 0.99092 0.47228
vt 0.91033 0.54728
vt 0.9103 0.54878
vt 0.98769 0.5439
vt 0.91039 0.5458
vt 0.91023 0.55179
vt 0.91022 0.55438
vt 0.90827 0.47204
vt 0.99044 0.47349
vt 0.90863 0.4736
vt 0.99013 0.47509
vt 0.98957 0.54236
vt 0.98957 0.54343
vt 0.99151 0.47439
vt 0.99129 0.47355
vt 0.5607 0.51184
vt 0.56043 0.56159
vt 0.55601 0.51185
vt 0.55624 0.56159
vt 0.56801 0.56158
vt 0.56549 0.56159
vt 0.56807 0.51328
vt 0.56583 0.51263
vt 0.98761 0.54267
vt 0.56577 0.62256
vt 0.56071 0.62256
vt 0.90776 0.47088
vt 0.91041 0.54465
vt 0.56829 0.62256
vt 0.90587 0.47
vt 0.55652 0.62257
vt 0.9091 0.6343
vt 0.91069 0.56412
vt 0.99075 0.63392
vt 0.98795 0.56353
vt 0.9903 0.55602
vt 0.99161 0.55639
vt 0.99024 0.55947
vt 0.99137 0.56041
vt 0.99129 0.56266
vt 0.99322 0.56304
vt 0.99338 0.56089
vt 0.98821 0.55588
vt 0.99362 0.55665
vt 0.98808 0.55911
vt 0.99314 0.63534
vt 0.99347 0.63759
vt 0.98801 0.56071
vt 0.99022 0.56118
vt 0.99226 0.63584
vt 0.99162 0.63671
vt 0.91047 0.55999
vt 0.91054 0.56148
vt 0.98795 0.5623
vt 0.91064 0.56297
vt 0.91031 0.55697
vt 0.90879 0.63588
vt 0.9911 0.63552
vt 0.98988 0.56263
vt 0.98993 0.56372
vt 0.99214 0.63459
vt 0.99195 0.63543
vt 0.55131 0.51185
vt 0.55205 0.5616
vt 0.54619 0.51265
vt 0.54699 0.5616
vt 0.54396 0.5133
vt 0.54447 0.5616
vt 0.54728 0.62257
vt 0.55234 0.62257
vt 0.90831 0.63705
vt 0.54476 0.62258
vt 0.90645 0.63799
vt 0.90817 0.55166
vt 0.90687 0.55132
vt 0.90815 0.54844
vt 0.90702 0.54758
vt 0.90706 0.54549
vt 0.90512 0.54516
vt 0.90502 0.54721
vt 0.9081 0.55441
vt 0.9068 0.55443
vt 0.90487 0.55113
vt 0.90483 0.55446
vt 0.90621 0.47226
vt 0.90814 0.54683
vt 0.9071 0.47175
vt 0.90848 0.54545
vt 0.90843 0.5444
vt 0.90722 0.47298
vt 0.90741 0.47215
vt 0.56145 0.67231
vt 0.55676 0.67231
vt 0.56658 0.67151
vt 0.56881 0.67086
vt 0.90722 0.56127
vt 0.90696 0.55754
vt 0.90833 0.56038
vt 0.90825 0.55716
vt 0.90732 0.56337
vt 0.90539 0.56375
vt 0.90523 0.5617
vt 0.90496 0.55778
vt 0.90673 0.63572
vt 0.90836 0.56199
vt 0.90763 0.6362
vt 0.90872 0.56442
vt 0.90874 0.56337
vt 0.90772 0.63497
vt 0.90793 0.6358
vt 0.55206 0.67232
vt 0.54469 0.67088
vt 0.54693 0.67152
vt 0.09198 0.98932
vt 0.09533 0.98949
vt 0.09276 0.98843
vt 0.09564 0.98844
vt 0.0901 0.98922
vt 0.08977 0.9902
vt 0.09156 0.99035
vt 0.09577 0.98679
vt 0.09806 0.98679
vt 0.09809 0.98849
vt 0.09509 0.99053
vt 0.0981 0.98955
vt 0.09811 0.99056
vt 0.09311 0.98672
vt 0.01731 0.99166
vt 0.0152 0.99194
vt 0.09134 0.9884
vt 0.09179 0.98667
vt 0.01684 0.99095
vt 0.01602 0.99044
vt 0.09051 0.90418
vt 0.09174 0.90412
vt 0.09048 0.9866
vt 0.08929 0.90427
vt 0.09421 0.90398
vt 0.09634 0.90389
vt 0.01562 0.90335
vt 0.01713 0.99001
vt 0.01709 0.90359
vt 0.01862 0.98972
vt 0.08927 0.98813
vt 0.09015 0.9881
vt 0.01801 0.99085
vt 0.01722 0.9907
vt 0.61787 0.6641
vt 0.61834 0.62528
vt 0.62148 0.6641
vt 0.62156 0.62528
vt 0.61251 0.62527
vt 0.61445 0.62527
vt 0.61222 0.66297
vt 0.61393 0.66348
vt 0.08947 0.98657
vt 0.61454 0.58089
vt 0.61842 0.58089
vt 0.01452 0.90297
vt 0.08835 0.90432
vt 0.6126 0.58089
vt 0.01364 0.90148
vt 0.62164 0.58089
vt 0.17426 0.90072
vt 0.10436 0.90399
vt 0.17718 0.98583
vt 0.10663 0.98625
vt 0.10052 0.98833
vt 0.10087 0.98937
vt 0.10336 0.98819
vt 0.10416 0.98905
vt 0.10601 0.98893
vt 0.10637 0.9899
vt 0.10461 0.99009
vt 0.10034 0.98668
vt 0.10112 0.99041
vt 0.103 0.98648
vt 0.17858 0.98772
vt 0.18069 0.98791
vt 0.10431 0.98638
vt 0.10476 0.98811
vt 0.17902 0.987
vt 0.17981 0.98645
vt 0.10096 0.90393
vt 0.10219 0.90394
vt 0.10562 0.98628
vt 0.10342 0.90398
vt 0.09848 0.90389
vt 0.17571 0.90042
vt 0.17869 0.98607
vt 0.10595 0.9878
vt 0.10685 0.98781
vt 0.17785 0.98694
vt 0.17863 0.98676
vt 0.62509 0.6641
vt 0.62477 0.62528
vt 0.62903 0.66348
vt 0.62866 0.62528
vt 0.63075 0.66298
vt 0.6306 0.62528
vt 0.62875 0.58089
vt 0.62486 0.58089
vt 0.1768 0.9
vt 0.63069 0.58089
vt 0.17762 0.89847
vt 0.09405 0.90232
vt 0.09373 0.90128
vt 0.0914 0.9024
vt 0.09066 0.90151
vt 0.08894 0.90161
vt 0.08862 0.90005
vt 0.0903 0.89991
vt 0.09631 0.90218
vt 0.09629 0.90113
vt 0.09352 0.89967
vt 0.09625 0.89955
vt 0.01576 0.90168
vt 0.09008 0.90243
vt 0.01531 0.90241
vt 0.08895 0.90275
vt 0.08809 0.90274
vt 0.01647 0.90247
vt 0.01569 0.90265
vt 0.61811 0.54207
vt 0.62172 0.54207
vt 0.61417 0.54269
vt 0.61245 0.54319
vt 0.10193 0.90128
vt 0.09884 0.90117
vt 0.10122 0.9022
vt 0.09857 0.90223
vt 0.10365 0.9013
vt 0.10391 0.89974
vt 0.10222 0.89966
vt 0.09899 0.89956
vt 0.1755 0.89876
vt 0.10255 0.90218
vt 0.17599 0.89947
vt 0.10456 0.9024
vt 0.1037 0.90245
vt 0.17483 0.89958
vt 0.17562 0.89973
vt 0.62532 0.54207
vt 0.63098 0.5432
vt 0.62927 0.54269
vt 0.89186 0.68017
vt 0.89211 0.68369
vt 0.89094 0.68101
vt 0.89101 0.68405
vt 0.89172 0.67819
vt 0.89275 0.67782
vt 0.89294 0.6797
vt 0.88928 0.68422
vt 0.88932 0.68663
vt 0.89112 0.68662
vt 0.89321 0.68342
vt 0.89223 0.68661
vt 0.8933 0.6866
vt 0.88915 0.68142
vt 0.89275 0.60153
vt 0.893 0.59931
vt 0.89088 0.67952
vt 0.88907 0.68003
vt 0.892 0.60105
vt 0.89145 0.6002
vt 0.80222 0.68042
vt 0.80218 0.68171
vt 0.88897 0.67865
vt 0.80229 0.67913
vt 0.80208 0.68432
vt 0.80204 0.68656
vt 0.79977 0.60161
vt 0.89102 0.60138
vt 0.80005 0.60315
vt 0.89074 0.60295
vt 0.89056 0.67734
vt 0.89054 0.67827
vt 0.89192 0.60228
vt 0.89174 0.60145
vt 0.74154 0.76639
vt 0.68561 0.76616
vt 0.7415 0.7622
vt 0.68557 0.76274
vt 0.68567 0.77236
vt 0.68564 0.77029
vt 0.73998 0.77299
vt 0.74069 0.77099
vt 0.88891 0.67759
vt 0.63069 0.77067
vt 0.63065 0.76662
vt 0.79935 0.60046
vt 0.80232 0.67814
vt 0.63071 0.77269
vt 0.79776 0.59956
vt 0.63062 0.76327
vt 0.80033 0.76863
vt 0.80231 0.695
vt 0.88999 0.76993
vt 0.88894 0.69566
vt 0.891 0.68918
vt 0.8921 0.68953
vt 0.89091 0.69217
vt 0.89184 0.693
vt 0.89175 0.69495
vt 0.89277 0.6953
vt 0.89293 0.69345
vt 0.88926 0.68903
vt 0.8932 0.68977
vt 0.88911 0.69183
vt 0.892 0.77135
vt 0.89225 0.77358
vt 0.88903 0.69321
vt 0.89086 0.69365
vt 0.89125 0.77183
vt 0.89069 0.77268
vt 0.80217 0.69142
vt 0.80222 0.69271
vt 0.88895 0.69459
vt 0.80228 0.694
vt 0.80208 0.6888
vt 0.80005 0.77018
vt 0.89027 0.7715
vt 0.89055 0.6949
vt 0.89059 0.69585
vt 0.89116 0.7706
vt 0.89099 0.77143
vt 0.74146 0.75801
vt 0.68554 0.75932
vt 0.74052 0.75343
vt 0.6855 0.75518
vt 0.73977 0.75144
vt 0.68548 0.75312
vt 0.63055 0.75587
vt 0.63059 0.75992
vt 0.79963 0.77133
vt 0.63053 0.75385
vt 0.79803 0.77222
vt 0.80033 0.68418
vt 0.79923 0.68387
vt 0.80036 0.68139
vt 0.79941 0.68063
vt 0.79947 0.67882
vt 0.79783 0.67851
vt 0.79772 0.68028
vt 0.80024 0.68656
vt 0.79913 0.68656
vt 0.79754 0.68368
vt 0.79747 0.68655
vt 0.79802 0.60179
vt 0.80037 0.68
vt 0.79878 0.6013
vt 0.80068 0.6788
vt 0.80065 0.67789
vt 0.79886 0.60251
vt 0.79904 0.6017
vt 0.5764 0.76782
vt 0.57636 0.76379
vt 0.57731 0.77222
vt 0.57804 0.77414
vt 0.7994 0.69249
vt 0.79923 0.68925
vt 0.80036 0.69173
vt 0.80033 0.68894
vt 0.79946 0.69431
vt 0.79782 0.69461
vt 0.79771 0.69284
vt 0.79753 0.68943
vt 0.7983 0.76999
vt 0.80036 0.69313
vt 0.79906 0.77048
vt 0.80064 0.69523
vt 0.80067 0.69433
vt 0.79915 0.76927
vt 0.79932 0.77008
vt 0.57632 0.75976
vt 0.57784 0.75341
vt 0.57715 0.75534
vt 0.18436 0.97193
vt 0.50834 0.97311
vt 0.18436 0.97114
vt 0.50835 0.97233
vt 0.18436 0.97053
vt 0.50835 0.97171
vt 0.18437 0.96974
vt 0.50835 0.97092
vt 0.18437 0.96888
vt 0.50836 0.97006
vt 0.18439 0.96328
vt 0.50838 0.96446
vt 0.18439 0.96241
vt 0.50838 0.96359
vt 0.1844 0.96163
vt 0.50838 0.96281
vt 0.18435 0.97506
vt 0.50833 0.97624
vt 0.18435 0.97444
vt 0.50834 0.97562
vt 0.18435 0.97366
vt 0.50834 0.97484
vt 0.18435 0.97279
vt 0.50834 0.97397
vt 0.18211 0.96772
vt 0.18438 0.96608
vt 0.18171 0.96693
vt 0.18273 0.96834
vt 0.1835 0.96874
vt 0.18352 0.96341
vt 0.18274 0.96381
vt 0.18212 0.96442
vt 0.18172 0.9652
vt 0.18158 0.96607
vt 0.51103 0.96813
vt 0.50837 0.96726
vt 0.51063 0.96891
vt 0.51 0.96953
vt 0.50922 0.96993
vt 0.50924 0.9646
vt 0.51002 0.965
vt 0.51064 0.96562
vt 0.51103 0.9664
vt 0.51117 0.96727
vt 0.18436 0.93812
vt 0.18436 0.93734
vt 0.50834 0.9393
vt 0.50835 0.93852
vt 0.18436 0.93672
vt 0.50835 0.9379
vt 0.18437 0.93594
vt 0.50835 0.93712
vt 0.18437 0.93508
vt 0.50836 0.93626
vt 0.18439 0.92948
vt 0.18439 0.92861
vt 0.50838 0.93066
vt 0.50838 0.92979
vt 0.1844 0.92783
vt 0.50838 0.92901
vt 0.18435 0.94125
vt 0.18435 0.94063
vt 0.50833 0.94243
vt 0.50834 0.94182
vt 0.18435 0.93985
vt 0.50834 0.94103
vt 0.18435 0.93899
vt 0.50834 0.94017
vt 0.18211 0.93391
vt 0.18171 0.93313
vt 0.18438 0.93228
vt 0.18273 0.93454
vt 0.1835 0.93494
vt 0.18352 0.92961
vt 0.18274 0.93
vt 0.18212 0.93062
vt 0.18172 0.9314
vt 0.18158 0.93227
vt 0.51103 0.93433
vt 0.51063 0.93511
vt 0.50837 0.93346
vt 0.51 0.93573
vt 0.50922 0.93612
vt 0.50924 0.9308
vt 0.51002 0.9312
vt 0.51064 0.93182
vt 0.51103 0.9326
vt 0.51117 0.93347
vt 0.58262 0.30031
vt 0.5819 0.30001
vt 0.58262 0.04188
vt 0.5819 0.04218
vt 0.58117 0.29928
vt 0.58117 0.04291
vt 0.59344 0.29928
vt 0.59271 0.30001
vt 0.59344 0.04291
vt 0.59271 0.04218
vt 0.59199 0.30031
vt 0.59199 0.04188
vt 0.49528 0.29928
vt 0.49456 0.30001
vt 0.49528 0.04291
vt 0.49456 0.04218
vt 0.69087 0.30001
vt 0.69014 0.30031
vt 0.69087 0.04218
vt 0.69014 0.04188
vt 0.67933 0.29928
vt 0.67933 0.04291
vt 0.68078 0.30031
vt 0.68078 0.04188
vt 0.59241 0.03209
vt 0.68035 0.03209
vt 0.59241 0.04146
vt 0.68035 0.04146
vt 0.68035 0.3101
vt 0.59241 0.3101
vt 0.68035 0.30073
vt 0.59241 0.30074
vt 0.68005 0.04218
vt 0.68005 0.30001
vt 0.59271 0.31082
vt 0.68005 0.31082
vt 0.59271 0.03137
vt 0.68005 0.03137
vt 0.10122 0.37142
vt 0.41342 0.37141
vt 0.10122 0.37382
vt 0.41342 0.37334
vt 0.11486 0.33649
vt 0.10339 0.33649
vt 0.11486 0.02381
vt 0.10339 0.01364
vt 0.11486 0.36066
vt 0.10339 0.36066
vt 0.01364 0.01364
vt 0.01364 0.33649
vt 0.01364 0.36066
vt 0.48395 0.33649
vt 0.38801 0.33649
vt 0.48395 0.01364
vt 0.38801 0.01364
vt 0.38801 0.36066
vt 0.48395 0.36066
vt 0.37626 0.33649
vt 0.37626 0.02381
vt 0.37626 0.36066
vt 0.10122 0.79967
vt 0.41342 0.80015
vt 0.10122 0.80207
vt 0.41342 0.80207
vt 0.67159 0.40633
vt 0.67159 0.39462
vt 0.76815 0.40633
vt 0.76815 0.39462
vt 0.67159 0.67551
vt 0.67159 0.6638
vt 0.76815 0.67551
vt 0.76815 0.6638
vt 0.01364 0.71449
vt 0.01364 0.45899
vt 0.01604 0.71449
vt 0.01604 0.45899
vt 0.10122 0.71449
vt 0.10122 0.45899
vt 0.41342 0.71449
vt 0.41342 0.45899
vt 0.76707 0.33649
vt 0.76707 0.36066
vt 0.75387 0.33649
vt 0.75387 0.36066
vt 0.76707 0.01364
vt 0.75387 0.03137
vt 0.49108 0.03137
vt 0.49108 0.33649
vt 0.49108 0.36066
vt 0.64768 0.40687
vt 0.64757 0.38425
vt 0.66067 0.40633
vt 0.66067 0.38371
vt 0.66067 0.37089
vt 0.77906 0.38371
vt 0.77906 0.37089
vt 0.65226 0.6891
vt 0.64894 0.66434
vt 0.66067 0.68429
vt 0.66067 0.6638
vt 0.77906 0.68429
vt 0.78547 0.6907
vt 0.79188 0.6638
vt 0.77906 0.6638
vt 0.79189 0.38371
vt 0.79189 0.40633
vt 0.77906 0.40633
vt 0.6366 0.40751
vt 0.63648 0.39581
vt 0.52891 0.38594
vt 0.53993 0.39675
vt 0.63911 0.66498
vt 0.63923 0.67668
vt 0.53187 0.68865
vt 0.54267 0.67763
vt 0.54256 0.66592
vt 0.53164 0.66603
vt 0.54004 0.40846
vt 0.52913 0.40856
vt 0.39919 0.86688
vt 0.32894 0.86755
vt 0.39919 0.86527
vt 0.32894 0.86596
vt 0.08832 0.86494
vt 0.00602 0.86616
vt 0.08832 0.86327
vt 0.00602 0.86436
vt 0.64904 0.86687
vt 0.64904 0.86534
vt 0.39919 0.85636
vt 0.32894 0.85717
vt 0.39919 0.85383
vt 0.32894 0.85466
vt 0.08832 0.85422
vt 0.00602 0.85357
vt 0.08832 0.85165
vt 0.00602 0.85042
vt 0.64904 0.8571
vt 0.64904 0.85488
vt 0.39919 0.8649
vt 0.64904 0.86506
vt 0.39919 0.86456
vt 0.64904 0.86474
vt 0.32894 0.86524
vt 0.32894 0.86558
vt 0.00602 0.86409
vt 0.08832 0.86292
vt 0.00602 0.86377
vt 0.08832 0.86258
vt 0.39919 0.85703
vt 0.39919 0.85669
vt 0.64904 0.85772
vt 0.64904 0.85741
vt 0.32894 0.85751
vt 0.32894 0.85784
vt 0.00602 0.85417
vt 0.00602 0.85388
vt 0.08832 0.8549
vt 0.08832 0.85454
vt 0.39919 0.87125
vt 0.32894 0.87182
vt 0.39919 0.86847
vt 0.32894 0.86911
vt 0.08832 0.86937
vt 0.00602 0.86962
vt 0.08832 0.86654
vt 0.00602 0.8675
vt 0.64904 0.87107
vt 0.64904 0.8683
vt 0.39919 0.8679
vt 0.32894 0.86855
vt 0.08832 0.86596
vt 0.00602 0.86707
vt 0.64904 0.86779
vt 0.39919 0.86817
vt 0.64904 0.86806
vt 0.32894 0.86882
vt 0.00602 0.86728
vt 0.08832 0.86624
vt 0.39919 0.85214
vt 0.32894 0.85296
vt 0.08832 0.84993
vt 0.00602 0.84598
vt 0.64904 0.85358
vt 0.39919 0.85077
vt 0.32894 0.85162
vt 0.08832 0.84855
vt 0.00602 0.84468
vt 0.64904 0.85233
vt 0.39919 0.84552
vt 0.32894 0.84656
vt 0.39919 0.8108
vt 0.32894 0.81286
vt 0.64904 0.84736
vt 0.64904 0.81393
vt 0.08832 0.84323
vt 0.00602 0.83859
vt 0.08832 0.8078
vt 0.00602 0.80597
vt 0.32894 0.86041
vt 0.32894 0.86295
vt 0.08832 0.85754
vt 0.08832 0.86018
vt 0.39919 0.86222
vt 0.39919 0.85963
vt 0.64904 0.86253
vt 0.64904 0.86012
vt 0.00602 0.86097
vt 0.00602 0.85779
vt 0.78134 0.29688
vt 0.78133 0.01022
vt 0.88814 0.29688
vt 0.88814 0.01022
vt 0.49908 0.45899
vt 0.49908 0.71449
vt 0.52367 0.71449
vt 0.52367 0.45899
vt 0.43779 0.37142
vt 0.43801 0.37334
vt 0.52559 0.45899
vt 0.52559 0.71449
vt 0.43779 0.80207
vt 0.43801 0.80015
usemtl mat0
f 1/1/1 2/2/1 3/3/1
f 3/3/1 2/2/1 4/4/1
f 5/5/2 6/6/3 2/2/4
f 2/2/4 6/6/3 7/7/4
f 1/1/5 3/3/6 8/8/5
f 8/8/5 3/3/6 9/9/6
f 7/7/4 10/10/7 2/2/4
f 2/2/4 10/10/7 4/4/7
f 11/11/8 12/12/9 5/5/2
f 5/5/2 12/12/9 6/6/3
f 13/13/10 1/1/5 14/14/10
f 14/14/10 1/1/5 8/8/5
f 15/15/11 16/16/11 11/11/8
f 11/11/8 16/16/11 12/12/9
f 14/14/10 8/8/5 17/17/10
f 17/17/10 8/8/5 18/18/5
f 19/19/12 14/14/10 20/20/12
f 20/20/12 14/14/10 17/17/10
f 8/8/5 9/9/6 18/18/5
f 18/18/5 9/9/6 21/21/6
f 5/5/13 2/2/1 13/13/14
f 13/13/14 2/2/1 1/1/1
f 22/22/15 23/23/15 24/24/15
f 24/24/15 23/23/15 25/25/15
f 26/26/16 5/5/13 27/27/1
f 27/27/1 5/5/13 13/13/14
f 27/27/12 13/13/10 19/19/12
f 19/19/12 13/13/10 14/14/10
f 28/28/17 29/29/18 11/11/17
f 11/11/17 29/29/18 15/15/18
f 28/28/17 11/11/17 26/26/16
f 26/26/16 11/11/17 5/5/13
f 30/30/19 31/31/20 32/32/21
f 32/32/21 31/31/20 33/33/22
f 34/34/23 30/30/19 35/35/23
f 35/35/23 30/30/19 32/32/21
f 26/26/15 27/27/12 36/36/15
f 36/36/15 27/27/12 19/19/12
f 15/15/24 29/29/24 16/16/24
f 16/16/24 29/29/24 23/23/24
f 28/28/15 26/26/15 25/25/15
f 25/25/15 26/26/15 36/36/15
f 29/29/15 28/28/15 23/23/15
f 23/23/15 28/28/15 25/25/15
f 30/30/25 37/37/25 31/31/26
f 31/31/26 37/37/25 38/38/26
f 39/39/24 16/16/24 22/22/24
f 22/22/24 16/16/24 23/23/24
f 40/40/15 36/36/15 20/20/12
f 20/20/12 36/36/15 19/19/12
f 41/41/27 37/37/25 34/34/27
f 34/34/27 37/37/25 30/30/25
f 39/39/11 42/42/9 16/16/11
f 16/16/11 42/42/9 12/12/9
f 43/43/28 44/44/28 45/45/28
f 45/45/28 44/44/28 46/46/28
f 47/47/29 4/4/7 48/48/30
f 48/48/30 4/4/7 10/10/7
f 49/49/31 47/47/29 50/50/32
f 50/50/32 47/47/29 48/48/30
f 9/9/6 3/3/6 51/51/33
f 51/51/33 3/3/6 52/52/33
f 53/53/34 49/49/31 54/54/34
f 54/54/34 49/49/31 50/50/32
f 9/9/6 51/51/33 21/21/6
f 21/21/6 51/51/33 55/55/33
f 51/51/33 56/56/35 55/55/33
f 55/55/33 56/56/35 57/57/35
f 3/3/1 4/4/1 52/52/1
f 52/52/1 4/4/1 47/47/36
f 58/58/28 43/43/28 59/59/28
f 59/59/28 43/43/28 45/45/28
f 52/52/1 47/47/36 60/60/1
f 60/60/1 47/47/36 61/61/37
f 51/51/33 52/52/33 56/56/35
f 56/56/35 52/52/33 60/60/35
f 62/62/38 49/49/38 63/63/39
f 63/63/39 49/49/38 53/53/39
f 47/47/36 49/49/38 61/61/37
f 61/61/37 49/49/38 62/62/38
f 33/33/22 31/31/20 64/64/40
f 64/64/40 31/31/20 65/65/40
f 61/61/28 46/46/28 60/60/35
f 60/60/35 46/46/28 56/56/35
f 53/53/24 54/54/24 63/63/24
f 63/63/24 54/54/24 59/59/24
f 62/62/28 45/45/28 61/61/28
f 61/61/28 45/45/28 46/46/28
f 63/63/28 59/59/28 62/62/28
f 62/62/28 59/59/28 45/45/28
f 66/66/24 58/58/24 54/54/24
f 54/54/24 58/58/24 59/59/24
f 44/44/28 57/57/35 46/46/28
f 46/46/28 57/57/35 56/56/35
f 67/67/41 65/65/41 38/38/26
f 38/38/26 65/65/41 31/31/26
f 66/66/34 54/54/34 68/68/32
f 68/68/32 54/54/34 50/50/32
f 69/69/42 70/70/42 71/71/42
f 71/71/42 70/70/42 72/72/42
f 73/73/2 69/69/4 74/74/3
f 74/74/3 69/69/4 75/75/4
f 18/18/5 21/21/6 70/70/5
f 70/70/5 21/21/6 72/72/6
f 69/69/4 71/71/7 75/75/4
f 75/75/4 71/71/7 76/76/7
f 77/77/8 73/73/2 42/42/9
f 42/42/9 73/73/2 74/74/3
f 18/18/5 70/70/5 17/17/10
f 17/17/10 70/70/5 78/78/10
f 79/79/11 77/77/8 39/39/11
f 39/39/11 77/77/8 42/42/9
f 70/70/42 69/69/42 78/78/42
f 78/78/42 69/69/42 73/73/43
f 78/78/42 73/73/43 80/80/42
f 80/80/42 73/73/43 81/81/44
f 17/17/10 78/78/10 20/20/12
f 20/20/12 78/78/10 80/80/12
f 82/82/45 77/77/45 83/83/46
f 83/83/46 77/77/45 79/79/46
f 73/73/43 77/77/45 81/81/44
f 81/81/44 77/77/45 82/82/45
f 84/84/47 85/85/48 37/37/49
f 37/37/49 85/85/48 38/38/50
f 84/84/47 37/37/49 86/86/51
f 86/86/51 37/37/49 41/41/51
f 81/81/15 40/40/15 80/80/12
f 80/80/12 40/40/15 20/20/12
f 79/79/24 39/39/24 83/83/24
f 83/83/24 39/39/24 22/22/24
f 82/82/15 24/24/15 81/81/15
f 81/81/15 24/24/15 40/40/15
f 83/83/15 22/22/15 82/82/15
f 82/82/15 22/22/15 24/24/15
f 87/87/29 88/88/30 71/71/7
f 71/71/7 88/88/30 76/76/7
f 89/89/31 68/68/32 87/87/29
f 87/87/29 68/68/32 88/88/30
f 90/90/33 72/72/6 55/55/33
f 55/55/33 72/72/6 21/21/6
f 91/91/34 66/66/34 89/89/31
f 89/89/31 66/66/34 68/68/32
f 87/87/52 71/71/42 90/90/53
f 90/90/53 71/71/42 72/72/42
f 92/92/54 87/87/52 93/93/42
f 93/93/42 87/87/52 90/90/53
f 93/93/35 90/90/33 57/57/35
f 57/57/35 90/90/33 55/55/33
f 94/94/55 95/95/56 89/89/55
f 89/89/55 95/95/56 91/91/56
f 94/94/55 89/89/55 92/92/54
f 92/92/54 89/89/55 87/87/52
f 67/67/57 38/38/50 96/96/57
f 96/96/57 38/38/50 85/85/48
f 92/92/28 93/93/35 44/44/28
f 44/44/28 93/93/35 57/57/35
f 91/91/24 95/95/24 66/66/24
f 66/66/24 95/95/24 58/58/24
f 94/94/28 92/92/28 43/43/28
f 43/43/28 92/92/28 44/44/28
f 95/95/28 94/94/28 58/58/28
f 58/58/28 94/94/28 43/43/28
f 24/24/15 25/25/15 40/40/15
f 40/40/15 25/25/15 36/36/15
f 97/97/58 98/98/59 99/99/58
f 99/99/58 98/98/59 100/100/58
f 101/101/60 102/102/61 97/97/62
f 97/97/62 102/102/61 103/103/62
f 104/104/63 100/100/63 105/105/64
f 105/105/64 100/100/63 106/106/64
f 98/98/65 107/107/65 108/108/24
f 108/108/24 107/107/65 109/109/24
f 110/110/66 99/99/66 104/104/63
f 104/104/63 99/99/66 100/100/63
f 111/111/67 112/112/68 101/101/60
f 101/101/60 112/112/68 102/102/61
f 100/100/58 98/98/59 106/106/58
f 106/106/58 98/98/59 108/108/58
f 113/113/69 99/99/66 114/114/69
f 114/114/69 99/99/66 110/110/66
f 115/115/70 116/116/70 111/111/67
f 111/111/67 116/116/70 112/112/68
f 114/114/69 110/110/66 117/117/69
f 117/117/69 110/110/66 118/118/66
f 119/119/71 114/114/69 120/120/71
f 120/120/71 114/114/69 117/117/69
f 104/104/63 105/105/64 121/121/63
f 121/121/63 105/105/64 122/122/64
f 101/101/72 97/97/58 113/113/59
f 113/113/59 97/97/58 99/99/58
f 123/123/73 124/124/73 125/125/73
f 125/125/73 124/124/73 126/126/73
f 127/127/74 101/101/72 128/128/58
f 128/128/58 101/101/72 113/113/59
f 128/128/71 113/113/69 119/119/71
f 119/119/71 113/113/69 114/114/69
f 129/129/75 130/130/76 111/111/75
f 111/111/75 130/130/76 115/115/76
f 129/129/75 111/111/75 127/127/74
f 127/127/74 111/111/75 101/101/72
f 131/131/77 132/132/78 133/133/58
f 133/133/58 132/132/78 134/134/58
f 135/135/79 136/136/80 137/137/79
f 137/137/79 136/136/80 138/138/81
f 136/136/80 132/132/78 138/138/81
f 138/138/81 132/132/78 131/131/77
f 97/97/62 103/103/62 98/98/65
f 98/98/65 103/103/62 107/107/65
f 110/110/66 104/104/63 118/118/66
f 118/118/66 104/104/63 121/121/63
f 127/127/73 128/128/71 139/139/73
f 139/139/73 128/128/71 119/119/71
f 115/115/24 130/130/24 116/116/24
f 116/116/24 130/130/24 124/124/24
f 129/129/73 127/127/73 126/126/73
f 126/126/73 127/127/73 139/139/73
f 130/130/73 129/129/73 124/124/73
f 124/124/73 129/129/73 126/126/73
f 140/140/82 141/141/83 136/136/82
f 136/136/82 141/141/83 132/132/83
f 142/142/24 116/116/24 123/123/24
f 123/123/24 116/116/24 124/124/24
f 143/143/73 139/139/73 120/120/71
f 120/120/71 139/139/73 119/119/71
f 144/144/84 140/140/82 135/135/84
f 135/135/84 140/140/82 136/136/82
f 142/142/70 145/145/68 116/116/70
f 116/116/70 145/145/68 112/112/68
f 141/141/83 146/146/24 132/132/83
f 132/132/83 146/146/24 134/134/24
f 147/147/85 148/148/85 149/149/85
f 149/149/85 148/148/85 150/150/85
f 151/151/58 152/152/59 153/153/58
f 153/153/58 152/152/59 154/154/58
f 155/155/86 154/154/87 156/156/88
f 156/156/88 154/154/87 157/157/87
f 158/158/89 105/105/64 151/151/89
f 151/151/89 105/105/64 106/106/64
f 152/152/90 108/108/24 159/159/90
f 159/159/90 108/108/24 109/109/24
f 160/160/91 158/158/89 153/153/91
f 153/153/91 158/158/89 151/151/89
f 161/161/92 155/155/86 162/162/93
f 162/162/93 155/155/86 156/156/88
f 151/151/58 106/106/58 152/152/59
f 152/152/59 106/106/58 108/108/58
f 160/160/91 153/153/91 163/163/94
f 163/163/94 153/153/91 164/164/94
f 165/165/95 161/161/92 166/166/95
f 166/166/95 161/161/92 162/162/93
f 160/160/91 163/163/94 167/167/91
f 167/167/91 163/163/94 168/168/94
f 163/163/94 169/169/96 168/168/94
f 168/168/94 169/169/96 170/170/96
f 105/105/64 158/158/89 122/122/64
f 122/122/64 158/158/89 171/171/89
f 153/153/58 154/154/58 164/164/58
f 164/164/58 154/154/58 155/155/97
f 172/172/85 147/147/85 173/173/85
f 173/173/85 147/147/85 149/149/85
f 164/164/58 155/155/97 174/174/58
f 174/174/58 155/155/97 175/175/98
f 163/163/94 164/164/94 169/169/96
f 169/169/96 164/164/94 174/174/96
f 176/176/99 161/161/99 177/177/100
f 177/177/100 161/161/99 165/165/100
f 155/155/97 161/161/99 175/175/98
f 175/175/98 161/161/99 176/176/99
f 178/178/101 133/133/58 179/179/102
f 179/179/102 133/133/58 134/134/58
f 180/180/103 181/181/104 182/182/105
f 182/182/105 181/181/104 183/183/105
f 178/178/101 179/179/102 180/180/103
f 180/180/103 179/179/102 181/181/104
f 154/154/87 152/152/90 157/157/87
f 157/157/87 152/152/90 159/159/90
f 158/158/89 160/160/91 171/171/89
f 171/171/89 160/160/91 167/167/91
f 175/175/85 150/150/85 174/174/96
f 174/174/96 150/150/85 169/169/96
f 165/165/24 166/166/24 177/177/24
f 177/177/24 166/166/24 173/173/24
f 176/176/85 149/149/85 175/175/85
f 175/175/85 149/149/85 150/150/85
f 177/177/85 173/173/85 176/176/85
f 176/176/85 173/173/85 149/149/85
f 184/184/106 181/181/106 185/185/107
f 185/185/107 181/181/106 179/179/107
f 186/186/24 172/172/24 166/166/24
f 166/166/24 172/172/24 173/173/24
f 148/148/85 170/170/96 150/150/85
f 150/150/85 170/170/96 169/169/96
f 187/187/108 183/183/108 184/184/106
f 184/184/106 183/183/108 181/181/106
f 186/186/95 166/166/95 188/188/93
f 188/188/93 166/166/95 162/162/93
f 185/185/107 179/179/107 146/146/24
f 146/146/24 179/179/107 134/134/24
f 189/189/109 190/190/110 191/191/109
f 191/191/109 190/190/110 192/192/109
f 193/193/60 192/192/62 194/194/61
f 194/194/61 192/192/62 195/195/62
f 121/121/63 122/122/64 189/189/63
f 189/189/63 122/122/64 196/196/64
f 190/190/65 197/197/24 198/198/65
f 198/198/65 197/197/24 199/199/24
f 118/118/66 121/121/63 191/191/66
f 191/191/66 121/121/63 189/189/63
f 200/200/67 193/193/60 145/145/68
f 145/145/68 193/193/60 194/194/61
f 189/189/109 196/196/109 190/190/110
f 190/190/110 196/196/109 197/197/109
f 118/118/66 191/191/66 117/117/69
f 117/117/69 191/191/66 201/201/69
f 202/202/70 200/200/67 142/142/70
f 142/142/70 200/200/67 145/145/68
f 191/191/109 192/192/109 201/201/109
f 201/201/109 192/192/109 193/193/111
f 201/201/109 193/193/111 203/203/109
f 203/203/109 193/193/111 204/204/112
f 117/117/69 201/201/69 120/120/71
f 120/120/71 201/201/69 203/203/71
f 205/205/113 200/200/113 206/206/114
f 206/206/114 200/200/113 202/202/114
f 193/193/111 200/200/113 204/204/112
f 204/204/112 200/200/113 205/205/113
f 207/207/115 208/208/109 141/141/116
f 141/141/116 208/208/109 146/146/109
f 209/209/117 140/140/118 210/210/119
f 210/210/119 140/140/118 144/144/119
f 207/207/115 141/141/116 209/209/117
f 209/209/117 141/141/116 140/140/118
f 192/192/62 190/190/65 195/195/62
f 195/195/62 190/190/65 198/198/65
f 204/204/73 143/143/73 203/203/71
f 203/203/71 143/143/73 120/120/71
f 202/202/24 142/142/24 206/206/24
f 206/206/24 142/142/24 123/123/24
f 205/205/73 125/125/73 204/204/73
f 204/204/73 125/125/73 143/143/73
f 206/206/73 123/123/73 205/205/73
f 205/205/73 123/123/73 125/125/73
f 211/211/109 212/212/110 213/213/109
f 213/213/109 212/212/110 214/214/109
f 215/215/86 216/216/88 211/211/87
f 211/211/87 216/216/88 217/217/87
f 171/171/89 214/214/89 122/122/64
f 122/122/64 214/214/89 196/196/64
f 212/212/90 218/218/90 197/197/24
f 197/197/24 218/218/90 199/199/24
f 167/167/91 213/213/91 171/171/89
f 171/171/89 213/213/91 214/214/89
f 219/219/92 188/188/93 215/215/86
f 215/215/86 188/188/93 216/216/88
f 214/214/109 212/212/110 196/196/109
f 196/196/109 212/212/110 197/197/109
f 220/220/94 213/213/91 168/168/94
f 168/168/94 213/213/91 167/167/91
f 221/221/95 186/186/95 219/219/92
f 219/219/92 186/186/95 188/188/93
f 215/215/120 211/211/109 220/220/110
f 220/220/110 211/211/109 213/213/109
f 222/222/121 215/215/120 223/223/109
f 223/223/109 215/215/120 220/220/110
f 223/223/96 220/220/94 170/170/96
f 170/170/96 220/220/94 168/168/94
f 224/224/122 225/225/123 219/219/122
f 219/219/122 225/225/123 221/221/123
f 224/224/122 219/219/122 222/222/121
f 222/222/121 219/219/122 215/215/120
f 226/226/124 185/185/125 208/208/109
f 208/208/109 185/185/125 146/146/109
f 187/187/126 184/184/127 227/227/126
f 227/227/126 184/184/127 228/228/128
f 184/184/127 185/185/125 228/228/128
f 228/228/128 185/185/125 226/226/124
f 211/211/87 217/217/87 212/212/90
f 212/212/90 217/217/87 218/218/90
f 222/222/85 223/223/96 148/148/85
f 148/148/85 223/223/96 170/170/96
f 221/221/24 225/225/24 186/186/24
f 186/186/24 225/225/24 172/172/24
f 224/224/85 222/222/85 147/147/85
f 147/147/85 222/222/85 148/148/85
f 225/225/85 224/224/85 172/172/85
f 172/172/85 224/224/85 147/147/85
f 125/125/73 126/126/73 143/143/73
f 143/143/73 126/126/73 139/139/73
f 229/229/1 230/230/14 231/231/1
f 231/231/1 230/230/14 232/232/1
f 233/233/2 234/234/3 229/229/4
f 229/229/4 234/234/3 235/235/4
f 236/236/129 232/232/129 237/237/64
f 237/237/64 232/232/129 238/238/64
f 230/230/130 239/239/130 240/240/24
f 240/240/24 239/239/130 241/241/24
f 242/242/5 231/231/5 236/236/129
f 236/236/129 231/231/5 232/232/129
f 243/243/8 244/244/9 233/233/2
f 233/233/2 244/244/9 234/234/3
f 232/232/1 230/230/14 238/238/1
f 238/238/1 230/230/14 240/240/1
f 245/245/10 231/231/5 246/246/10
f 246/246/10 231/231/5 242/242/5
f 247/247/11 248/248/11 243/243/8
f 243/243/8 248/248/11 244/244/9
f 246/246/10 242/242/5 249/249/10
f 249/249/10 242/242/5 250/250/5
f 251/251/12 246/246/10 252/252/12
f 252/252/12 246/246/10 249/249/10
f 236/236/129 237/237/64 253/253/129
f 253/253/129 237/237/64 254/254/64
f 233/233/13 229/229/1 245/245/14
f 245/245/14 229/229/1 231/231/1
f 255/255/15 256/256/15 257/257/15
f 257/257/15 256/256/15 258/258/15
f 259/259/16 233/233/13 260/260/1
f 260/260/1 233/233/13 245/245/14
f 260/260/12 245/245/10 251/251/12
f 251/251/12 245/245/10 246/246/10
f 261/261/17 262/262/18 243/243/17
f 243/243/17 262/262/18 247/247/18
f 261/261/17 243/243/17 259/259/16
f 259/259/16 243/243/17 233/233/13
f 263/263/131 264/264/132 265/265/1
f 265/265/1 264/264/132 266/266/1
f 267/267/23 268/268/19 269/269/23
f 269/269/23 268/268/19 270/270/21
f 268/268/19 264/264/132 270/270/21
f 270/270/21 264/264/132 263/263/131
f 229/229/4 235/235/4 230/230/130
f 230/230/130 235/235/4 239/239/130
f 242/242/5 236/236/129 250/250/5
f 250/250/5 236/236/129 253/253/129
f 259/259/15 260/260/12 271/271/15
f 271/271/15 260/260/12 251/251/12
f 247/247/24 262/262/24 248/248/24
f 248/248/24 262/262/24 256/256/24
f 261/261/15 259/259/15 258/258/15
f 258/258/15 259/259/15 271/271/15
f 262/262/15 261/261/15 256/256/15
f 256/256/15 261/261/15 258/258/15
f 272/272/25 273/273/133 268/268/25
f 268/268/25 273/273/133 264/264/133
f 274/274/24 248/248/24 255/255/24
f 255/255/24 248/248/24 256/256/24
f 275/275/15 271/271/15 252/252/12
f 252/252/12 271/271/15 251/251/12
f 276/276/27 272/272/25 267/267/27
f 267/267/27 272/272/25 268/268/25
f 274/274/11 277/277/9 248/248/11
f 248/248/11 277/277/9 244/244/9
f 273/273/133 278/278/24 264/264/133
f 264/264/133 278/278/24 266/266/24
f 279/279/28 280/280/28 281/281/28
f 281/281/28 280/280/28 282/282/28
f 283/283/1 284/284/14 285/285/1
f 285/285/1 284/284/14 286/286/1
f 287/287/29 286/286/7 288/288/30
f 288/288/30 286/286/7 289/289/7
f 290/290/134 237/237/64 283/283/134
f 283/283/134 237/237/64 238/238/64
f 284/284/135 240/240/24 291/291/135
f 291/291/135 240/240/24 241/241/24
f 292/292/6 290/290/134 285/285/6
f 285/285/6 290/290/134 283/283/134
f 293/293/31 287/287/29 294/294/32
f 294/294/32 287/287/29 288/288/30
f 283/283/1 238/238/1 284/284/14
f 284/284/14 238/238/1 240/240/1
f 292/292/6 285/285/6 295/295/33
f 295/295/33 285/285/6 296/296/33
f 297/297/34 293/293/31 298/298/34
f 298/298/34 293/293/31 294/294/32
f 292/292/6 295/295/33 299/299/6
f 299/299/6 295/295/33 300/300/33
f 295/295/33 301/301/35 300/300/33
f 300/300/33 301/301/35 302/302/35
f 237/237/64 290/290/134 254/254/64
f 254/254/64 290/290/134 303/303/134
f 285/285/1 286/286/1 296/296/1
f 296/296/1 286/286/1 287/287/36
f 304/304/28 279/279/28 305/305/28
f 305/305/28 279/279/28 281/281/28
f 296/296/1 287/287/36 306/306/1
f 306/306/1 287/287/36 307/307/37
f 295/295/33 296/296/33 301/301/35
f 301/301/35 296/296/33 306/306/35
f 308/308/38 293/293/38 309/309/39
f 309/309/39 293/293/38 297/297/39
f 287/287/36 293/293/38 307/307/37
f 307/307/37 293/293/38 308/308/38
f 310/310/136 265/265/1 311/311/137
f 311/311/137 265/265/1 266/266/1
f 312/312/22 313/313/20 314/314/40
f 314/314/40 313/313/20 315/315/40
f 310/310/136 311/311/137 312/312/22
f 312/312/22 311/311/137 313/313/20
f 286/286/7 284/284/135 289/289/7
f 289/289/7 284/284/135 291/291/135
f 290/290/134 292/292/6 303/303/134
f 303/303/134 292/292/6 299/299/6
f 307/307/28 282/282/28 306/306/35
f 306/306/35 282/282/28 301/301/35
f 297/297/24 298/298/24 309/309/24
f 309/309/24 298/298/24 305/305/24
f 308/308/28 281/281/28 307/307/28
f 307/307/28 281/281/28 282/282/28
f 309/309/28 305/305/28 308/308/28
f 308/308/28 305/305/28 281/281/28
f 316/316/26 313/313/26 317/317/138
f 317/317/138 313/313/26 311/311/138
f 318/318/24 304/304/24 298/298/24
f 298/298/24 304/304/24 305/305/24
f 280/280/28 302/302/35 282/282/28
f 282/282/28 302/302/35 301/301/35
f 319/319/41 315/315/41 316/316/26
f 316/316/26 315/315/41 313/313/26
f 318/318/34 298/298/34 320/320/32
f 320/320/32 298/298/34 294/294/32
f 317/317/138 311/311/138 278/278/24
f 278/278/24 311/311/138 266/266/24
f 321/321/42 322/322/53 323/323/42
f 323/323/42 322/322/53 324/324/42
f 325/325/2 324/324/4 326/326/3
f 326/326/3 324/324/4 327/327/4
f 253/253/129 254/254/64 321/321/129
f 321/321/129 254/254/64 328/328/64
f 322/322/130 329/329/24 330/330/130
f 330/330/130 329/329/24 331/331/24
f 250/250/5 253/253/129 323/323/5
f 323/323/5 253/253/129 321/321/129
f 332/332/8 325/325/2 277/277/9
f 277/277/9 325/325/2 326/326/3
f 321/321/42 328/328/42 322/322/53
f 322/322/53 328/328/42 329/329/42
f 250/250/5 323/323/5 249/249/10
f 249/249/10 323/323/5 333/333/10
f 334/334/11 332/332/8 274/274/11
f 274/274/11 332/332/8 277/277/9
f 323/323/42 324/324/42 333/333/42
f 333/333/42 324/324/42 325/325/43
f 333/333/42 325/325/43 335/335/42
f 335/335/42 325/325/43 336/336/44
f 249/249/10 333/333/10 252/252/12
f 252/252/12 333/333/10 335/335/12
f 337/337/45 332/332/45 338/338/46
f 338/338/46 332/332/45 334/334/46
f 325/325/43 332/332/45 336/336/44
f 336/336/44 332/332/45 337/337/45
f 339/339/139 340/340/42 273/273/140
f 273/273/140 340/340/42 278/278/42
f 341/341/47 272/272/49 342/342/51
f 342/342/51 272/272/49 276/276/51
f 339/339/139 273/273/140 341/341/47
f 341/341/47 273/273/140 272/272/49
f 324/324/4 322/322/130 327/327/4
f 327/327/4 322/322/130 330/330/130
f 336/336/15 275/275/15 335/335/12
f 335/335/12 275/275/15 252/252/12
f 334/334/24 274/274/24 338/338/24
f 338/338/24 274/274/24 255/255/24
f 337/337/15 257/257/15 336/336/15
f 336/336/15 257/257/15 275/275/15
f 338/338/15 255/255/15 337/337/15
f 337/337/15 255/255/15 257/257/15
f 343/343/42 344/344/53 345/345/42
f 345/345/42 344/344/53 346/346/42
f 347/347/29 348/348/30 343/343/7
f 343/343/7 348/348/30 349/349/7
f 303/303/134 346/346/134 254/254/64
f 254/254/64 346/346/134 328/328/64
f 344/344/135 350/350/135 329/329/24
f 329/329/24 350/350/135 331/331/24
f 299/299/6 345/345/6 303/303/134
f 303/303/134 345/345/6 346/346/134
f 351/351/31 320/320/32 347/347/29
f 347/347/29 320/320/32 348/348/30
f 346/346/42 344/344/53 328/328/42
f 328/328/42 344/344/53 329/329/42
f 352/352/33 345/345/6 300/300/33
f 300/300/33 345/345/6 299/299/6
f 353/353/34 318/318/34 351/351/31
f 351/351/31 318/318/34 320/320/32
f 347/347/52 343/343/42 352/352/53
f 352/352/53 343/343/42 345/345/42
f 354/354/54 347/347/52 355/355/42
f 355/355/42 347/347/52 352/352/53
f 355/355/35 352/352/33 302/302/35
f 302/302/35 352/352/33 300/300/33
f 356/356/55 357/357/56 351/351/55
f 351/351/55 357/357/56 353/353/56
f 356/356/55 351/351/55 354/354/54
f 354/354/54 351/351/55 347/347/52
f 358/358/141 317/317/142 340/340/42
f 340/340/42 317/317/142 278/278/42
f 319/319/57 316/316/50 359/359/57
f 359/359/57 316/316/50 360/360/48
f 316/316/50 317/317/142 360/360/48
f 360/360/48 317/317/142 358/358/141
f 343/343/7 349/349/7 344/344/135
f 344/344/135 349/349/7 350/350/135
f 354/354/28 355/355/35 280/280/28
f 280/280/28 355/355/35 302/302/35
f 353/353/24 357/357/24 318/318/24
f 318/318/24 357/357/24 304/304/24
f 356/356/28 354/354/28 279/279/28
f 279/279/28 354/354/28 280/280/28
f 357/357/28 356/356/28 304/304/28
f 304/304/28 356/356/28 279/279/28
f 257/257/15 258/258/15 275/275/15
f 275/275/15 258/258/15 271/271/15
f 361/361/58 362/362/59 363/363/58
f 363/363/58 362/362/59 364/364/58
f 365/365/60 366/366/61 361/361/62
f 361/361/62 366/366/61 367/367/62
f 368/368/63 364/364/63 369/369/64
f 369/369/64 364/364/63 370/370/64
f 362/362/65 371/371/65 372/372/24
f 372/372/24 371/371/65 373/373/24
f 374/374/66 363/363/66 368/368/63
f 368/368/63 363/363/66 364/364/63
f 375/375/67 376/376/68 365/365/60
f 365/365/60 376/376/68 366/366/61
f 364/364/58 362/362/59 370/370/58
f 370/370/58 362/362/59 372/372/58
f 377/377/69 363/363/66 378/378/69
f 378/378/69 363/363/66 374/374/66
f 379/379/70 380/380/70 375/375/67
f 375/375/67 380/380/70 376/376/68
f 378/378/69 374/374/66 381/381/69
f 381/381/69 374/374/66 382/382/66
f 383/383/71 378/378/69 384/384/71
f 384/384/71 378/378/69 381/381/69
f 368/368/63 369/369/64 385/385/63
f 385/385/63 369/369/64 386/386/64
f 365/365/72 361/361/58 377/377/59
f 377/377/59 361/361/58 363/363/58
f 387/387/73 388/388/73 389/389/73
f 389/389/73 388/388/73 390/390/73
f 391/391/74 365/365/72 392/392/58
f 392/392/58 365/365/72 377/377/59
f 392/392/71 377/377/69 383/383/71
f 383/383/71 377/377/69 378/378/69
f 393/393/75 394/394/76 375/375/75
f 375/375/75 394/394/76 379/379/76
f 393/393/75 375/375/75 391/391/74
f 391/391/74 375/375/75 365/365/72
f 395/395/77 396/396/78 397/397/58
f 397/397/58 396/396/78 398/398/58
f 399/399/79 400/400/80 401/401/79
f 401/401/79 400/400/80 402/402/81
f 400/400/80 396/396/78 402/402/81
f 402/402/81 396/396/78 395/395/77
f 361/361/62 367/367/62 362/362/65
f 362/362/65 367/367/62 371/371/65
f 374/374/66 368/368/63 382/382/66
f 382/382/66 368/368/63 385/385/63
f 391/391/73 392/392/71 403/403/73
f 403/403/73 392/392/71 383/383/71
f 379/379/24 394/394/24 380/380/24
f 380/380/24 394/394/24 388/388/24
f 393/393/73 391/391/73 390/390/73
f 390/390/73 391/391/73 403/403/73
f 394/394/73 393/393/73 388/388/73
f 388/388/73 393/393/73 390/390/73
f 404/404/82 405/405/83 400/400/82
f 400/400/82 405/405/83 396/396/83
f 406/406/24 380/380/24 387/387/24
f 387/387/24 380/380/24 388/388/24
f 407/407/73 403/403/73 384/384/71
f 384/384/71 403/403/73 383/383/71
f 408/408/84 404/404/82 399/399/84
f 399/399/84 404/404/82 400/400/82
f 406/406/70 409/409/68 380/380/70
f 380/380/70 409/409/68 376/376/68
f 405/405/83 410/410/24 396/396/83
f 396/396/83 410/410/24 398/398/24
f 411/411/85 412/412/85 413/413/85
f 413/413/85 412/412/85 414/414/85
f 415/415/58 416/416/59 417/417/58
f 417/417/58 416/416/59 418/418/58
f 419/419/86 418/418/87 420/420/88
f 420/420/88 418/418/87 421/421/87
f 422/422/89 369/369/64 415/415/89
f 415/415/89 369/369/64 370/370/64
f 416/416/90 372/372/24 423/423/90
f 423/423/90 372/372/24 373/373/24
f 424/424/91 422/422/89 417/417/91
f 417/417/91 422/422/89 415/415/89
f 425/425/92 419/419/86 426/426/93
f 426/426/93 419/419/86 420/420/88
f 415/415/58 370/370/58 416/416/59
f 416/416/59 370/370/58 372/372/58
f 424/424/91 417/417/91 427/427/94
f 427/427/94 417/417/91 428/428/94
f 429/429/95 425/425/92 430/430/95
f 430/430/95 425/425/92 426/426/93
f 424/424/91 427/427/94 431/431/91
f 431/431/91 427/427/94 432/432/94
f 427/427/94 433/433/96 432/432/94
f 432/432/94 433/433/96 434/434/96
f 369/369/64 422/422/89 386/386/64
f 386/386/64 422/422/89 435/435/89
f 417/417/58 418/418/58 428/428/58
f 428/428/58 418/418/58 419/419/97
f 436/436/85 411/411/85 437/437/85
f 437/437/85 411/411/85 413/413/85
f 428/428/58 419/419/97 438/438/58
f 438/438/58 419/419/97 439/439/98
f 427/427/94 428/428/94 433/433/96
f 433/433/96 428/428/94 438/438/96
f 440/440/99 425/425/99 441/441/100
f 441/441/100 425/425/99 429/429/100
f 419/419/97 425/425/99 439/439/98
f 439/439/98 425/425/99 440/440/99
f 442/442/101 397/397/58 443/443/102
f 443/443/102 397/397/58 398/398/58
f 444/444/103 445/445/104 446/446/105
f 446/446/105 445/445/104 447/447/105
f 442/442/101 443/443/102 444/444/103
f 444/444/103 443/443/102 445/445/104
f 418/418/87 416/416/90 421/421/87
f 421/421/87 416/416/90 423/423/90
f 422/422/89 424/424/91 435/435/89
f 435/435/89 424/424/91 431/431/91
f 439/439/85 414/414/85 438/438/96
f 438/438/96 414/414/85 433/433/96
f 429/429/24 430/430/24 441/441/24
f 441/441/24 430/430/24 437/437/24
f 440/440/85 413/413/85 439/439/85
f 439/439/85 413/413/85 414/414/85
f 441/441/85 437/437/85 440/440/85
f 440/440/85 437/437/85 413/413/85
f 448/448/106 445/445/106 449/449/107
f 449/449/107 445/445/106 443/443/107
f 450/450/24 436/436/24 430/430/24
f 430/430/24 436/436/24 437/437/24
f 412/412/85 434/434/96 414/414/85
f 414/414/85 434/434/96 433/433/96
f 451/451/108 447/447/108 448/448/106
f 448/448/106 447/447/108 445/445/106
f 450/450/95 430/430/95 452/452/93
f 452/452/93 430/430/95 426/426/93
f 449/449/107 443/443/107 410/410/24
f 410/410/24 443/443/107 398/398/24
f 453/453/109 454/454/110 455/455/109
f 455/455/109 454/454/110 456/456/109
f 457/457/60 456/456/62 458/458/61
f 458/458/61 456/456/62 459/459/62
f 385/385/63 386/386/64 453/453/63
f 453/453/63 386/386/64 460/460/64
f 454/454/65 461/461/24 462/462/65
f 462/462/65 461/461/24 463/463/24
f 382/382/66 385/385/63 455/455/66
f 455/455/66 385/385/63 453/453/63
f 464/464/67 457/457/60 409/409/68
f 409/409/68 457/457/60 458/458/61
f 453/453/109 460/460/109 454/454/110
f 454/454/110 460/460/109 461/461/109
f 382/382/66 455/455/66 381/381/69
f 381/381/69 455/455/66 465/465/69
f 466/466/70 464/464/67 406/406/70
f 406/406/70 464/464/67 409/409/68
f 455/455/109 456/456/109 465/465/109
f 465/465/109 456/456/109 457/457/111
f 465/465/109 457/457/111 467/467/109
f 467/467/109 457/457/111 468/468/112
f 381/381/69 465/465/69 384/384/71
f 384/384/71 465/465/69 467/467/71
f 469/469/113 464/464/113 470/470/114
f 470/470/114 464/464/113 466/466/114
f 457/457/111 464/464/113 468/468/112
f 468/468/112 464/464/113 469/469/113
f 471/471/115 472/472/109 405/405/116
f 405/405/116 472/472/109 410/410/109
f 473/473/117 404/404/118 474/474/119
f 474/474/119 404/404/118 408/408/119
f 471/471/115 405/405/116 473/473/117
f 473/473/117 405/405/116 404/404/118
f 456/456/62 454/454/65 459/459/62
f 459/459/62 454/454/65 462/462/65
f 468/468/73 407/407/73 467/467/71
f 467/467/71 407/407/73 384/384/71
f 466/466/24 406/406/24 470/470/24
f 470/470/24 406/406/24 387/387/24
f 469/469/73 389/389/73 468/468/73
f 468/468/73 389/389/73 407/407/73
f 470/470/73 387/387/73 469/469/73
f 469/469/73 387/387/73 389/389/73
f 475/475/109 476/476/110 477/477/109
f 477/477/109 476/476/110 478/478/109
f 479/479/86 480/480/88 475/475/87
f 475/475/87 480/480/88 481/481/87
f 435/435/89 478/478/89 386/386/64
f 386/386/64 478/478/89 460/460/64
f 476/476/90 482/482/90 461/461/24
f 461/461/24 482/482/90 463/463/24
f 431/431/91 477/477/91 435/435/89
f 435/435/89 477/477/91 478/478/89
f 483/483/92 452/452/93 479/479/86
f 479/479/86 452/452/93 480/480/88
f 478/478/109 476/476/110 460/460/109
f 460/460/109 476/476/110 461/461/109
f 484/484/94 477/477/91 432/432/94
f 432/432/94 477/477/91 431/431/91
f 485/485/95 450/450/95 483/483/92
f 483/483/92 450/450/95 452/452/93
f 479/479/120 475/475/109 484/484/110
f 484/484/110 475/475/109 477/477/109
f 486/486/121 479/479/120 487/487/109
f 487/487/109 479/479/120 484/484/110
f 487/487/96 484/484/94 434/434/96
f 434/434/96 484/484/94 432/432/94
f 488/488/122 489/489/123 483/483/122
f 483/483/122 489/489/123 485/485/123
f 488/488/122 483/483/122 486/486/121
f 486/486/121 483/483/122 479/479/120
f 490/490/124 449/449/125 472/472/109
f 472/472/109 449/449/125 410/410/109
f 451/451/126 448/448/127 491/491/126
f 491/491/126 448/448/127 492/492/128
f 448/448/127 449/449/125 492/492/128
f 492/492/128 449/449/125 490/490/124
f 475/475/87 481/481/87 476/476/90
f 476/476/90 481/481/87 482/482/90
f 486/486/85 487/487/96 412/412/85
f 412/412/85 487/487/96 434/434/96
f 485/485/24 489/489/24 450/450/24
f 450/450/24 489/489/24 436/436/24
f 488/488/85 486/486/85 411/411/85
f 411/411/85 486/486/85 412/412/85
f 489/489/85 488/488/85 436/436/85
f 436/436/85 488/488/85 411/411/85
f 389/389/73 390/390/73 407/407/73
f 407/407/73 390/390/73 403/403/73
f 493/493/1 494/494/14 495/495/1
f 495/495/1 494/494/14 496/496/1
f 497/497/2 498/498/3 493/493/4
f 493/493/4 498/498/3 499/499/4
f 500/500/129 496/496/129 501/501/64
f 501/501/64 496/496/129 502/502/64
f 494/494/130 503/503/130 504/504/24
f 504/504/24 503/503/130 505/505/24
f 506/506/5 495/495/5 500/500/129
f 500/500/129 495/495/5 496/496/129
f 507/507/8 508/508/9 497/497/2
f 497/497/2 508/508/9 498/498/3
f 496/496/1 494/494/14 502/502/1
f 502/502/1 494/494/14 504/504/1
f 509/509/10 495/495/5 510/510/10
f 510/510/10 495/495/5 506/506/5
f 511/511/11 512/512/11 507/507/8
f 507/507/8 512/512/11 508/508/9
f 510/510/10 506/506/5 513/513/10
f 513/513/10 506/506/5 514/514/5
f 515/515/12 510/510/10 516/516/12
f 516/516/12 510/510/10 513/513/10
f 500/500/129 501/501/64 517/517/129
f 517/517/129 501/501/64 518/518/64
f 497/497/13 493/493/1 509/509/14
f 509/509/14 493/493/1 495/495/1
f 519/519/15 520/520/15 521/521/15
f 521/521/15 520/520/15 522/522/15
f 523/523/16 497/497/13 524/524/1
f 524/524/1 497/497/13 509/509/14
f 524/524/12 509/509/10 515/515/12
f 515/515/12 509/509/10 510/510/10
f 525/525/17 526/526/18 507/507/17
f 507/507/17 526/526/18 511/511/18
f 525/525/17 507/507/17 523/523/16
f 523/523/16 507/507/17 497/497/13
f 527/527/131 528/528/132 529/529/1
f 529/529/1 528/528/132 530/530/1
f 531/531/23 532/532/19 533/533/23
f 533/533/23 532/532/19 534/534/21
f 532/532/19 528/528/132 534/534/21
f 534/534/21 528/528/132 527/527/131
f 493/493/4 499/499/4 494/494/130
f 494/494/130 499/499/4 503/503/130
f 506/506/5 500/500/129 514/514/5
f 514/514/5 500/500/129 517/517/129
f 523/523/15 524/524/12 535/535/15
f 535/535/15 524/524/12 515/515/12
f 511/511/24 526/526/24 512/512/24
f 512/512/24 526/526/24 520/520/24
f 525/525/15 523/523/15 522/522/15
f 522/522/15 523/523/15 535/535/15
f 526/526/15 525/525/15 520/520/15
f 520/520/15 525/525/15 522/522/15
f 536/536/25 537/537/133 532/532/25
f 532/532/25 537/537/133 528/528/133
f 538/538/24 512/512/24 519/519/24
f 519/519/24 512/512/24 520/520/24
f 539/539/15 535/535/15 516/516/12
f 516/516/12 535/535/15 515/515/12
f 540/540/27 536/536/25 531/531/27
f 531/531/27 536/536/25 532/532/25
f 538/538/11 541/541/9 512/512/11
f 512/512/11 541/541/9 508/508/9
f 537/537/133 542/542/24 528/528/133
f 528/528/133 542/542/24 530/530/24
f 543/543/28 544/544/28 545/545/28
f 545/545/28 544/544/28 546/546/28
f 547/547/1 548/548/14 549/549/1
f 549/549/1 548/548/14 550/550/1
f 551/551/29 550/550/7 552/552/30
f 552/552/30 550/550/7 553/553/7
f 554/554/134 501/501/64 547/547/134
f 547/547/134 501/501/64 502/502/64
f 548/548/135 504/504/24 555/555/135
f 555/555/135 504/504/24 505/505/24
f 556/556/6 554/554/134 549/549/6
f 549/549/6 554/554/134 547/547/134
f 557/557/31 551/551/29 558/558/32
f 558/558/32 551/551/29 552/552/30
f 547/547/1 502/502/1 548/548/14
f 548/548/14 502/502/1 504/504/1
f 556/556/6 549/549/6 559/559/33
f 559/559/33 549/549/6 560/560/33
f 561/561/34 557/557/31 562/562/34
f 562/562/34 557/557/31 558/558/32
f 556/556/6 559/559/33 563/563/6
f 563/563/6 559/559/33 564/564/33
f 559/559/33 565/565/35 564/564/33
f 564/564/33 565/565/35 566/566/35
f 501/501/64 554/554/134 518/518/64
f 518/518/64 554/554/134 567/567/134
f 549/549/1 550/550/1 560/560/1
f 560/560/1 550/550/1 551/551/36
f 568/568/28 543/543/28 569/569/28
f 569/569/28 543/543/28 545/545/28
f 560/560/1 551/551/36 570/570/1
f 570/570/1 551/551/36 571/571/37
f 559/559/33 560/560/33 565/565/35
f 565/565/35 560/560/33 570/570/35
f 572/572/38 557/557/38 573/573/39
f 573/573/39 557/557/38 561/561/39
f 551/551/36 557/557/38 571/571/37
f 571/571/37 557/557/38 572/572/38
f 574/574/136 529/529/1 575/575/137
f 575/575/137 529/529/1 530/530/1
f 576/576/22 577/577/20 578/578/40
f 578/578/40 577/577/20 579/579/40
f 574/574/136 575/575/137 576/576/22
f 576/576/22 575/575/137 577/577/20
f 550/550/7 548/548/135 553/553/7
f 553/553/7 548/548/135 555/555/135
f 554/554/134 556/556/6 567/567/134
f 567/567/134 556/556/6 563/563/6
f 571/571/28 546/546/28 570/570/35
f 570/570/35 546/546/28 565/565/35
f 561/561/24 562/562/24 573/573/24
f 573/573/24 562/562/24 569/569/24
f 572/572/28 545/545/28 571/571/28
f 571/571/28 545/545/28 546/546/28
f 573/573/28 569/569/28 572/572/28
f 572/572/28 569/569/28 545/545/28
f 580/580/26 577/577/26 581/581/138
f 581/581/138 577/577/26 575/575/138
f 582/582/24 568/568/24 562/562/24
f 562/562/24 568/568/24 569/569/24
f 544/544/28 566/566/35 546/546/28
f 546/546/28 566/566/35 565/565/35
f 583/583/41 579/579/41 580/580/26
f 580/580/26 579/579/41 577/577/26
f 582/582/34 562/562/34 584/584/32
f 584/584/32 562/562/34 558/558/32
f 581/581/138 575/575/138 542/542/24
f 542/542/24 575/575/138 530/530/24
f 585/585/42 586/586/53 587/587/42
f 587/587/42 586/586/53 588/588/42
f 589/589/2 588/588/4 590/590/3
f 590/590/3 588/588/4 591/591/4
f 517/517/129 518/518/64 585/585/129
f 585/585/129 518/518/64 592/592/64
f 586/586/130 593/593/24 594/594/130
f 594/594/130 593/593/24 595/595/24
f 514/514/5 517/517/129 587/587/5
f 587/587/5 517/517/129 585/585/129
f 596/596/8 589/589/2 541/541/9
f 541/541/9 589/589/2 590/590/3
f 585/585/42 592/592/42 586/586/53
f 586/586/53 592/592/42 593/593/42
f 514/514/5 587/587/5 513/513/10
f 513/513/10 587/587/5 597/597/10
f 598/598/11 596/596/8 538/538/11
f 538/538/11 596/596/8 541/541/9
f 587/587/42 588/588/42 597/597/42
f 597/597/42 588/588/42 589/589/43
f 597/597/42 589/589/43 599/599/42
f 599/599/42 589/589/43 600/600/44
f 513/513/10 597/597/10 516/516/12
f 516/516/12 597/597/10 599/599/12
f 601/601/45 596/596/45 602/602/46
f 602/602/46 596/596/45 598/598/46
f 589/589/43 596/596/45 600/600/44
f 600/600/44 596/596/45 601/601/45
f 603/603/139 604/604/42 537/537/140
f 537/537/140 604/604/42 542/542/42
f 605/605/47 536/536/49 606/606/51
f 606/606/51 536/536/49 540/540/51
f 603/603/139 537/537/140 605/605/47
f 605/605/47 537/537/140 536/536/49
f 588/588/4 586/586/130 591/591/4
f 591/591/4 586/586/130 594/594/130
f 600/600/15 539/539/15 599/599/12
f 599/599/12 539/539/15 516/516/12
f 598/598/24 538/538/24 602/602/24
f 602/602/24 538/538/24 519/519/24
f 601/601/15 521/521/15 600/600/15
f 600/600/15 521/521/15 539/539/15
f 602/602/15 519/519/15 601/601/15
f 601/601/15 519/519/15 521/521/15
f 607/607/42 608/608/53 609/609/42
f 609/609/42 608/608/53 610/610/42
f 611/611/29 612/612/30 607/607/7
f 607/607/7 612/612/30 613/613/7
f 567/567/134 610/610/134 518/518/64
f 518/518/64 610/610/134 592/592/64
f 608/608/135 614/614/135 593/593/24
f 593/593/24 614/614/135 595/595/24
f 563/563/6 609/609/6 567/567/134
f 567/567/134 609/609/6 610/610/134
f 615/615/31 584/584/32 611/611/29
f 611/611/29 584/584/32 612/612/30
f 610/610/42 608/608/53 592/592/42
f 592/592/42 608/608/53 593/593/42
f 616/616/33 609/609/6 564/564/33
f 564/564/33 609/609/6 563/563/6
f 617/617/34 582/582/34 615/615/31
f 615/615/31 582/582/34 584/584/32
f 611/611/52 607/607/42 616/616/53
f 616/616/53 607/607/42 609/609/42
f 618/618/54 611/611/52 619/619/42
f 619/619/42 611/611/52 616/616/53
f 619/619/35 616/616/33 566/566/35
f 566/566/35 616/616/33 564/564/33
f 620/620/55 621/621/56 615/615/55
f 615/615/55 621/621/56 617/617/56
f 620/620/55 615/615/55 618/618/54
f 618/618/54 615/615/55 611/611/52
f 622/622/141 581/581/142 604/604/42
f 604/604/42 581/581/142 542/542/42
f 583/583/57 580/580/50 623/623/57
f 623/623/57 580/580/50 624/624/48
f 580/580/50 581/581/142 624/624/48
f 624/624/48 581/581/142 622/622/141
f 607/607/7 613/613/7 608/608/135
f 608/608/135 613/613/7 614/614/135
f 618/618/28 619/619/35 544/544/28
f 544/544/28 619/619/35 566/566/35
f 617/617/24 621/621/24 582/582/24
f 582/582/24 621/621/24 568/568/24
f 620/620/28 618/618/28 543/543/28
f 543/543/28 618/618/28 544/544/28
f 621/621/28 620/620/28 568/568/28
f 568/568/28 620/620/28 543/543/28
f 521/521/15 522/522/15 539/539/15
f 539/539/15 522/522/15 535/535/15
f 625/625/143 626/626/144 627/627/143
f 627/627/143 626/626/144 628/628/143
f 629/629/145 630/630/146 625/625/147
f 625/625/147 630/630/146 631/631/147
f 632/632/148 628/628/148 633/633/64
f 633/633/64 628/628/148 634/634/64
f 626/626/149 635/635/149 636/636/24
f 636/636/24 635/635/149 637/637/24
f 638/638/150 627/627/150 632/632/148
f 632/632/148 627/627/150 628/628/148
f 639/639/151 640/640/152 629/629/145
f 629/629/145 640/640/152 630/630/146
f 628/628/143 626/626/144 634/634/143
f 634/634/143 626/626/144 636/636/143
f 641/641/153 627/627/150 642/642/153
f 642/642/153 627/627/150 638/638/150
f 643/643/154 644/644/154 639/639/151
f 639/639/151 644/644/154 640/640/152
f 642/642/153 638/638/150 645/645/153
f 645/645/153 638/638/150 646/646/150
f 647/647/155 642/642/153 648/648/155
f 648/648/155 642/642/153 645/645/153
f 632/632/148 633/633/64 649/649/148
f 649/649/148 633/633/64 650/650/64
f 629/629/156 625/625/143 641/641/144
f 641/641/144 625/625/143 627/627/143
f 651/651/157 652/652/157 653/653/157
f 653/653/157 652/652/157 654/654/157
f 655/655/74 629/629/156 656/656/143
f 656/656/143 629/629/156 641/641/144
f 656/656/155 641/641/153 647/647/155
f 647/647/155 641/641/153 642/642/153
f 657/657/158 658/658/159 639/639/158
f 639/639/158 658/658/159 643/643/159
f 657/657/158 639/639/158 655/655/74
f 655/655/74 639/639/158 629/629/156
f 659/659/160 660/660/161 661/661/143
f 661/661/143 660/660/161 662/662/143
f 663/663/162 664/664/163 665/665/162
f 665/665/162 664/664/163 666/666/164
f 664/664/163 660/660/161 666/666/164
f 666/666/164 660/660/161 659/659/160
f 625/625/147 631/631/147 626/626/149
f 626/626/149 631/631/147 635/635/149
f 638/638/150 632/632/148 646/646/150
f 646/646/150 632/632/148 649/649/148
f 655/655/157 656/656/155 667/667/157
f 667/667/157 656/656/155 647/647/155
f 643/643/24 658/658/24 644/644/24
f 644/644/24 658/658/24 652/652/24
f 657/657/157 655/655/157 654/654/157
f 654/654/157 655/655/157 667/667/157
f 658/658/157 657/657/157 652/652/157
f 652/652/157 657/657/157 654/654/157
f 668/668/165 669/669/166 664/664/165
f 664/664/165 669/669/166 660/660/166
f 670/670/24 644/644/24 651/651/24
f 651/651/24 644/644/24 652/652/24
f 671/671/157 667/667/157 648/648/155
f 648/648/155 667/667/157 647/647/155
f 672/672/167 668/668/165 663/663/167
f 663/663/167 668/668/165 664/664/165
f 670/670/154 673/673/152 644/644/154
f 644/644/154 673/673/152 640/640/152
f 669/669/166 674/674/24 660/660/166
f 660/660/166 674/674/24 662/662/24
f 675/675/168 676/676/168 677/677/168
f 677/677/168 676/676/168 678/678/168
f 679/679/143 680/680/144 681/681/143
f 681/681/143 680/680/144 682/682/143
f 683/683/169 682/682/170 684/684/171
f 684/684/171 682/682/170 685/685/170
f 686/686/172 633/633/64 679/679/172
f 679/679/172 633/633/64 634/634/64
f 680/680/173 636/636/24 687/687/173
f 687/687/173 636/636/24 637/637/24
f 688/688/174 686/686/172 681/681/174
f 681/681/174 686/686/172 679/679/172
f 689/689/175 683/683/169 690/690/176
f 690/690/176 683/683/169 684/684/171
f 679/679/143 634/634/143 680/680/144
f 680/680/144 634/634/143 636/636/143
f 688/688/174 681/681/174 691/691/177
f 691/691/177 681/681/174 692/692/177
f 693/693/178 689/689/175 694/694/178
f 694/694/178 689/689/175 690/690/176
f 688/688/174 691/691/177 695/695/174
f 695/695/174 691/691/177 696/696/177
f 691/691/177 697/697/179 696/696/177
f 696/696/177 697/697/179 698/698/179
f 633/633/64 686/686/172 650/650/64
f 650/650/64 686/686/172 699/699/172
f 681/681/143 682/682/143 692/692/143
f 692/692/143 682/682/143 683/683/180
f 700/700/168 675/675/168 701/701/168
f 701/701/168 675/675/168 677/677/168
f 692/692/143 683/683/180 702/702/143
f 702/702/143 683/683/180 703/703/181
f 691/691/177 692/692/177 697/697/179
f 697/697/179 692/692/177 702/702/179
f 704/704/182 689/689/182 705/705/183
f 705/705/183 689/689/182 693/693/183
f 683/683/180 689/689/182 703/703/181
f 703/703/181 689/689/182 704/704/182
f 706/706/184 661/661/143 707/707/185
f 707/707/185 661/661/143 662/662/143
f 708/708/186 709/709/187 710/710/188
f 710/710/188 709/709/187 711/711/188
f 706/706/184 707/707/185 708/708/186
f 708/708/186 707/707/185 709/709/187
f 682/682/170 680/680/173 685/685/170
f 685/685/170 680/680/173 687/687/173
f 686/686/172 688/688/174 699/699/172
f 699/699/172 688/688/174 695/695/174
f 703/703/168 678/678/168 702/702/179
f 702/702/179 678/678/168 697/697/179
f 693/693/24 694/694/24 705/705/24
f 705/705/24 694/694/24 701/701/24
f 704/704/168 677/677/168 703/703/168
f 703/703/168 677/677/168 678/678/168
f 705/705/168 701/701/168 704/704/168
f 704/704/168 701/701/168 677/677/168
f 712/712/189 709/709/189 713/713/190
f 713/713/190 709/709/189 707/707/190
f 714/714/24 700/700/24 694/694/24
f 694/694/24 700/700/24 701/701/24
f 676/676/168 698/698/179 678/678/168
f 678/678/168 698/698/179 697/697/179
f 715/715/191 711/711/191 712/712/189
f 712/712/189 711/711/191 709/709/189
f 714/714/178 694/694/178 716/716/176
f 716/716/176 694/694/178 690/690/176
f 713/713/190 707/707/190 674/674/24
f 674/674/24 707/707/190 662/662/24
f 717/717/192 718/718/193 719/719/192
f 719/719/192 718/718/193 720/720/192
f 721/721/145 720/720/147 722/722/146
f 722/722/146 720/720/147 723/723/147
f 649/649/148 650/650/64 717/717/148
f 717/717/148 650/650/64 724/724/64
f 718/718/149 725/725/24 726/726/149
f 726/726/149 725/725/24 727/727/24
f 646/646/150 649/649/148 719/719/150
f 719/719/150 649/649/148 717/717/148
f 728/728/151 721/721/145 673/673/152
f 673/673/152 721/721/145 722/722/146
f 717/717/192 724/724/192 718/718/193
f 718/718/193 724/724/192 725/725/192
f 646/646/150 719/719/150 645/645/153
f 645/645/153 719/719/150 729/729/153
f 730/730/154 728/728/151 670/670/154
f 670/670/154 728/728/151 673/673/152
f 719/719/192 720/720/192 729/729/192
f 729/729/192 720/720/192 721/721/194
f 729/729/192 721/721/194 731/731/192
f 731/731/192 721/721/194 732/732/195
f 645/645/153 729/729/153 648/648/155
f 648/648/155 729/729/153 731/731/155
f 733/733/196 728/728/196 734/734/197
f 734/734/197 728/728/196 730/730/197
f 721/721/194 728/728/196 732/732/195
f 732/732/195 728/728/196 733/733/196
f 735/735/198 736/736/192 669/669/199
f 669/669/199 736/736/192 674/674/192
f 737/737/200 668/668/201 738/738/202
f 738/738/202 668/668/201 672/672/202
f 735/735/198 669/669/199 737/737/200
f 737/737/200 669/669/199 668/668/201
f 720/720/147 718/718/149 723/723/147
f 723/723/147 718/718/149 726/726/149
f 732/732/157 671/671/157 731/731/155
f 731/731/155 671/671/157 648/648/155
f 730/730/24 670/670/24 734/734/24
f 734/734/24 670/670/24 651/651/24
f 733/733/157 653/653/157 732/732/157
f 732/732/157 653/653/157 671/671/157
f 734/734/157 651/651/157 733/733/157
f 733/733/157 651/651/157 653/653/157
f 739/739/192 740/740/193 741/741/192
f 741/741/192 740/740/193 742/742/192
f 743/743/169 744/744/171 739/739/170
f 739/739/170 744/744/171 745/745/170
f 699/699/172 742/742/172 650/650/64
f 650/650/64 742/742/172 724/724/64
f 740/740/173 746/746/173 725/725/24
f 725/725/24 746/746/173 727/727/24
f 695/695/174 741/741/174 699/699/172
f 699/699/172 741/741/174 742/742/172
f 747/747/175 716/716/176 743/743/169
f 743/743/169 716/716/176 744/744/171
f 742/742/192 740/740/193 724/724/192
f 724/724/192 740/740/193 725/725/192
f 748/748/177 741/741/174 696/696/177
f 696/696/177 741/741/174 695/695/174
f 749/749/178 714/714/178 747/747/175
f 747/747/175 714/714/178 716/716/176
f 743/743/203 739/739/192 748/748/193
f 748/748/193 739/739/192 741/741/192
f 750/750/121 743/743/203 751/751/192
f 751/751/192 743/743/203 748/748/193
f 751/751/179 748/748/177 698/698/179
f 698/698/179 748/748/177 696/696/177
f 752/752/204 753/753/205 747/747/204
f 747/747/204 753/753/205 749/749/205
f 752/752/204 747/747/204 750/750/121
f 750/750/121 747/747/204 743/743/203
f 754/754/206 713/713/207 736/736/192
f 736/736/192 713/713/207 674/674/192
f 715/715/208 712/712/209 755/755/208
f 755/755/208 712/712/209 756/756/210
f 712/712/209 713/713/207 756/756/210
f 756/756/210 713/713/207 754/754/206
f 739/739/170 745/745/170 740/740/173
f 740/740/173 745/745/170 746/746/173
f 750/750/168 751/751/179 676/676/168
f 676/676/168 751/751/179 698/698/179
f 749/749/24 753/753/24 714/714/24
f 714/714/24 753/753/24 700/700/24
f 752/752/168 750/750/168 675/675/168
f 675/675/168 750/750/168 676/676/168
f 753/753/168 752/752/168 700/700/168
f 700/700/168 752/752/168 675/675/168
f 653/653/157 654/654/157 671/671/157
f 671/671/157 654/654/157 667/667/157
f 757/757/14 758/758/14 759/759/14
f 759/759/14 758/758/14 760/760/14
f 761/761/211 762/762/212 757/757/213
f 757/757/213 762/762/212 763/763/213
f 764/764/214 760/760/214 765/765/64
f 765/765/64 760/760/214 766/766/64
f 758/758/215 767/767/215 768/768/24
f 768/768/24 767/767/215 769/769/24
f 770/770/5 759/759/5 764/764/214
f 764/764/214 759/759/5 760/760/214
f 771/771/216 772/772/217 761/761/211
f 761/761/211 772/772/217 762/762/212
f 760/760/14 758/758/14 766/766/14
f 766/766/14 758/758/14 768/768/14
f 773/773/218 759/759/5 774/774/218
f 774/774/218 759/759/5 770/770/5
f 775/775/219 776/776/219 771/771/216
f 771/771/216 776/776/219 772/772/217
f 774/774/218 770/770/5 777/777/218
f 777/777/218 770/770/5 778/778/5
f 779/779/220 774/774/218 780/780/220
f 780/780/220 774/774/218 777/777/218
f 764/764/214 765/765/64 781/781/214
f 781/781/214 765/765/64 782/782/64
f 761/761/13 757/757/14 773/773/14
f 773/773/14 757/757/14 759/759/14
f 783/783/221 784/784/221 785/785/221
f 785/785/221 784/784/221 786/786/221
f 787/787/222 761/761/13 788/788/14
f 788/788/14 761/761/13 773/773/14
f 788/788/220 773/773/218 779/779/220
f 779/779/220 773/773/218 774/774/218
f 789/789/223 790/790/18 771/771/223
f 771/771/223 790/790/18 775/775/18
f 789/789/223 771/771/223 787/787/222
f 787/787/222 771/771/223 761/761/13
f 791/791/131 792/792/132 793/793/14
f 793/793/14 792/792/132 794/794/14
f 795/795/224 796/796/225 797/797/224
f 797/797/224 796/796/225 798/798/226
f 796/796/225 792/792/132 798/798/226
f 798/798/226 792/792/132 791/791/131
f 757/757/213 763/763/213 758/758/215
f 758/758/215 763/763/213 767/767/215
f 770/770/5 764/764/214 778/778/5
f 778/778/5 764/764/214 781/781/214
f 787/787/221 788/788/220 799/799/221
f 799/799/221 788/788/220 779/779/220
f 775/775/24 790/790/24 776/776/24
f 776/776/24 790/790/24 784/784/24
f 789/789/221 787/787/221 786/786/221
f 786/786/221 787/787/221 799/799/221
f 790/790/221 789/789/221 784/784/221
f 784/784/221 789/789/221 786/786/221
f 800/800/227 801/801/228 796/796/227
f 796/796/227 801/801/228 792/792/228
f 802/802/24 776/776/24 783/783/24
f 783/783/24 776/776/24 784/784/24
f 803/803/221 799/799/221 780/780/220
f 780/780/220 799/799/221 779/779/220
f 804/804/229 800/800/227 795/795/229
f 795/795/229 800/800/227 796/796/227
f 802/802/219 805/805/217 776/776/219
f 776/776/219 805/805/217 772/772/217
f 801/801/228 806/806/24 792/792/228
f 792/792/228 806/806/24 794/794/24
f 807/807/230 808/808/230 809/809/230
f 809/809/230 808/808/230 810/810/230
f 811/811/14 812/812/14 813/813/14
f 813/813/14 812/812/14 814/814/14
f 815/815/231 814/814/232 816/816/233
f 816/816/233 814/814/232 817/817/232
f 818/818/234 765/765/64 811/811/234
f 811/811/234 765/765/64 766/766/64
f 812/812/235 768/768/24 819/819/235
f 819/819/235 768/768/24 769/769/24
f 820/820/6 818/818/234 813/813/6
f 813/813/6 818/818/234 811/811/234
f 821/821/236 815/815/231 822/822/237
f 822/822/237 815/815/231 816/816/233
f 811/811/14 766/766/14 812/812/14
f 812/812/14 766/766/14 768/768/14
f 820/820/6 813/813/6 823/823/238
f 823/823/238 813/813/6 824/824/238
f 825/825/239 821/821/236 826/826/239
f 826/826/239 821/821/236 822/822/237
f 820/820/6 823/823/238 827/827/6
f 827/827/6 823/823/238 828/828/238
f 823/823/238 829/829/240 828/828/238
f 828/828/238 829/829/240 830/830/240
f 765/765/64 818/818/234 782/782/64
f 782/782/64 818/818/234 831/831/234
f 813/813/14 814/814/14 824/824/14
f 824/824/14 814/814/14 815/815/241
f 832/832/230 807/807/230 833/833/230
f 833/833/230 807/807/230 809/809/230
f 824/824/14 815/815/241 834/834/14
f 834/834/14 815/815/241 835/835/242
f 823/823/238 824/824/238 829/829/240
f 829/829/240 824/824/238 834/834/240
f 836/836/243 821/821/243 837/837/244
f 837/837/244 821/821/243 825/825/244
f 815/815/241 821/821/243 835/835/242
f 835/835/242 821/821/243 836/836/243
f 838/838/136 793/793/14 839/839/137
f 839/839/137 793/793/14 794/794/14
f 840/840/245 841/841/246 842/842/247
f 842/842/247 841/841/246 843/843/247
f 838/838/136 839/839/137 840/840/245
f 840/840/245 839/839/137 841/841/246
f 814/814/232 812/812/235 817/817/232
f 817/817/232 812/812/235 819/819/235
f 818/818/234 820/820/6 831/831/234
f 831/831/234 820/820/6 827/827/6
f 835/835/230 810/810/230 834/834/240
f 834/834/240 810/810/230 829/829/240
f 825/825/24 826/826/24 837/837/24
f 837/837/24 826/826/24 833/833/24
f 836/836/230 809/809/230 835/835/230
f 835/835/230 809/809/230 810/810/230
f 837/837/230 833/833/230 836/836/230
f 836/836/230 833/833/230 809/809/230
f 844/844/248 841/841/248 845/845/249
f 845/845/249 841/841/248 839/839/249
f 846/846/24 832/832/24 826/826/24
f 826/826/24 832/832/24 833/833/24
f 808/808/230 830/830/240 810/810/230
f 810/810/230 830/830/240 829/829/240
f 847/847/250 843/843/250 844/844/248
f 844/844/248 843/843/250 841/841/248
f 846/846/239 826/826/239 848/848/237
f 848/848/237 826/826/239 822/822/237
f 845/845/249 839/839/249 806/806/24
f 806/806/24 839/839/249 794/794/24
f 849/849/53 850/850/53 851/851/53
f 851/851/53 850/850/53 852/852/53
f 853/853/211 852/852/213 854/854/212
f 854/854/212 852/852/213 855/855/213
f 781/781/214 782/782/64 849/849/214
f 849/849/214 782/782/64 856/856/64
f 850/850/215 857/857/24 858/858/215
f 858/858/215 857/857/24 859/859/24
f 778/778/5 781/781/214 851/851/5
f 851/851/5 781/781/214 849/849/214
f 860/860/216 853/853/211 805/805/217
f 805/805/217 853/853/211 854/854/212
f 849/849/53 856/856/53 850/850/53
f 850/850/53 856/856/53 857/857/53
f 778/778/5 851/851/5 777/777/218
f 777/777/218 851/851/5 861/861/218
f 862/862/219 860/860/216 802/802/219
f 802/802/219 860/860/216 805/805/217
f 851/851/53 852/852/53 861/861/53
f 861/861/53 852/852/53 853/853/251
f 861/861/53 853/853/251 863/863/53
f 863/863/53 853/853/251 864/864/252
f 777/777/218 861/861/218 780/780/220
f 780/780/220 861/861/218 863/863/220
f 865/865/253 860/860/253 866/866/254
f 866/866/254 860/860/253 862/862/254
f 853/853/251 860/860/253 864/864/252
f 864/864/252 860/860/253 865/865/253
f 867/867/139 868/868/53 801/801/140
f 801/801/140 868/868/53 806/806/53
f 869/869/255 800/800/256 870/870/257
f 870/870/257 800/800/256 804/804/257
f 867/867/139 801/801/140 869/869/255
f 869/869/255 801/801/140 800/800/256
f 852/852/213 850/850/215 855/855/213
f 855/855/213 850/850/215 858/858/215
f 864/864/221 803/803/221 863/863/220
f 863/863/220 803/803/221 780/780/220
f 862/862/24 802/802/24 866/866/24
f 866/866/24 802/802/24 783/783/24
f 865/865/221 785/785/221 864/864/221
f 864/864/221 785/785/221 803/803/221
f 866/866/221 783/783/221 865/865/221
f 865/865/221 783/783/221 785/785/221
f 871/871/53 872/872/53 873/873/53
f 873/873/53 872/872/53 874/874/53
f 875/875/231 876/876/233 871/871/232
f 871/871/232 876/876/233 877/877/232
f 831/831/234 874/874/234 782/782/64
f 782/782/64 874/874/234 856/856/64
f 872/872/235 878/878/235 857/857/24
f 857/857/24 878/878/235 859/859/24
f 827/827/6 873/873/6 831/831/234
f 831/831/234 873/873/6 874/874/234
f 879/879/236 848/848/237 875/875/231
f 875/875/231 848/848/237 876/876/233
f 874/874/53 872/872/53 856/856/53
f 856/856/53 872/872/53 857/857/53
f 880/880/238 873/873/6 828/828/238
f 828/828/238 873/873/6 827/827/6
f 881/881/239 846/846/239 879/879/236
f 879/879/236 846/846/239 848/848/237
f 875/875/52 871/871/53 880/880/53
f 880/880/53 871/871/53 873/873/53
f 882/882/258 875/875/52 883/883/53
f 883/883/53 875/875/52 880/880/53
f 883/883/240 880/880/238 830/830/240
f 830/830/240 880/880/238 828/828/238
f 884/884/259 885/885/56 879/879/259
f 879/879/259 885/885/56 881/881/56
f 884/884/259 879/879/259 882/882/258
f 882/882/258 879/879/259 875/875/52
f 886/886/141 845/845/142 868/868/53
f 868/868/53 845/845/142 806/806/53
f 847/847/260 844/844/261 887/887/260
f 887/887/260 844/844/261 888/888/262
f 844/844/261 845/845/142 888/888/262
f 888/888/262 845/845/142 886/886/141
f 871/871/232 877/877/232 872/872/235
f 872/872/235 877/877/232 878/878/235
f 882/882/230 883/883/240 808/808/230
f 808/808/230 883/883/240 830/830/240
f 881/881/24 885/885/24 846/846/24
f 846/846/24 885/885/24 832/832/24
f 884/884/230 882/882/230 807/807/230
f 807/807/230 882/882/230 808/808/230
f 885/885/230 884/884/230 832/832/230
f 832/832/230 884/884/230 807/807/230
f 785/785/221 786/786/221 803/803/221
f 803/803/221 786/786/221 799/799/221
f 889/889/263 890/890/264 891/891/263
f 891/891/263 890/890/264 892/892/263
f 893/893/265 894/894/266 889/889/267
f 889/889/267 894/894/266 895/895/267
f 896/896/268 892/892/268 897/897/64
f 897/897/64 892/892/268 898/898/64
f 890/890/269 899/899/269 900/900/24
f 900/900/24 899/899/269 901/901/24
f 902/902/270 891/891/270 896/896/268
f 896/896/268 891/891/270 892/892/268
f 903/903/271 904/904/272 893/893/265
f 893/893/265 904/904/272 894/894/266
f 892/892/263 890/890/264 898/898/263
f 898/898/263 890/890/264 900/900/263
f 905/905/273 891/891/270 906/906/273
f 906/906/273 891/891/270 902/902/270
f 907/907/274 908/908/274 903/903/271
f 903/903/271 908/908/274 904/904/272
f 906/906/273 902/902/270 909/909/273
f 909/909/273 902/902/270 910/910/270
f 911/911/275 906/906/273 912/912/275
f 912/912/275 906/906/273 909/909/273
f 896/896/268 897/897/64 913/913/268
f 913/913/268 897/897/64 914/914/64
f 893/893/276 889/889/263 905/905/264
f 905/905/264 889/889/263 891/891/263
f 915/915/277 916/916/277 917/917/277
f 917/917/277 916/916/277 918/918/277
f 919/919/278 893/893/276 920/920/263
f 920/920/263 893/893/276 905/905/264
f 920/920/275 905/905/273 911/911/275
f 911/911/275 905/905/273 906/906/273
f 921/921/279 922/922/280 903/903/279
f 903/903/279 922/922/280 907/907/280
f 921/921/279 903/903/279 919/919/278
f 919/919/278 903/903/279 893/893/276
f 923/923/281 924/924/282 925/925/263
f 925/925/263 924/924/282 926/926/263
f 927/927/283 928/928/284 929/929/283
f 929/929/283 928/928/284 930/930/285
f 928/928/284 924/924/282 930/930/285
f 930/930/285 924/924/282 923/923/281
f 889/889/267 895/895/267 890/890/269
f 890/890/269 895/895/267 899/899/269
f 902/902/270 896/896/268 910/910/270
f 910/910/270 896/896/268 913/913/268
f 919/919/277 920/920/275 931/931/277
f 931/931/277 920/920/275 911/911/275
f 907/907/24 922/922/24 908/908/24
f 908/908/24 922/922/24 916/916/24
f 921/921/277 919/919/277 918/918/277
f 918/918/277 919/919/277 931/931/277
f 922/922/277 921/921/277 916/916/277
f 916/916/277 921/921/277 918/918/277
f 932/932/286 933/933/287 928/928/286
f 928/928/286 933/933/287 924/924/287
f 934/934/24 908/908/24 915/915/24
f 915/915/24 908/908/24 916/916/24
f 935/935/277 931/931/277 912/912/275
f 912/912/275 931/931/277 911/911/275
f 936/936/288 932/932/286 927/927/288
f 927/927/288 932/932/286 928/928/286
f 934/934/274 937/937/272 908/908/274
f 908/908/274 937/937/272 904/904/272
f 933/933/287 938/938/24 924/924/287
f 924/924/287 938/938/24 926/926/24
f 939/939/289 940/940/289 941/941/289
f 941/941/289 940/940/289 942/942/289
f 943/943/263 944/944/264 945/945/263
f 945/945/263 944/944/264 946/946/263
f 947/947/290 946/946/291 948/948/292
f 948/948/292 946/946/291 949/949/291
f 950/950/293 897/897/64 943/943/293
f 943/943/293 897/897/64 898/898/64
f 944/944/294 900/900/24 951/951/294
f 951/951/294 900/900/24 901/901/24
f 952/952/295 950/950/293 945/945/295
f 945/945/295 950/950/293 943/943/293
f 953/953/296 947/947/290 954/954/297
f 954/954/297 947/947/290 948/948/292
f 943/943/263 898/898/263 944/944/264
f 944/944/264 898/898/263 900/900/263
f 952/952/295 945/945/295 955/955/298
f 955/955/298 945/945/295 956/956/298
f 957/957/299 953/953/296 958/958/299
f 958/958/299 953/953/296 954/954/297
f 952/952/295 955/955/298 959/959/295
f 959/959/295 955/955/298 960/960/298
f 955/955/298 961/961/300 960/960/298
f 960/960/298 961/961/300 962/962/300
f 897/897/64 950/950/293 914/914/64
f 914/914/64 950/950/293 963/963/293
f 945/945/263 946/946/263 956/956/263
f 956/956/263 946/946/263 947/947/301
f 964/964/289 939/939/289 965/965/289
f 965/965/289 939/939/289 941/941/289
f 956/956/263 947/947/301 966/966/263
f 966/966/263 947/947/301 967/967/302
f 955/955/298 956/956/298 961/961/300
f 961/961/300 956/956/298 966/966/300
f 968/968/303 953/953/303 969/969/304
f 969/969/304 953/953/303 957/957/304
f 947/947/301 953/953/303 967/967/302
f 967/967/302 953/953/303 968/968/303
f 970/970/305 925/925/263 971/971/306
f 971/971/306 925/925/263 926/926/263
f 972/972/307 973/973/308 974/974/309
f 974/974/309 973/973/308 975/975/309
f 970/970/305 971/971/306 972/972/307
f 972/972/307 971/971/306 973/973/308
f 946/946/291 944/944/294 949/949/291
f 949/949/291 944/944/294 951/951/294
f 950/950/293 952/952/295 963/963/293
f 963/963/293 952/952/295 959/959/295
f 967/967/289 942/942/289 966/966/300
f 966/966/300 942/942/289 961/961/300
f 957/957/24 958/958/24 969/969/24
f 969/969/24 958/958/24 965/965/24
f 968/968/289 941/941/289 967/967/289
f 967/967/289 941/941/289 942/942/289
f 969/969/289 965/965/289 968/968/289
f 968/968/289 965/965/289 941/941/289
f 976/976/310 973/973/310 977/977/311
f 977/977/311 973/973/310 971/971/311
f 978/978/24 964/964/24 958/958/24
f 958/958/24 964/964/24 965/965/24
f 940/940/289 962/962/300 942/942/289
f 942/942/289 962/962/300 961/961/300
f 979/979/312 975/975/312 976/976/310
f 976/976/310 975/975/312 973/973/310
f 978/978/299 958/958/299 980/980/297
f 980/980/297 958/958/299 954/954/297
f 977/977/311 971/971/311 938/938/24
f 938/938/24 971/971/311 926/926/24
f 981/981/313 982/982/314 983/983/313
f 983/983/313 982/982/314 984/984/313
f 985/985/265 984/984/267 986/986/266
f 986/986/266 984/984/267 987/987/267
f 913/913/268 914/914/64 981/981/268
f 981/981/268 914/914/64 988/988/64
f 982/982/269 989/989/24 990/990/269
f 990/990/269 989/989/24 991/991/24
f 910/910/270 913/913/268 983/983/270
f 983/983/270 913/913/268 981/981/268
f 992/992/271 985/985/265 937/937/272
f 937/937/272 985/985/265 986/986/266
f 981/981/313 988/988/313 982/982/314
f 982/982/314 988/988/313 989/989/313
f 910/910/270 983/983/270 909/909/273
f 909/909/273 983/983/270 993/993/273
f 994/994/274 992/992/271 934/934/274
f 934/934/274 992/992/271 937/937/272
f 983/983/313 984/984/313 993/993/313
f 993/993/313 984/984/313 985/985/315
f 993/993/313 985/985/315 995/995/313
f 995/995/313 985/985/315 996/996/316
f 909/909/273 993/993/273 912/912/275
f 912/912/275 993/993/273 995/995/275
f 997/997/317 992/992/317 998/998/318
f 998/998/318 992/992/317 994/994/318
f 985/985/315 992/992/317 996/996/316
f 996/996/316 992/992/317 997/997/317
f 999/999/319 1000/1000/313 933/933/320
f 933/933/320 1000/1000/313 938/938/313
f 1001/1001/321 932/932/322 1002/1002/323
f 1002/1002/323 932/932/322 936/936/323
f 999/999/319 933/933/320 1001/1001/321
f 1001/1001/321 933/933/320 932/932/322
f 984/984/267 982/982/269 987/987/267
f 987/987/267 982/982/269 990/990/269
f 996/996/277 935/935/277 995/995/275
f 995/995/275 935/935/277 912/912/275
f 994/994/24 934/934/24 998/998/24
f 998/998/24 934/934/24 915/915/24
f 997/997/277 917/917/277 996/996/277
f 996/996/277 917/917/277 935/935/277
f 998/998/277 915/915/277 997/997/277
f 997/997/277 915/915/277 917/917/277
f 1003/1003/313 1004/1004/314 1005/1005/313
f 1005/1005/313 1004/1004/314 1006/1006/313
f 1007/1007/290 1008/1008/292 1003/1003/291
f 1003/1003/291 1008/1008/292 1009/1009/291
f 963/963/293 1006/1006/293 914/914/64
f 914/914/64 1006/1006/293 988/988/64
f 1004/1004/294 1010/1010/294 989/989/24
f 989/989/24 1010/1010/294 991/991/24
f 959/959/295 1005/1005/295 963/963/293
f 963/963/293 1005/1005/295 1006/1006/293
f 1011/1011/296 980/980/297 1007/1007/290
f 1007/1007/290 980/980/297 1008/1008/292
f 1006/1006/313 1004/1004/314 988/988/313
f 988/988/313 1004/1004/314 989/989/313
f 1012/1012/298 1005/1005/295 960/960/298
f 960/960/298 1005/1005/295 959/959/295
f 1013/1013/299 978/978/299 1011/1011/296
f 1011/1011/296 978/978/299 980/980/297
f 1007/1007/324 1003/1003/313 1012/1012/314
f 1012/1012/314 1003/1003/313 1005/1005/313
f 1014/1014/325 1007/1007/324 1015/1015/313
f 1015/1015/313 1007/1007/324 1012/1012/314
f 1015/1015/300 1012/1012/298 962/962/300
f 962/962/300 1012/1012/298 960/960/298
f 1016/1016/326 1017/1017/327 1011/1011/326
f 1011/1011/326 1017/1017/327 1013/1013/327
f 1016/1016/326 1011/1011/326 1014/1014/325
f 1014/1014/325 1011/1011/326 1007/1007/324
f 1018/1018/328 977/977/329 1000/1000/313
f 1000/1000/313 977/977/329 938/938/313
f 979/979/330 976/976/331 1019/1019/330
f 1019/1019/330 976/976/331 1020/1020/332
f 976/976/331 977/977/329 1020/1020/332
f 1020/1020/332 977/977/329 1018/1018/328
f 1003/1003/291 1009/1009/291 1004/1004/294
f 1004/1004/294 1009/1009/291 1010/1010/294
f 1014/1014/289 1015/1015/300 940/940/289
f 940/940/289 1015/1015/300 962/962/300
f 1013/1013/24 1017/1017/24 978/978/24
f 978/978/24 1017/1017/24 964/964/24
f 1016/1016/289 1014/1014/289 939/939/289
f 939/939/289 1014/1014/289 940/940/289
f 1017/1017/289 1016/1016/289 964/964/289
f 964/964/289 1016/1016/289 939/939/289
f 917/917/277 918/918/277 935/935/277
f 935/935/277 918/918/277 931/931/277
f 1021/1021/333 1022/1022/334 1023/1023/333
f 1023/1023/333 1022/1022/334 1024/1024/333
f 1025/1025/335 1026/1026/336 1021/1021/337
f 1021/1021/337 1026/1026/336 1027/1027/337
f 1028/1028/338 1024/1024/338 1029/1029/64
f 1029/1029/64 1024/1024/338 1030/1030/64
f 1022/1022/339 1031/1031/339 1032/1032/24
f 1032/1032/24 1031/1031/339 1033/1033/24
f 1034/1034/340 1023/1023/340 1028/1028/338
f 1028/1028/338 1023/1023/340 1024/1024/338
f 1035/1035/341 1036/1036/342 1025/1025/335
f 1025/1025/335 1036/1036/342 1026/1026/336
f 1024/1024/333 1022/1022/334 1030/1030/333
f 1030/1030/333 1022/1022/334 1032/1032/333
f 1037/1037/343 1023/1023/340 1038/1038/343
f 1038/1038/343 1023/1023/340 1034/1034/340
f 1039/1039/344 1040/1040/344 1035/1035/341
f 1035/1035/341 1040/1040/344 1036/1036/342
f 1038/1038/343 1034/1034/340 1041/1041/343
f 1041/1041/343 1034/1034/340 1042/1042/340
f 1043/1043/345 1038/1038/343 1044/1044/345
f 1044/1044/345 1038/1038/343 1041/1041/343
f 1028/1028/338 1029/1029/64 1045/1045/338
f 1045/1045/338 1029/1029/64 1046/1046/64
f 1025/1025/346 1021/1021/333 1037/1037/334
f 1037/1037/334 1021/1021/333 1023/1023/333
f 1047/1047/347 1048/1048/347 1049/1049/347
f 1049/1049/347 1048/1048/347 1050/1050/347
f 1051/1051/348 1025/1025/346 1052/1052/333
f 1052/1052/333 1025/1025/346 1037/1037/334
f 1052/1052/345 1037/1037/343 1043/1043/345
f 1043/1043/345 1037/1037/343 1038/1038/343
f 1053/1053/349 1054/1054/350 1035/1035/349
f 1035/1035/349 1054/1054/350 1039/1039/350
f 1053/1053/349 1035/1035/349 1051/1051/348
f 1051/1051/348 1035/1035/349 1025/1025/346
f 1055/1055/351 1056/1056/352 1057/1057/333
f 1057/1057/333 1056/1056/352 1058/1058/333
f 1059/1059/353 1060/1060/354 1061/1061/353
f 1061/1061/353 1060/1060/354 1062/1062/355
f 1060/1060/354 1056/1056/352 1062/1062/355
f 1062/1062/355 1056/1056/352 1055/1055/351
f 1021/1021/337 1027/1027/337 1022/1022/339
f 1022/1022/339 1027/1027/337 1031/1031/339
f 1034/1034/340 1028/1028/338 1042/1042/340
f 1042/1042/340 1028/1028/338 1045/1045/338
f 1051/1051/347 1052/1052/345 1063/1063/347
f 1063/1063/347 1052/1052/345 1043/1043/345
f 1039/1039/24 1054/1054/24 1040/1040/24
f 1040/1040/24 1054/1054/24 1048/1048/24
f 1053/1053/347 1051/1051/347 1050/1050/347
f 1050/1050/347 1051/1051/347 1063/1063/347
f 1054/1054/347 1053/1053/347 1048/1048/347
f 1048/1048/347 1053/1053/347 1050/1050/347
f 1064/1064/356 1065/1065/357 1060/1060/356
f 1060/1060/356 1065/1065/357 1056/1056/357
f 1066/1066/24 1040/1040/24 1047/1047/24
f 1047/1047/24 1040/1040/24 1048/1048/24
f 1067/1067/347 1063/1063/347 1044/1044/345
f 1044/1044/345 1063/1063/347 1043/1043/345
f 1068/1068/358 1064/1064/356 1059/1059/358
f 1059/1059/358 1064/1064/356 1060/1060/356
f 1066/1066/344 1069/1069/342 1040/1040/344
f 1040/1040/344 1069/1069/342 1036/1036/342
f 1065/1065/357 1070/1070/24 1056/1056/357
f 1056/1056/357 1070/1070/24 1058/1058/24
f 1071/1071/359 1072/1072/359 1073/1073/359
f 1073/1073/359 1072/1072/359 1074/1074/359
f 1075/1075/333 1076/1076/334 1077/1077/333
f 1077/1077/333 1076/1076/334 1078/1078/333
f 1079/1079/360 1078/1078/361 1080/1080/362
f 1080/1080/362 1078/1078/361 1081/1081/361
f 1082/1082/363 1029/1029/64 1075/1075/363
f 1075/1075/363 1029/1029/64 1030/1030/64
f 1076/1076/364 1032/1032/24 1083/1083/364
f 1083/1083/364 1032/1032/24 1033/1033/24
f 1084/1084/365 1082/1082/363 1077/1077/365
f 1077/1077/365 1082/1082/363 1075/1075/363
f 1085/1085/366 1079/1079/360 1086/1086/367
f 1086/1086/367 1079/1079/360 1080/1080/362
f 1075/1075/333 1030/1030/333 1076/1076/334
f 1076/1076/334 1030/1030/333 1032/1032/333
f 1084/1084/365 1077/1077/365 1087/1087/368
f 1087/1087/368 1077/1077/365 1088/1088/368
f 1089/1089/369 1085/1085/366 1090/1090/369
f 1090/1090/369 1085/1085/366 1086/1086/367
f 1084/1084/365 1087/1087/368 1091/1091/365
f 1091/1091/365 1087/1087/368 1092/1092/368
f 1087/1087/368 1093/1093/370 1092/1092/368
f 1092/1092/368 1093/1093/370 1094/1094/370
f 1029/1029/64 1082/1082/363 1046/1046/64
f 1046/1046/64 1082/1082/363 1095/1095/363
f 1077/1077/333 1078/1078/333 1088/1088/333
f 1088/1088/333 1078/1078/333 1079/1079/371
f 1096/1096/359 1071/1071/359 1097/1097/359
f 1097/1097/359 1071/1071/359 1073/1073/359
f 1088/1088/333 1079/1079/371 1098/1098/333
f 1098/1098/333 1079/1079/371 1099/1099/372
f 1087/1087/368 1088/1088/368 1093/1093/370
f 1093/1093/370 1088/1088/368 1098/1098/370
f 1100/1100/373 1085/1085/373 1101/1101/374
f 1101/1101/374 1085/1085/373 1089/1089/374
f 1079/1079/371 1085/1085/373 1099/1099/372
f 1099/1099/372 1085/1085/373 1100/1100/373
f 1102/1102/375 1057/1057/333 1103/1103/376
f 1103/1103/376 1057/1057/333 1058/1058/333
f 1104/1104/377 1105/1105/378 1106/1106/379
f 1106/1106/379 1105/1105/378 1107/1107/379
f 1102/1102/375 1103/1103/376 1104/1104/377
f 1104/1104/377 1103/1103/376 1105/1105/378
f 1078/1078/361 1076/1076/364 1081/1081/361
f 1081/1081/361 1076/1076/364 1083/1083/364
f 1082/1082/363 1084/1084/365 1095/1095/363
f 1095/1095/363 1084/1084/365 1091/1091/365
f 1099/1099/359 1074/1074/359 1098/1098/370
f 1098/1098/370 1074/1074/359 1093/1093/370
f 1089/1089/24 1090/1090/24 1101/1101/24
f 1101/1101/24 1090/1090/24 1097/1097/24
f 1100/1100/359 1073/1073/359 1099/1099/359
f 1099/1099/359 1073/1073/359 1074/1074/359
f 1101/1101/359 1097/1097/359 1100/1100/359
f 1100/1100/359 1097/1097/359 1073/1073/359
f 1108/1108/380 1105/1105/380 1109/1109/381
f 1109/1109/381 1105/1105/380 1103/1103/381
f 1110/1110/24 1096/1096/24 1090/1090/24
f 1090/1090/24 1096/1096/24 1097/1097/24
f 1072/1072/359 1094/1094/370 1074/1074/359
f 1074/1074/359 1094/1094/370 1093/1093/370
f 1111/1111/382 1107/1107/382 1108/1108/380
f 1108/1108/380 1107/1107/382 1105/1105/380
f 1110/1110/369 1090/1090/369 1112/1112/367
f 1112/1112/367 1090/1090/369 1086/1086/367
f 1109/1109/381 1103/1103/381 1070/1070/24
f 1070/1070/24 1103/1103/381 1058/1058/24
f 1113/1113/383 1114/1114/384 1115/1115/383
f 1115/1115/383 1114/1114/384 1116/1116/383
f 1117/1117/335 1116/1116/337 1118/1118/336
f 1118/1118/336 1116/1116/337 1119/1119/337
f 1045/1045/338 1046/1046/64 1113/1113/338
f 1113/1113/338 1046/1046/64 1120/1120/64
f 1114/1114/339 1121/1121/24 1122/1122/339
f 1122/1122/339 1121/1121/24 1123/1123/24
f 1042/1042/340 1045/1045/338 1115/1115/340
f 1115/1115/340 1045/1045/338 1113/1113/338
f 1124/1124/341 1117/1117/335 1069/1069/342
f 1069/1069/342 1117/1117/335 1118/1118/336
f 1113/1113/383 1120/1120/383 1114/1114/384
f 1114/1114/384 1120/1120/383 1121/1121/383
f 1042/1042/340 1115/1115/340 1041/1041/343
f 1041/1041/343 1115/1115/340 1125/1125/343
f 1126/1126/344 1124/1124/341 1066/1066/344
f 1066/1066/344 1124/1124/341 1069/1069/342
f 1115/1115/383 1116/1116/383 1125/1125/383
f 1125/1125/383 1116/1116/383 1117/1117/385
f 1125/1125/383 1117/1117/385 1127/1127/383
f 1127/1127/383 1117/1117/385 1128/1128/386
f 1041/1041/343 1125/1125/343 1044/1044/345
f 1044/1044/345 1125/1125/343 1127/1127/345
f 1129/1129/387 1124/1124/387 1130/1130/388
f 1130/1130/388 1124/1124/387 1126/1126/388
f 1117/1117/385 1124/1124/387 1128/1128/386
f 1128/1128/386 1124/1124/387 1129/1129/387
f 1131/1131/389 1132/1132/383 1065/1065/390
f 1065/1065/390 1132/1132/383 1070/1070/383
f 1133/1133/391 1064/1064/392 1134/1134/393
f 1134/1134/393 1064/1064/392 1068/1068/393
f 1131/1131/389 1065/1065/390 1133/1133/391
f 1133/1133/391 1065/1065/390 1064/1064/392
f 1116/1116/337 1114/1114/339 1119/1119/337
f 1119/1119/337 1114/1114/339 1122/1122/339
f 1128/1128/347 1067/1067/347 1127/1127/345
f 1127/1127/345 1067/1067/347 1044/1044/345
f 1126/1126/24 1066/1066/24 1130/1130/24
f 1130/1130/24 1066/1066/24 1047/1047/24
f 1129/1129/347 1049/1049/347 1128/1128/347
f 1128/1128/347 1049/1049/347 1067/1067/347
f 1130/1130/347 1047/1047/347 1129/1129/347
f 1129/1129/347 1047/1047/347 1049/1049/347
f 1135/1135/383 1136/1136/384 1137/1137/383
f 1137/1137/383 1136/1136/384 1138/1138/383
f 1139/1139/360 1140/1140/362 1135/1135/361
f 1135/1135/361 1140/1140/362 1141/1141/361
f 1095/1095/363 1138/1138/363 1046/1046/64
f 1046/1046/64 1138/1138/363 1120/1120/64
f 1136/1136/364 1142/1142/364 1121/1121/24
f 1121/1121/24 1142/1142/364 1123/1123/24
f 1091/1091/365 1137/1137/365 1095/1095/363
f 1095/1095/363 1137/1137/365 1138/1138/363
f 1143/1143/366 1112/1112/367 1139/1139/360
f 1139/1139/360 1112/1112/367 1140/1140/362
f 1138/1138/383 1136/1136/384 1120/1120/383
f 1120/1120/383 1136/1136/384 1121/1121/383
f 1144/1144/368 1137/1137/365 1092/1092/368
f 1092/1092/368 1137/1137/365 1091/1091/365
f 1145/1145/369 1110/1110/369 1143/1143/366
f 1143/1143/366 1110/1110/369 1112/1112/367
f 1139/1139/394 1135/1135/383 1144/1144/384
f 1144/1144/384 1135/1135/383 1137/1137/383
f 1146/1146/395 1139/1139/394 1147/1147/383
f 1147/1147/383 1139/1139/394 1144/1144/384
f 1147/1147/370 1144/1144/368 1094/1094/370
f 1094/1094/370 1144/1144/368 1092/1092/368
f 1148/1148/396 1149/1149/397 1143/1143/396
f 1143/1143/396 1149/1149/397 1145/1145/397
f 1148/1148/396 1143/1143/396 1146/1146/395
f 1146/1146/395 1143/1143/396 1139/1139/394
f 1150/1150/398 1109/1109/399 1132/1132/383
f 1132/1132/383 1109/1109/399 1070/1070/383
f 1111/1111/400 1108/1108/401 1151/1151/400
f 1151/1151/400 1108/1108/401 1152/1152/402
f 1108/1108/401 1109/1109/399 1152/1152/402
f 1152/1152/402 1109/1109/399 1150/1150/398
f 1135/1135/361 1141/1141/361 1136/1136/364
f 1136/1136/364 1141/1141/361 1142/1142/364
f 1146/1146/359 1147/1147/370 1072/1072/359
f 1072/1072/359 1147/1147/370 1094/1094/370
f 1145/1145/24 1149/1149/24 1110/1110/24
f 1110/1110/24 1149/1149/24 1096/1096/24
f 1148/1148/359 1146/1146/359 1071/1071/359
f 1071/1071/359 1146/1146/359 1072/1072/359
f 1149/1149/359 1148/1148/359 1096/1096/359
f 1096/1096/359 1148/1148/359 1071/1071/359
f 1049/1049/347 1050/1050/347 1067/1067/347
f 1067/1067/347 1050/1050/347 1063/1063/347
f 1153/1153/1 1154/1154/14 1155/1155/1
f 1155/1155/1 1154/1154/14 1156/1156/1
f 1157/1157/2 1158/1158/403 1153/1153/213
f 1153/1153/213 1158/1158/403 1159/1159/213
f 1160/1160/214 1156/1156/214 1161/1161/64
f 1161/1161/64 1156/1156/214 1162/1162/64
f 1154/1154/404 1163/1163/404 1164/1164/24
f 1164/1164/24 1163/1163/404 1165/1165/24
f 1166/1166/405 1155/1155/405 1160/1160/214
f 1160/1160/214 1155/1155/405 1156/1156/214
f 1167/1167/216 1168/1168/217 1157/1157/2
f 1157/1157/2 1168/1168/217 1158/1158/403
f 1156/1156/1 1154/1154/14 1162/1162/1
f 1162/1162/1 1154/1154/14 1164/1164/1
f 1169/1169/406 1155/1155/405 1170/1170/406
f 1170/1170/406 1155/1155/405 1166/1166/405
f 1171/1171/407 1172/1172/407 1167/1167/216
f 1167/1167/216 1172/1172/407 1168/1168/217
f 1170/1170/406 1166/1166/405 1173/1173/406
f 1173/1173/406 1166/1166/405 1174/1174/405
f 1175/1175/408 1170/1170/406 1176/1176/408
f 1176/1176/408 1170/1170/406 1173/1173/406
f 1160/1160/214 1161/1161/64 1177/1177/214
f 1177/1177/214 1161/1161/64 1178/1178/64
f 1157/1157/13 1153/1153/1 1169/1169/14
f 1169/1169/14 1153/1153/1 1155/1155/1
f 1179/1179/15 1180/1180/15 1181/1181/15
f 1181/1181/15 1180/1180/15 1182/1182/15
f 1183/1183/222 1157/1157/13 1184/1184/1
f 1184/1184/1 1157/1157/13 1169/1169/14
f 1184/1184/408 1169/1169/406 1175/1175/408
f 1175/1175/408 1169/1169/406 1170/1170/406
f 1185/1185/223 1186/1186/18 1167/1167/223
f 1167/1167/223 1186/1186/18 1171/1171/18
f 1185/1185/223 1167/1167/223 1183/1183/222
f 1183/1183/222 1167/1167/223 1157/1157/13
f 1187/1187/409 1188/1188/132 1189/1189/1
f 1189/1189/1 1188/1188/132 1190/1190/1
f 1191/1191/410 1192/1192/19 1193/1193/410
f 1193/1193/410 1192/1192/19 1194/1194/21
f 1192/1192/19 1188/1188/132 1194/1194/21
f 1194/1194/21 1188/1188/132 1187/1187/409
f 1153/1153/213 1159/1159/213 1154/1154/404
f 1154/1154/404 1159/1159/213 1163/1163/404
f 1166/1166/405 1160/1160/214 1174/1174/405
f 1174/1174/405 1160/1160/214 1177/1177/214
f 1183/1183/15 1184/1184/408 1195/1195/15
f 1195/1195/15 1184/1184/408 1175/1175/408
f 1171/1171/24 1186/1186/24 1172/1172/24
f 1172/1172/24 1186/1186/24 1180/1180/24
f 1185/1185/15 1183/1183/15 1182/1182/15
f 1182/1182/15 1183/1183/15 1195/1195/15
f 1186/1186/15 1185/1185/15 1180/1180/15
f 1180/1180/15 1185/1185/15 1182/1182/15
f 1196/1196/227 1197/1197/411 1192/1192/227
f 1192/1192/227 1197/1197/411 1188/1188/411
f 1198/1198/24 1172/1172/24 1179/1179/24
f 1179/1179/24 1172/1172/24 1180/1180/24
f 1199/1199/15 1195/1195/15 1176/1176/408
f 1176/1176/408 1195/1195/15 1175/1175/408
f 1200/1200/229 1196/1196/227 1191/1191/229
f 1191/1191/229 1196/1196/227 1192/1192/227
f 1198/1198/407 1201/1201/217 1172/1172/407
f 1172/1172/407 1201/1201/217 1168/1168/217
f 1197/1197/411 1202/1202/24 1188/1188/411
f 1188/1188/411 1202/1202/24 1190/1190/24
f 1203/1203/28 1204/1204/28 1205/1205/28
f 1205/1205/28 1204/1204/28 1206/1206/28
f 1207/1207/1 1208/1208/14 1209/1209/1
f 1209/1209/1 1208/1208/14 1210/1210/1
f 1211/1211/29 1210/1210/232 1212/1212/412
f 1212/1212/412 1210/1210/232 1213/1213/232
f 1214/1214/234 1161/1161/64 1207/1207/234
f 1207/1207/234 1161/1161/64 1162/1162/64
f 1208/1208/413 1164/1164/24 1215/1215/413
f 1215/1215/413 1164/1164/24 1165/1165/24
f 1216/1216/414 1214/1214/234 1209/1209/414
f 1209/1209/414 1214/1214/234 1207/1207/234
f 1217/1217/236 1211/1211/29 1218/1218/237
f 1218/1218/237 1211/1211/29 1212/1212/412
f 1207/1207/1 1162/1162/1 1208/1208/14
f 1208/1208/14 1162/1162/1 1164/1164/1
f 1216/1216/414 1209/1209/414 1219/1219/415
f 1219/1219/415 1209/1209/414 1220/1220/415
f 1221/1221/416 1217/1217/236 1222/1222/416
f 1222/1222/416 1217/1217/236 1218/1218/237
f 1216/1216/414 1219/1219/415 1223/1223/414
f 1223/1223/414 1219/1219/415 1224/1224/415
f 1219/1219/415 1225/1225/417 1224/1224/415
f 1224/1224/415 1225/1225/417 1226/1226/417
f 1161/1161/64 1214/1214/234 1178/1178/64
f 1178/1178/64 1214/1214/234 1227/1227/234
f 1209/1209/1 1210/1210/1 1220/1220/1
f 1220/1220/1 1210/1210/1 1211/1211/241
f 1228/1228/28 1203/1203/28 1229/1229/28
f 1229/1229/28 1203/1203/28 1205/1205/28
f 1220/1220/1 1211/1211/241 1230/1230/1
f 1230/1230/1 1211/1211/241 1231/1231/37
f 1219/1219/415 1220/1220/415 1225/1225/417
f 1225/1225/417 1220/1220/415 1230/1230/417
f 1232/1232/243 1217/1217/243 1233/1233/244
f 1233/1233/244 1217/1217/243 1221/1221/244
f 1211/1211/241 1217/1217/243 1231/1231/37
f 1231/1231/37 1217/1217/243 1232/1232/243
f 1234/1234/418 1189/1189/1 1235/1235/137
f 1235/1235/137 1189/1189/1 1190/1190/1
f 1236/1236/419 1237/1237/420 1238/1238/247
f 1238/1238/247 1237/1237/420 1239/1239/247
f 1234/1234/418 1235/1235/137 1236/1236/419
f 1236/1236/419 1235/1235/137 1237/1237/420
f 1210/1210/232 1208/1208/413 1213/1213/232
f 1213/1213/232 1208/1208/413 1215/1215/413
f 1214/1214/234 1216/1216/414 1227/1227/234
f 1227/1227/234 1216/1216/414 1223/1223/414
f 1231/1231/28 1206/1206/28 1230/1230/417
f 1230/1230/417 1206/1206/28 1225/1225/417
f 1221/1221/24 1222/1222/24 1233/1233/24
f 1233/1233/24 1222/1222/24 1229/1229/24
f 1232/1232/28 1205/1205/28 1231/1231/28
f 1231/1231/28 1205/1205/28 1206/1206/28
f 1233/1233/28 1229/1229/28 1232/1232/28
f 1232/1232/28 1229/1229/28 1205/1205/28
f 1240/1240/248 1237/1237/248 1241/1241/421
f 1241/1241/421 1237/1237/248 1235/1235/421
f 1242/1242/24 1228/1228/24 1222/1222/24
f 1222/1222/24 1228/1228/24 1229/1229/24
f 1204/1204/28 1226/1226/417 1206/1206/28
f 1206/1206/28 1226/1226/417 1225/1225/417
f 1243/1243/250 1239/1239/250 1240/1240/248
f 1240/1240/248 1239/1239/250 1237/1237/248
f 1242/1242/416 1222/1222/416 1244/1244/237
f 1244/1244/237 1222/1222/416 1218/1218/237
f 1241/1241/421 1235/1235/421 1202/1202/24
f 1202/1202/24 1235/1235/421 1190/1190/24
f 1245/1245/42 1246/1246/53 1247/1247/42
f 1247/1247/42 1246/1246/53 1248/1248/42
f 1249/1249/2 1248/1248/213 1250/1250/403
f 1250/1250/403 1248/1248/213 1251/1251/213
f 1177/1177/214 1178/1178/64 1245/1245/214
f 1245/1245/214 1178/1178/64 1252/1252/64
f 1246/1246/404 1253/1253/24 1254/1254/404
f 1254/1254/404 1253/1253/24 1255/1255/24
f 1174/1174/405 1177/1177/214 1247/1247/405
f 1247/1247/405 1177/1177/214 1245/1245/214
f 1256/1256/216 1249/1249/2 1201/1201/217
f 1201/1201/217 1249/1249/2 1250/1250/403
f 1245/1245/42 1252/1252/42 1246/1246/53
f 1246/1246/53 1252/1252/42 1253/1253/42
f 1174/1174/405 1247/1247/405 1173/1173/406
f 1173/1173/406 1247/1247/405 1257/1257/406
f 1258/1258/407 1256/1256/216 1198/1198/407
f 1198/1198/407 1256/1256/216 1201/1201/217
f 1247/1247/42 1248/1248/42 1257/1257/42
f 1257/1257/42 1248/1248/42 1249/1249/251
f 1257/1257/42 1249/1249/251 1259/1259/42
f 1259/1259/42 1249/1249/251 1260/1260/44
f 1173/1173/406 1257/1257/406 1176/1176/408
f 1176/1176/408 1257/1257/406 1259/1259/408
f 1261/1261/253 1256/1256/253 1262/1262/254
f 1262/1262/254 1256/1256/253 1258/1258/254
f 1249/1249/251 1256/1256/253 1260/1260/44
f 1260/1260/44 1256/1256/253 1261/1261/253
f 1263/1263/422 1264/1264/42 1197/1197/140
f 1197/1197/140 1264/1264/42 1202/1202/42
f 1265/1265/423 1196/1196/424 1266/1266/257
f 1266/1266/257 1196/1196/424 1200/1200/257
f 1263/1263/422 1197/1197/140 1265/1265/423
f 1265/1265/423 1197/1197/140 1196/1196/424
f 1248/1248/213 1246/1246/404 1251/1251/213
f 1251/1251/213 1246/1246/404 1254/1254/404
f 1260/1260/15 1199/1199/15 1259/1259/408
f 1259/1259/408 1199/1199/15 1176/1176/408
f 1258/1258/24 1198/1198/24 1262/1262/24
f 1262/1262/24 1198/1198/24 1179/1179/24
f 1261/1261/15 1181/1181/15 1260/1260/15
f 1260/1260/15 1181/1181/15 1199/1199/15
f 1262/1262/15 1179/1179/15 1261/1261/15
f 1261/1261/15 1179/1179/15 1181/1181/15
f 1267/1267/42 1268/1268/53 1269/1269/42
f 1269/1269/42 1268/1268/53 1270/1270/42
f 1271/1271/29 1272/1272/412 1267/1267/232
f 1267/1267/232 1272/1272/412 1273/1273/232
f 1227/1227/234 1270/1270/234 1178/1178/64
f 1178/1178/64 1270/1270/234 1252/1252/64
f 1268/1268/413 1274/1274/413 1253/1253/24
f 1253/1253/24 1274/1274/413 1255/1255/24
f 1223/1223/414 1269/1269/414 1227/1227/234
f 1227/1227/234 1269/1269/414 1270/1270/234
f 1275/1275/236 1244/1244/237 1271/1271/29
f 1271/1271/29 1244/1244/237 1272/1272/412
f 1270/1270/42 1268/1268/53 1252/1252/42
f 1252/1252/42 1268/1268/53 1253/1253/42
f 1276/1276/415 1269/1269/414 1224/1224/415
f 1224/1224/415 1269/1269/414 1223/1223/414
f 1277/1277/416 1242/1242/416 1275/1275/236
f 1275/1275/236 1242/1242/416 1244/1244/237
f 1271/1271/52 1267/1267/42 1276/1276/53
f 1276/1276/53 1267/1267/42 1269/1269/42
f 1278/1278/258 1271/1271/52 1279/1279/42
f 1279/1279/42 1271/1271/52 1276/1276/53
f 1279/1279/417 1276/1276/415 1226/1226/417
f 1226/1226/417 1276/1276/415 1224/1224/415
f 1280/1280/259 1281/1281/56 1275/1275/259
f 1275/1275/259 1281/1281/56 1277/1277/56
f 1280/1280/259 1275/1275/259 1278/1278/258
f 1278/1278/258 1275/1275/259 1271/1271/52
f 1282/1282/425 1241/1241/142 1264/1264/42
f 1264/1264/42 1241/1241/142 1202/1202/42
f 1243/1243/426 1240/1240/50 1283/1283/426
f 1283/1283/426 1240/1240/50 1284/1284/48
f 1240/1240/50 1241/1241/142 1284/1284/48
f 1284/1284/48 1241/1241/142 1282/1282/425
f 1267/1267/232 1273/1273/232 1268/1268/413
f 1268/1268/413 1273/1273/232 1274/1274/413
f 1278/1278/28 1279/1279/417 1204/1204/28
f 1204/1204/28 1279/1279/417 1226/1226/417
f 1277/1277/24 1281/1281/24 1242/1242/24
f 1242/1242/24 1281/1281/24 1228/1228/24
f 1280/1280/28 1278/1278/28 1203/1203/28
f 1203/1203/28 1278/1278/28 1204/1204/28
f 1281/1281/28 1280/1280/28 1228/1228/28
f 1228/1228/28 1280/1280/28 1203/1203/28
f 1181/1181/15 1182/1182/15 1199/1199/15
f 1199/1199/15 1182/1182/15 1195/1195/15
f 1285/1153/1 1286/1154/14 1287/1155/1
f 1287/1155/1 1286/1154/14 1288/1156/1
f 1289/1157/2 1290/1158/403 1285/1153/213
f 1285/1153/213 1290/1158/403 1291/1159/213
f 1292/1160/214 1288/1156/214 1293/1161/64
f 1293/1161/64 1288/1156/214 1294/1162/64
f 1286/1154/404 1295/1163/404 1296/1164/24
f 1296/1164/24 1295/1163/404 1297/1165/24
f 1298/1166/405 1287/1155/405 1292/1160/214
f 1292/1160/214 1287/1155/405 1288/1156/214
f 1299/1167/216 1300/1168/217 1289/1157/2
f 1289/1157/2 1300/1168/217 1290/1158/403
f 1288/1156/1 1286/1154/14 1294/1162/1
f 1294/1162/1 1286/1154/14 1296/1164/1
f 1301/1169/406 1287/1155/405 1302/1170/406
f 1302/1170/406 1287/1155/405 1298/1166/405
f 1303/1171/407 1304/1172/407 1299/1167/216
f 1299/1167/216 1304/1172/407 1300/1168/217
f 1302/1170/406 1298/1166/405 1305/1173/406
f 1305/1173/406 1298/1166/405 1306/1174/405
f 1307/1175/408 1302/1170/406 1308/1176/408
f 1308/1176/408 1302/1170/406 1305/1173/406
f 1292/1160/214 1293/1161/64 1309/1177/214
f 1309/1177/214 1293/1161/64 1310/1178/64
f 1289/1157/13 1285/1153/1 1301/1169/14
f 1301/1169/14 1285/1153/1 1287/1155/1
f 1311/1179/15 1312/1180/15 1313/1181/15
f 1313/1181/15 1312/1180/15 1314/1182/15
f 1315/1183/222 1289/1157/13 1316/1184/1
f 1316/1184/1 1289/1157/13 1301/1169/14
f 1316/1184/408 1301/1169/406 1307/1175/408
f 1307/1175/408 1301/1169/406 1302/1170/406
f 1317/1185/223 1318/1186/18 1299/1167/223
f 1299/1167/223 1318/1186/18 1303/1171/18
f 1317/1185/223 1299/1167/223 1315/1183/222
f 1315/1183/222 1299/1167/223 1289/1157/13
f 1319/1187/409 1320/1188/132 1321/1189/1
f 1321/1189/1 1320/1188/132 1322/1190/1
f 1323/1191/410 1324/1192/19 1325/1193/410
f 1325/1193/410 1324/1192/19 1326/1194/21
f 1324/1192/19 1320/1188/132 1326/1194/21
f 1326/1194/21 1320/1188/132 1319/1187/409
f 1285/1153/213 1291/1159/213 1286/1154/404
f 1286/1154/404 1291/1159/213 1295/1163/404
f 1298/1166/405 1292/1160/214 1306/1174/405
f 1306/1174/405 1292/1160/214 1309/1177/214
f 1315/1183/15 1316/1184/408 1327/1195/15
f 1327/1195/15 1316/1184/408 1307/1175/408
f 1303/1171/24 1318/1186/24 1304/1172/24
f 1304/1172/24 1318/1186/24 1312/1180/24
f 1317/1185/15 1315/1183/15 1314/1182/15
f 1314/1182/15 1315/1183/15 1327/1195/15
f 1318/1186/15 1317/1185/15 1312/1180/15
f 1312/1180/15 1317/1185/15 1314/1182/15
f 1328/1196/227 1329/1197/411 1324/1192/227
f 1324/1192/227 1329/1197/411 1320/1188/411
f 1330/1198/24 1304/1172/24 1311/1179/24
f 1311/1179/24 1304/1172/24 1312/1180/24
f 1331/1199/15 1327/1195/15 1308/1176/408
f 1308/1176/408 1327/1195/15 1307/1175/408
f 1332/1200/229 1328/1196/227 1323/1191/229
f 1323/1191/229 1328/1196/227 1324/1192/227
f 1330/1198/407 1333/1201/217 1304/1172/407
f 1304/1172/407 1333/1201/217 1300/1168/217
f 1329/1197/411 1334/1202/24 1320/1188/411
f 1320/1188/411 1334/1202/24 1322/1190/24
f 1335/1203/28 1336/1204/28 1337/1205/28
f 1337/1205/28 1336/1204/28 1338/1206/28
f 1339/1207/1 1340/1208/14 1341/1209/1
f 1341/1209/1 1340/1208/14 1342/1210/1
f 1343/1211/29 1342/1210/232 1344/1212/412
f 1344/1212/412 1342/1210/232 1345/1213/232
f 1346/1214/234 1293/1161/64 1339/1207/234
f 1339/1207/234 1293/1161/64 1294/1162/64
f 1340/1208/413 1296/1164/24 1347/1215/413
f 1347/1215/413 1296/1164/24 1297/1165/24
f 1348/1216/414 1346/1214/234 1341/1209/414
f 1341/1209/414 1346/1214/234 1339/1207/234
f 1349/1217/236 1343/1211/29 1350/1218/237
f 1350/1218/237 1343/1211/29 1344/1212/412
f 1339/1207/1 1294/1162/1 1340/1208/14
f 1340/1208/14 1294/1162/1 1296/1164/1
f 1348/1216/414 1341/1209/414 1351/1219/415
f 1351/1219/415 1341/1209/414 1352/1220/415
f 1353/1221/416 1349/1217/236 1354/1222/416
f 1354/1222/416 1349/1217/236 1350/1218/237
f 1348/1216/414 1351/1219/415 1355/1223/414
f 1355/1223/414 1351/1219/415 1356/1224/415
f 1351/1219/415 1357/1225/417 1356/1224/415
f 1356/1224/415 1357/1225/417 1358/1226/417
f 1293/1161/64 1346/1214/234 1310/1178/64
f 1310/1178/64 1346/1214/234 1359/1227/234
f 1341/1209/1 1342/1210/1 1352/1220/1
f 1352/1220/1 1342/1210/1 1343/1211/241
f 1360/1228/28 1335/1203/28 1361/1229/28
f 1361/1229/28 1335/1203/28 1337/1205/28
f 1352/1220/1 1343/1211/241 1362/1230/1
f 1362/1230/1 1343/1211/241 1363/1231/37
f 1351/1219/415 1352/1220/415 1357/1225/417
f 1357/1225/417 1352/1220/415 1362/1230/417
f 1364/1232/243 1349/1217/243 1365/1233/244
f 1365/1233/244 1349/1217/243 1353/1221/244
f 1343/1211/241 1349/1217/243 1363/1231/37
f 1363/1231/37 1349/1217/243 1364/1232/243
f 1366/1234/418 1321/1189/1 1367/1235/137
f 1367/1235/137 1321/1189/1 1322/1190/1
f 1368/1236/419 1369/1237/420 1370/1238/247
f 1370/1238/247 1369/1237/420 1371/1239/247
f 1366/1234/418 1367/1235/137 1368/1236/419
f 1368/1236/419 1367/1235/137 1369/1237/420
f 1342/1210/232 1340/1208/413 1345/1213/232
f 1345/1213/232 1340/1208/413 1347/1215/413
f 1346/1214/234 1348/1216/414 1359/1227/234
f 1359/1227/234 1348/1216/414 1355/1223/414
f 1363/1231/28 1338/1206/28 1362/1230/417
f 1362/1230/417 1338/1206/28 1357/1225/417
f 1353/1221/24 1354/1222/24 1365/1233/24
f 1365/1233/24 1354/1222/24 1361/1229/24
f 1364/1232/28 1337/1205/28 1363/1231/28
f 1363/1231/28 1337/1205/28 1338/1206/28
f 1365/1233/28 1361/1229/28 1364/1232/28
f 1364/1232/28 1361/1229/28 1337/1205/28
f 1372/1240/248 1369/1237/248 1373/1241/421
f 1373/1241/421 1369/1237/248 1367/1235/421
f 1374/1242/24 1360/1228/24 1354/1222/24
f 1354/1222/24 1360/1228/24 1361/1229/24
f 1336/1204/28 1358/1226/417 1338/1206/28
f 1338/1206/28 1358/1226/417 1357/1225/417
f 1375/1243/250 1371/1239/250 1372/1240/248
f 1372/1240/248 1371/1239/250 1369/1237/248
f 1374/1242/416 1354/1222/416 1376/1244/237
f 1376/1244/237 1354/1222/416 1350/1218/237
f 1373/1241/421 1367/1235/421 1334/1202/24
f 1334/1202/24 1367/1235/421 1322/1190/24
f 1377/1245/42 1378/1246/53 1379/1247/42
f 1379/1247/42 1378/1246/53 1380/1248/42
f 1381/1249/2 1380/1248/213 1382/1250/403
f 1382/1250/403 1380/1248/213 1383/1251/213
f 1309/1177/214 1310/1178/64 1377/1245/214
f 1377/1245/214 1310/1178/64 1384/1252/64
f 1378/1246/404 1385/1253/24 1386/1254/404
f 1386/1254/404 1385/1253/24 1387/1255/24
f 1306/1174/405 1309/1177/214 1379/1247/405
f 1379/1247/405 1309/1177/214 1377/1245/214
f 1388/1256/216 1381/1249/2 1333/1201/217
f 1333/1201/217 1381/1249/2 1382/1250/403
f 1377/1245/42 1384/1252/42 1378/1246/53
f 1378/1246/53 1384/1252/42 1385/1253/42
f 1306/1174/405 1379/1247/405 1305/1173/406
f 1305/1173/406 1379/1247/405 1389/1257/406
f 1390/1258/407 1388/1256/216 1330/1198/407
f 1330/1198/407 1388/1256/216 1333/1201/217
f 1379/1247/42 1380/1248/42 1389/1257/42
f 1389/1257/42 1380/1248/42 1381/1249/251
f 1389/1257/42 1381/1249/251 1391/1259/42
f 1391/1259/42 1381/1249/251 1392/1260/44
f 1305/1173/406 1389/1257/406 1308/1176/408
f 1308/1176/408 1389/1257/406 1391/1259/408
f 1393/1261/253 1388/1256/253 1394/1262/254
f 1394/1262/254 1388/1256/253 1390/1258/254
f 1381/1249/251 1388/1256/253 1392/1260/44
f 1392/1260/44 1388/1256/253 1393/1261/253
f 1395/1263/422 1396/1264/42 1329/1197/140
f 1329/1197/140 1396/1264/42 1334/1202/42
f 1397/1265/423 1328/1196/424 1398/1266/257
f 1398/1266/257 1328/1196/424 1332/1200/257
f 1395/1263/422 1329/1197/140 1397/1265/423
f 1397/1265/423 1329/1197/140 1328/1196/424
f 1380/1248/213 1378/1246/404 1383/1251/213
f 1383/1251/213 1378/1246/404 1386/1254/404
f 1392/1260/15 1331/1199/15 1391/1259/408
f 1391/1259/408 1331/1199/15 1308/1176/408
f 1390/1258/24 1330/1198/24 1394/1262/24
f 1394/1262/24 1330/1198/24 1311/1179/24
f 1393/1261/15 1313/1181/15 1392/1260/15
f 1392/1260/15 1313/1181/15 1331/1199/15
f 1394/1262/15 1311/1179/15 1393/1261/15
f 1393/1261/15 1311/1179/15 1313/1181/15
f 1399/1267/42 1400/1268/53 1401/1269/42
f 1401/1269/42 1400/1268/53 1402/1270/42
f 1403/1271/29 1404/1272/412 1399/1267/232
f 1399/1267/232 1404/1272/412 1405/1273/232
f 1359/1227/234 1402/1270/234 1310/1178/64
f 1310/1178/64 1402/1270/234 1384/1252/64
f 1400/1268/413 1406/1274/413 1385/1253/24
f 1385/1253/24 1406/1274/413 1387/1255/24
f 1355/1223/414 1401/1269/414 1359/1227/234
f 1359/1227/234 1401/1269/414 1402/1270/234
f 1407/1275/236 1376/1244/237 1403/1271/29
f 1403/1271/29 1376/1244/237 1404/1272/412
f 1402/1270/42 1400/1268/53 1384/1252/42
f 1384/1252/42 1400/1268/53 1385/1253/42
f 1408/1276/415 1401/1269/414 1356/1224/415
f 1356/1224/415 1401/1269/414 1355/1223/414
f 1409/1277/416 1374/1242/416 1407/1275/236
f 1407/1275/236 1374/1242/416 1376/1244/237
f 1403/1271/52 1399/1267/42 1408/1276/53
f 1408/1276/53 1399/1267/42 1401/1269/42
f 1410/1278/258 1403/1271/52 1411/1279/42
f 1411/1279/42 1403/1271/52 1408/1276/53
f 1411/1279/417 1408/1276/415 1358/1226/417
f 1358/1226/417 1408/1276/415 1356/1224/415
f 1412/1280/259 1413/1281/56 1407/1275/259
f 1407/1275/259 1413/1281/56 1409/1277/56
f 1412/1280/259 1407/1275/259 1410/1278/258
f 1410/1278/258 1407/1275/259 1403/1271/52
f 1414/1282/425 1373/1241/142 1396/1264/42
f 1396/1264/42 1373/1241/142 1334/1202/42
f 1375/1243/426 1372/1240/50 1415/1283/426
f 1415/1283/426 1372/1240/50 1416/1284/48
f 1372/1240/50 1373/1241/142 1416/1284/48
f 1416/1284/48 1373/1241/142 1414/1282/425
f 1399/1267/232 1405/1273/232 1400/1268/413
f 1400/1268/413 1405/1273/232 1406/1274/413
f 1410/1278/28 1411/1279/417 1336/1204/28
f 1336/1204/28 1411/1279/417 1358/1226/417
f 1409/1277/24 1413/1281/24 1374/1242/24
f 1374/1242/24 1413/1281/24 1360/1228/24
f 1412/1280/28 1410/1278/28 1335/1203/28
f 1335/1203/28 1410/1278/28 1336/1204/28
f 1413/1281/28 1412/1280/28 1360/1228/28
f 1360/1228/28 1412/1280/28 1335/1203/28
f 1313/1181/15 1314/1182/15 1331/1199/15
f 1331/1199/15 1314/1182/15 1327/1195/15
f 1417/1153/1 1418/1154/14 1419/1155/1
f 1419/1155/1 1418/1154/14 1420/1156/1
f 1421/1157/2 1422/1158/403 1417/1153/213
f 1417/1153/213 1422/1158/403 1423/1159/213
f 1424/1160/214 1420/1156/214 1425/1161/64
f 1425/1161/64 1420/1156/214 1426/1162/64
f 1418/1154/404 1427/1163/404 1428/1164/24
f 1428/1164/24 1427/1163/404 1429/1165/24
f 1430/1166/405 1419/1155/405 1424/1160/214
f 1424/1160/214 1419/1155/405 1420/1156/214
f 1431/1167/216 1432/1168/217 1421/1157/2
f 1421/1157/2 1432/1168/217 1422/1158/403
f 1420/1156/1 1418/1154/14 1426/1162/1
f 1426/1162/1 1418/1154/14 1428/1164/1
f 1433/1169/406 1419/1155/405 1434/1170/406
f 1434/1170/406 1419/1155/405 1430/1166/405
f 1435/1171/407 1436/1172/407 1431/1167/216
f 1431/1167/216 1436/1172/407 1432/1168/217
f 1434/1170/406 1430/1166/405 1437/1173/406
f 1437/1173/406 1430/1166/405 1438/1174/405
f 1439/1175/408 1434/1170/406 1440/1176/408
f 1440/1176/408 1434/1170/406 1437/1173/406
f 1424/1160/214 1425/1161/64 1441/1177/214
f 1441/1177/214 1425/1161/64 1442/1178/64
f 1421/1157/13 1417/1153/1 1433/1169/14
f 1433/1169/14 1417/1153/1 1419/1155/1
f 1443/1179/15 1444/1180/15 1445/1181/15
f 1445/1181/15 1444/1180/15 1446/1182/15
f 1447/1183/222 1421/1157/13 1448/1184/1
f 1448/1184/1 1421/1157/13 1433/1169/14
f 1448/1184/408 1433/1169/406 1439/1175/408
f 1439/1175/408 1433/1169/406 1434/1170/406
f 1449/1185/223 1450/1186/18 1431/1167/223
f 1431/1167/223 1450/1186/18 1435/1171/18
f 1449/1185/223 1431/1167/223 1447/1183/222
f 1447/1183/222 1431/1167/223 1421/1157/13
f 1451/1187/409 1452/1188/132 1453/1189/1
f 1453/1189/1 1452/1188/132 1454/1190/1
f 1455/1191/410 1456/1192/19 1457/1193/410
f 1457/1193/410 1456/1192/19 1458/1194/21
f 1456/1192/19 1452/1188/132 1458/1194/21
f 1458/1194/21 1452/1188/132 1451/1187/409
f 1417/1153/213 1423/1159/213 1418/1154/404
f 1418/1154/404 1423/1159/213 1427/1163/404
f 1430/1166/405 1424/1160/214 1438/1174/405
f 1438/1174/405 1424/1160/214 1441/1177/214
f 1447/1183/15 1448/1184/408 1459/1195/15
f 1459/1195/15 1448/1184/408 1439/1175/408
f 1435/1171/24 1450/1186/24 1436/1172/24
f 1436/1172/24 1450/1186/24 1444/1180/24
f 1449/1185/15 1447/1183/15 1446/1182/15
f 1446/1182/15 1447/1183/15 1459/1195/15
f 1450/1186/15 1449/1185/15 1444/1180/15
f 1444/1180/15 1449/1185/15 1446/1182/15
f 1460/1196/227 1461/1197/411 1456/1192/227
f 1456/1192/227 1461/1197/411 1452/1188/411
f 1462/1198/24 1436/1172/24 1443/1179/24
f 1443/1179/24 1436/1172/24 1444/1180/24
f 1463/1199/15 1459/1195/15 1440/1176/408
f 1440/1176/408 1459/1195/15 1439/1175/408
f 1464/1200/229 1460/1196/227 1455/1191/229
f 1455/1191/229 1460/1196/227 1456/1192/227
f 1462/1198/407 1465/1201/217 1436/1172/407
f 1436/1172/407 1465/1201/217 1432/1168/217
f 1461/1197/411 1466/1202/24 1452/1188/411
f 1452/1188/411 1466/1202/24 1454/1190/24
f 1467/1203/28 1468/1204/28 1469/1205/28
f 1469/1205/28 1468/1204/28 1470/1206/28
f 1471/1207/1 1472/1208/14 1473/1209/1
f 1473/1209/1 1472/1208/14 1474/1210/1
f 1475/1211/29 1474/1210/232 1476/1212/412
f 1476/1212/412 1474/1210/232 1477/1213/232
f 1478/1214/234 1425/1161/64 1471/1207/234
f 1471/1207/234 1425/1161/64 1426/1162/64
f 1472/1208/413 1428/1164/24 1479/1215/413
f 1479/1215/413 1428/1164/24 1429/1165/24
f 1480/1216/414 1478/1214/234 1473/1209/414
f 1473/1209/414 1478/1214/234 1471/1207/234
f 1481/1217/236 1475/1211/29 1482/1218/237
f 1482/1218/237 1475/1211/29 1476/1212/412
f 1471/1207/1 1426/1162/1 1472/1208/14
f 1472/1208/14 1426/1162/1 1428/1164/1
f 1480/1216/414 1473/1209/414 1483/1219/415
f 1483/1219/415 1473/1209/414 1484/1220/415
f 1485/1221/416 1481/1217/236 1486/1222/416
f 1486/1222/416 1481/1217/236 1482/1218/237
f 1480/1216/414 1483/1219/415 1487/1223/414
f 1487/1223/414 1483/1219/415 1488/1224/415
f 1483/1219/415 1489/1225/417 1488/1224/415
f 1488/1224/415 1489/1225/417 1490/1226/417
f 1425/1161/64 1478/1214/234 1442/1178/64
f 1442/1178/64 1478/1214/234 1491/1227/234
f 1473/1209/1 1474/1210/1 1484/1220/1
f 1484/1220/1 1474/1210/1 1475/1211/241
f 1492/1228/28 1467/1203/28 1493/1229/28
f 1493/1229/28 1467/1203/28 1469/1205/28
f 1484/1220/1 1475/1211/241 1494/1230/1
f 1494/1230/1 1475/1211/241 1495/1231/37
f 1483/1219/415 1484/1220/415 1489/1225/417
f 1489/1225/417 1484/1220/415 1494/1230/417
f 1496/1232/243 1481/1217/243 1497/1233/244
f 1497/1233/244 1481/1217/243 1485/1221/244
f 1475/1211/241 1481/1217/243 1495/1231/37
f 1495/1231/37 1481/1217/243 1496/1232/243
f 1498/1234/418 1453/1189/1 1499/1235/137
f 1499/1235/137 1453/1189/1 1454/1190/1
f 1500/1236/419 1501/1237/420 1502/1238/247
f 1502/1238/247 1501/1237/420 1503/1239/247
f 1498/1234/418 1499/1235/137 1500/1236/419
f 1500/1236/419 1499/1235/137 1501/1237/420
f 1474/1210/232 1472/1208/413 1477/1213/232
f 1477/1213/232 1472/1208/413 1479/1215/413
f 1478/1214/234 1480/1216/414 1491/1227/234
f 1491/1227/234 1480/1216/414 1487/1223/414
f 1495/1231/28 1470/1206/28 1494/1230/417
f 1494/1230/417 1470/1206/28 1489/1225/417
f 1485/1221/24 1486/1222/24 1497/1233/24
f 1497/1233/24 1486/1222/24 1493/1229/24
f 1496/1232/28 1469/1205/28 1495/1231/28
f 1495/1231/28 1469/1205/28 1470/1206/28
f 1497/1233/28 1493/1229/28 1496/1232/28
f 1496/1232/28 1493/1229/28 1469/1205/28
f 1504/1240/248 1501/1237/248 1505/1241/421
f 1505/1241/421 1501/1237/248 1499/1235/421
f 1506/1242/24 1492/1228/24 1486/1222/24
f 1486/1222/24 1492/1228/24 1493/1229/24
f 1468/1204/28 1490/1226/417 1470/1206/28
f 1470/1206/28 1490/1226/417 1489/1225/417
f 1507/1243/250 1503/1239/250 1504/1240/248
f 1504/1240/248 1503/1239/250 1501/1237/248
f 1506/1242/416 1486/1222/416 1508/1244/237
f 1508/1244/237 1486/1222/416 1482/1218/237
f 1505/1241/421 1499/1235/421 1466/1202/24
f 1466/1202/24 1499/1235/421 1454/1190/24
f 1509/1245/42 1510/1246/53 1511/1247/42
f 1511/1247/42 1510/1246/53 1512/1248/42
f 1513/1249/2 1512/1248/213 1514/1250/403
f 1514/1250/403 1512/1248/213 1515/1251/213
f 1441/1177/214 1442/1178/64 1509/1245/214
f 1509/1245/214 1442/1178/64 1516/1252/64
f 1510/1246/404 1517/1253/24 1518/1254/404
f 1518/1254/404 1517/1253/24 1519/1255/24
f 1438/1174/405 1441/1177/214 1511/1247/405
f 1511/1247/405 1441/1177/214 1509/1245/214
f 1520/1256/216 1513/1249/2 1465/1201/217
f 1465/1201/217 1513/1249/2 1514/1250/403
f 1509/1245/42 1516/1252/42 1510/1246/53
f 1510/1246/53 1516/1252/42 1517/1253/42
f 1438/1174/405 1511/1247/405 1437/1173/406
f 1437/1173/406 1511/1247/405 1521/1257/406
f 1522/1258/407 1520/1256/216 1462/1198/407
f 1462/1198/407 1520/1256/216 1465/1201/217
f 1511/1247/42 1512/1248/42 1521/1257/42
f 1521/1257/42 1512/1248/42 1513/1249/251
f 1521/1257/42 1513/1249/251 1523/1259/42
f 1523/1259/42 1513/1249/251 1524/1260/44
f 1437/1173/406 1521/1257/406 1440/1176/408
f 1440/1176/408 1521/1257/406 1523/1259/408
f 1525/1261/253 1520/1256/253 1526/1262/254
f 1526/1262/254 1520/1256/253 1522/1258/254
f 1513/1249/251 1520/1256/253 1524/1260/44
f 1524/1260/44 1520/1256/253 1525/1261/253
f 1527/1263/422 1528/1264/42 1461/1197/140
f 1461/1197/140 1528/1264/42 1466/1202/42
f 1529/1265/423 1460/1196/424 1530/1266/257
f 1530/1266/257 1460/1196/424 1464/1200/257
f 1527/1263/422 1461/1197/140 1529/1265/423
f 1529/1265/423 1461/1197/140 1460/1196/424
f 1512/1248/213 1510/1246/404 1515/1251/213
f 1515/1251/213 1510/1246/404 1518/1254/404
f 1524/1260/15 1463/1199/15 1523/1259/408
f 1523/1259/408 1463/1199/15 1440/1176/408
f 1522/1258/24 1462/1198/24 1526/1262/24
f 1526/1262/24 1462/1198/24 1443/1179/24
f 1525/1261/15 1445/1181/15 1524/1260/15
f 1524/1260/15 1445/1181/15 1463/1199/15
f 1526/1262/15 1443/1179/15 1525/1261/15
f 1525/1261/15 1443/1179/15 1445/1181/15
f 1531/1267/42 1532/1268/53 1533/1269/42
f 1533/1269/42 1532/1268/53 1534/1270/42
f 1535/1271/29 1536/1272/412 1531/1267/232
f 1531/1267/232 1536/1272/412 1537/1273/232
f 1491/1227/234 1534/1270/234 1442/1178/64
f 1442/1178/64 1534/1270/234 1516/1252/64
f 1532/1268/413 1538/1274/413 1517/1253/24
f 1517/1253/24 1538/1274/413 1519/1255/24
f 1487/1223/414 1533/1269/414 1491/1227/234
f 1491/1227/234 1533/1269/414 1534/1270/234
f 1539/1275/236 1508/1244/237 1535/1271/29
f 1535/1271/29 1508/1244/237 1536/1272/412
f 1534/1270/42 1532/1268/53 1516/1252/42
f 1516/1252/42 1532/1268/53 1517/1253/42
f 1540/1276/415 1533/1269/414 1488/1224/415
f 1488/1224/415 1533/1269/414 1487/1223/414
f 1541/1277/416 1506/1242/416 1539/1275/236
f 1539/1275/236 1506/1242/416 1508/1244/237
f 1535/1271/52 1531/1267/42 1540/1276/53
f 1540/1276/53 1531/1267/42 1533/1269/42
f 1542/1278/258 1535/1271/52 1543/1279/42
f 1543/1279/42 1535/1271/52 1540/1276/53
f 1543/1279/417 1540/1276/415 1490/1226/417
f 1490/1226/417 1540/1276/415 1488/1224/415
f 1544/1280/259 1545/1281/56 1539/1275/259
f 1539/1275/259 1545/1281/56 1541/1277/56
f 1544/1280/259 1539/1275/259 1542/1278/258
f 1542/1278/258 1539/1275/259 1535/1271/52
f 1546/1282/425 1505/1241/142 1528/1264/42
f 1528/1264/42 1505/1241/142 1466/1202/42
f 1507/1243/426 1504/1240/50 1547/1283/426
f 1547/1283/426 1504/1240/50 1548/1284/48
f 1504/1240/50 1505/1241/142 1548/1284/48
f 1548/1284/48 1505/1241/142 1546/1282/425
f 1531/1267/232 1537/1273/232 1532/1268/413
f 1532/1268/413 1537/1273/232 1538/1274/413
f 1542/1278/28 1543/1279/417 1468/1204/28
f 1468/1204/28 1543/1279/417 1490/1226/417
f 1541/1277/24 1545/1281/24 1506/1242/24
f 1506/1242/24 1545/1281/24 1492/1228/24
f 1544/1280/28 1542/1278/28 1467/1203/28
f 1467/1203/28 1542/1278/28 1468/1204/28
f 1545/1281/28 1544/1280/28 1492/1228/28
f 1492/1228/28 1544/1280/28 1467/1203/28
f 1445/1181/15 1446/1182/15 1463/1199/15
f 1463/1199/15 1446/1182/15 1459/1195/15
f 1549/1153/1 1550/1154/14 1551/1155/1
f 1551/1155/1 1550/1154/14 1552/1156/1
f 1553/1157/2 1554/1158/403 1549/1153/213
f 1549/1153/213 1554/1158/403 1555/1159/213
f 1556/1160/214 1552/1156/214 1557/1161/64
f 1557/1161/64 1552/1156/214 1558/1162/64
f 1550/1154/404 1559/1163/404 1560/1164/24
f 1560/1164/24 1559/1163/404 1561/1165/24
f 1562/1166/405 1551/1155/405 1556/1160/214
f 1556/1160/214 1551/1155/405 1552/1156/214
f 1563/1167/216 1564/1168/217 1553/1157/2
f 1553/1157/2 1564/1168/217 1554/1158/403
f 1552/1156/1 1550/1154/14 1558/1162/1
f 1558/1162/1 1550/1154/14 1560/1164/1
f 1565/1169/406 1551/1155/405 1566/1170/406
f 1566/1170/406 1551/1155/405 1562/1166/405
f 1567/1171/407 1568/1172/407 1563/1167/216
f 1563/1167/216 1568/1172/407 1564/1168/217
f 1566/1170/406 1562/1166/405 1569/1173/406
f 1569/1173/406 1562/1166/405 1570/1174/405
f 1571/1175/408 1566/1170/406 1572/1176/408
f 1572/1176/408 1566/1170/406 1569/1173/406
f 1556/1160/214 1557/1161/64 1573/1177/214
f 1573/1177/214 1557/1161/64 1574/1178/64
f 1553/1157/13 1549/1153/1 1565/1169/14
f 1565/1169/14 1549/1153/1 1551/1155/1
f 1575/1179/15 1576/1180/15 1577/1181/15
f 1577/1181/15 1576/1180/15 1578/1182/15
f 1579/1183/222 1553/1157/13 1580/1184/1
f 1580/1184/1 1553/1157/13 1565/1169/14
f 1580/1184/408 1565/1169/406 1571/1175/408
f 1571/1175/408 1565/1169/406 1566/1170/406
f 1581/1185/223 1582/1186/18 1563/1167/223
f 1563/1167/223 1582/1186/18 1567/1171/18
f 1581/1185/223 1563/1167/223 1579/1183/222
f 1579/1183/222 1563/1167/223 1553/1157/13
f 1583/1187/409 1584/1188/132 1585/1189/1
f 1585/1189/1 1584/1188/132 1586/1190/1
f 1587/1191/410 1588/1192/19 1589/1193/410
f 1589/1193/410 1588/1192/19 1590/1194/21
f 1588/1192/19 1584/1188/132 1590/1194/21
f 1590/1194/21 1584/1188/132 1583/1187/409
f 1549/1153/213 1555/1159/213 1550/1154/404
f 1550/1154/404 1555/1159/213 1559/1163/404
f 1562/1166/405 1556/1160/214 1570/1174/405
f 1570/1174/405 1556/1160/214 1573/1177/214
f 1579/1183/15 1580/1184/408 1591/1195/15
f 1591/1195/15 1580/1184/408 1571/1175/408
f 1567/1171/24 1582/1186/24 1568/1172/24
f 1568/1172/24 1582/1186/24 1576/1180/24
f 1581/1185/15 1579/1183/15 1578/1182/15
f 1578/1182/15 1579/1183/15 1591/1195/15
f 1582/1186/15 1581/1185/15 1576/1180/15
f 1576/1180/15 1581/1185/15 1578/1182/15
f 1592/1196/227 1593/1197/411 1588/1192/227
f 1588/1192/227 1593/1197/411 1584/1188/411
f 1594/1198/24 1568/1172/24 1575/1179/24
f 1575/1179/24 1568/1172/24 1576/1180/24
f 1595/1199/15 1591/1195/15 1572/1176/408
f 1572/1176/408 1591/1195/15 1571/1175/408
f 1596/1200/229 1592/1196/227 1587/1191/229
f 1587/1191/229 1592/1196/227 1588/1192/227
f 1594/1198/407 1597/1201/217 1568/1172/407
f 1568/1172/407 1597/1201/217 1564/1168/217
f 1593/1197/411 1598/1202/24 1584/1188/411
f 1584/1188/411 1598/1202/24 1586/1190/24
f 1599/1203/28 1600/1204/28 1601/1205/28
f 1601/1205/28 1600/1204/28 1602/1206/28
f 1603/1207/1 1604/1208/14 1605/1209/1
f 1605/1209/1 1604/1208/14 1606/1210/1
f 1607/1211/29 1606/1210/232 1608/1212/412
f 1608/1212/412 1606/1210/232 1609/1213/232
f 1610/1214/234 1557/1161/64 1603/1207/234
f 1603/1207/234 1557/1161/64 1558/1162/64
f 1604/1208/413 1560/1164/24 1611/1215/413
f 1611/1215/413 1560/1164/24 1561/1165/24
f 1612/1216/414 1610/1214/234 1605/1209/414
f 1605/1209/414 1610/1214/234 1603/1207/234
f 1613/1217/236 1607/1211/29 1614/1218/237
f 1614/1218/237 1607/1211/29 1608/1212/412
f 1603/1207/1 1558/1162/1 1604/1208/14
f 1604/1208/14 1558/1162/1 1560/1164/1
f 1612/1216/414 1605/1209/414 1615/1219/415
f 1615/1219/415 1605/1209/414 1616/1220/415
f 1617/1221/416 1613/1217/236 1618/1222/416
f 1618/1222/416 1613/1217/236 1614/1218/237
f 1612/1216/414 1615/1219/415 1619/1223/414
f 1619/1223/414 1615/1219/415 1620/1224/415
f 1615/1219/415 1621/1225/417 1620/1224/415
f 1620/1224/415 1621/1225/417 1622/1226/417
f 1557/1161/64 1610/1214/234 1574/1178/64
f 1574/1178/64 1610/1214/234 1623/1227/234
f 1605/1209/1 1606/1210/1 1616/1220/1
f 1616/1220/1 1606/1210/1 1607/1211/241
f 1624/1228/28 1599/1203/28 1625/1229/28
f 1625/1229/28 1599/1203/28 1601/1205/28
f 1616/1220/1 1607/1211/241 1626/1230/1
f 1626/1230/1 1607/1211/241 1627/1231/37
f 1615/1219/415 1616/1220/415 1621/1225/417
f 1621/1225/417 1616/1220/415 1626/1230/417
f 1628/1232/243 1613/1217/243 1629/1233/244
f 1629/1233/244 1613/1217/243 1617/1221/244
f 1607/1211/241 1613/1217/243 1627/1231/37
f 1627/1231/37 1613/1217/243 1628/1232/243
f 1630/1234/418 1585/1189/1 1631/1235/137
f 1631/1235/137 1585/1189/1 1586/1190/1
f 1632/1236/419 1633/1237/420 1634/1238/247
f 1634/1238/247 1633/1237/420 1635/1239/247
f 1630/1234/418 1631/1235/137 1632/1236/419
f 1632/1236/419 1631/1235/137 1633/1237/420
f 1606/1210/232 1604/1208/413 1609/1213/232
f 1609/1213/232 1604/1208/413 1611/1215/413
f 1610/1214/234 1612/1216/414 1623/1227/234
f 1623/1227/234 1612/1216/414 1619/1223/414
f 1627/1231/28 1602/1206/28 1626/1230/417
f 1626/1230/417 1602/1206/28 1621/1225/417
f 1617/1221/24 1618/1222/24 1629/1233/24
f 1629/1233/24 1618/1222/24 1625/1229/24
f 1628/1232/28 1601/1205/28 1627/1231/28
f 1627/1231/28 1601/1205/28 1602/1206/28
f 1629/1233/28 1625/1229/28 1628/1232/28
f 1628/1232/28 1625/1229/28 1601/1205/28
f 1636/1240/248 1633/1237/248 1637/1241/421
f 1637/1241/421 1633/1237/248 1631/1235/421
f 1638/1242/24 1624/1228/24 1618/1222/24
f 1618/1222/24 1624/1228/24 1625/1229/24
f 1600/1204/28 1622/1226/417 1602/1206/28
f 1602/1206/28 1622/1226/417 1621/1225/417
f 1639/1243/250 1635/1239/250 1636/1240/248
f 1636/1240/248 1635/1239/250 1633/1237/248
f 1638/1242/416 1618/1222/416 1640/1244/237
f 1640/1244/237 1618/1222/416 1614/1218/237
f 1637/1241/421 1631/1235/421 1598/1202/24
f 1598/1202/24 1631/1235/421 1586/1190/24
f 1641/1245/42 1642/1246/53 1643/1247/42
f 1643/1247/42 1642/1246/53 1644/1248/42
f 1645/1249/2 1644/1248/213 1646/1250/403
f 1646/1250/403 1644/1248/213 1647/1251/213
f 1573/1177/214 1574/1178/64 1641/1245/214
f 1641/1245/214 1574/1178/64 1648/1252/64
f 1642/1246/404 1649/1253/24 1650/1254/404
f 1650/1254/404 1649/1253/24 1651/1255/24
f 1570/1174/405 1573/1177/214 1643/1247/405
f 1643/1247/405 1573/1177/214 1641/1245/214
f 1652/1256/216 1645/1249/2 1597/1201/217
f 1597/1201/217 1645/1249/2 1646/1250/403
f 1641/1245/42 1648/1252/42 1642/1246/53
f 1642/1246/53 1648/1252/42 1649/1253/42
f 1570/1174/405 1643/1247/405 1569/1173/406
f 1569/1173/406 1643/1247/405 1653/1257/406
f 1654/1258/407 1652/1256/216 1594/1198/407
f 1594/1198/407 1652/1256/216 1597/1201/217
f 1643/1247/42 1644/1248/42 1653/1257/42
f 1653/1257/42 1644/1248/42 1645/1249/251
f 1653/1257/42 1645/1249/251 1655/1259/42
f 1655/1259/42 1645/1249/251 1656/1260/44
f 1569/1173/406 1653/1257/406 1572/1176/408
f 1572/1176/408 1653/1257/406 1655/1259/408
f 1657/1261/253 1652/1256/253 1658/1262/254
f 1658/1262/254 1652/1256/253 1654/1258/254
f 1645/1249/251 1652/1256/253 1656/1260/44
f 1656/1260/44 1652/1256/253 1657/1261/253
f 1659/1263/422 1660/1264/42 1593/1197/140
f 1593/1197/140 1660/1264/42 1598/1202/42
f 1661/1265/423 1592/1196/424 1662/1266/257
f 1662/1266/257 1592/1196/424 1596/1200/257
f 1659/1263/422 1593/1197/140 1661/1265/423
f 1661/1265/423 1593/1197/140 1592/1196/424
f 1644/1248/213 1642/1246/404 1647/1251/213
f 1647/1251/213 1642/1246/404 1650/1254/404
f 1656/1260/15 1595/1199/15 1655/1259/408
f 1655/1259/408 1595/1199/15 1572/1176/408
f 1654/1258/24 1594/1198/24 1658/1262/24
f 1658/1262/24 1594/1198/24 1575/1179/24
f 1657/1261/15 1577/1181/15 1656/1260/15
f 1656/1260/15 1577/1181/15 1595/1199/15
f 1658/1262/15 1575/1179/15 1657/1261/15
f 1657/1261/15 1575/1179/15 1577/1181/15
f 1663/1267/42 1664/1268/53 1665/1269/42
f 1665/1269/42 1664/1268/53 1666/1270/42
f 1667/1271/29 1668/1272/412 1663/1267/232
f 1663/1267/232 1668/1272/412 1669/1273/232
f 1623/1227/234 1666/1270/234 1574/1178/64
f 1574/1178/64 1666/1270/234 1648/1252/64
f 1664/1268/413 1670/1274/413 1649/1253/24
f 1649/1253/24 1670/1274/413 1651/1255/24
f 1619/1223/414 1665/1269/414 1623/1227/234
f 1623/1227/234 1665/1269/414 1666/1270/234
f 1671/1275/236 1640/1244/237 1667/1271/29
f 1667/1271/29 1640/1244/237 1668/1272/412
f 1666/1270/42 1664/1268/53 1648/1252/42
f 1648/1252/42 1664/1268/53 1649/1253/42
f 1672/1276/415 1665/1269/414 1620/1224/415
f 1620/1224/415 1665/1269/414 1619/1223/414
f 1673/1277/416 1638/1242/416 1671/1275/236
f 1671/1275/236 1638/1242/416 1640/1244/237
f 1667/1271/52 1663/1267/42 1672/1276/53
f 1672/1276/53 1663/1267/42 1665/1269/42
f 1674/1278/258 1667/1271/52 1675/1279/42
f 1675/1279/42 1667/1271/52 1672/1276/53
f 1675/1279/417 1672/1276/415 1622/1226/417
f 1622/1226/417 1672/1276/415 1620/1224/415
f 1676/1280/259 1677/1281/56 1671/1275/259
f 1671/1275/259 1677/1281/56 1673/1277/56
f 1676/1280/259 1671/1275/259 1674/1278/258
f 1674/1278/258 1671/1275/259 1667/1271/52
f 1678/1282/425 1637/1241/142 1660/1264/42
f 1660/1264/42 1637/1241/142 1598/1202/42
f 1639/1243/426 1636/1240/50 1679/1283/426
f 1679/1283/426 1636/1240/50 1680/1284/48
f 1636/1240/50 1637/1241/142 1680/1284/48
f 1680/1284/48 1637/1241/142 1678/1282/425
f 1663/1267/232 1669/1273/232 1664/1268/413
f 1664/1268/413 1669/1273/232 1670/1274/413
f 1674/1278/28 1675/1279/417 1600/1204/28
f 1600/1204/28 1675/1279/417 1622/1226/417
f 1673/1277/24 1677/1281/24 1638/1242/24
f 1638/1242/24 1677/1281/24 1624/1228/24
f 1676/1280/28 1674/1278/28 1599/1203/28
f 1599/1203/28 1674/1278/28 1600/1204/28
f 1677/1281/28 1676/1280/28 1624/1228/28
f 1624/1228/28 1676/1280/28 1599/1203/28
f 1577/1181/15 1578/1182/15 1595/1199/15
f 1595/1199/15 1578/1182/15 1591/1195/15
f 1681/1021/333 1682/1022/334 1683/1023/333
f 1683/1023/333 1682/1022/334 1684/1024/333
f 1685/1025/335 1686/1026/336 1681/1021/337
f 1681/1021/337 1686/1026/336 1687/1027/337
f 1688/1028/338 1684/1024/338 1689/1029/64
f 1689/1029/64 1684/1024/338 1690/1030/64
f 1682/1022/339 1691/1031/339 1692/1032/24
f 1692/1032/24 1691/1031/339 1693/1033/24
f 1694/1034/340 1683/1023/340 1688/1028/338
f 1688/1028/338 1683/1023/340 1684/1024/338
f 1695/1035/341 1696/1036/342 1685/1025/335
f 1685/1025/335 1696/1036/342 1686/1026/336
f 1684/1024/333 1682/1022/334 1690/1030/333
f 1690/1030/333 1682/1022/334 1692/1032/333
f 1697/1037/343 1683/1023/340 1698/1038/343
f 1698/1038/343 1683/1023/340 1694/1034/340
f 1699/1039/344 1700/1040/344 1695/1035/341
f 1695/1035/341 1700/1040/344 1696/1036/342
f 1698/1038/343 1694/1034/340 1701/1041/343
f 1701/1041/343 1694/1034/340 1702/1042/340
f 1703/1043/345 1698/1038/343 1704/1044/345
f 1704/1044/345 1698/1038/343 1701/1041/343
f 1688/1028/338 1689/1029/64 1705/1045/338
f 1705/1045/338 1689/1029/64 1706/1046/64
f 1685/1025/346 1681/1021/333 1697/1037/334
f 1697/1037/334 1681/1021/333 1683/1023/333
f 1707/1047/347 1708/1048/347 1709/1049/347
f 1709/1049/347 1708/1048/347 1710/1050/347
f 1711/1051/348 1685/1025/346 1712/1052/333
f 1712/1052/333 1685/1025/346 1697/1037/334
f 1712/1052/345 1697/1037/343 1703/1043/345
f 1703/1043/345 1697/1037/343 1698/1038/343
f 1713/1053/349 1714/1054/350 1695/1035/349
f 1695/1035/349 1714/1054/350 1699/1039/350
f 1713/1053/349 1695/1035/349 1711/1051/348
f 1711/1051/348 1695/1035/349 1685/1025/346
f 1715/1055/351 1716/1056/352 1717/1057/333
f 1717/1057/333 1716/1056/352 1718/1058/333
f 1719/1059/353 1720/1060/354 1721/1061/353
f 1721/1061/353 1720/1060/354 1722/1062/355
f 1720/1060/354 1716/1056/352 1722/1062/355
f 1722/1062/355 1716/1056/352 1715/1055/351
f 1681/1021/337 1687/1027/337 1682/1022/339
f 1682/1022/339 1687/1027/337 1691/1031/339
f 1694/1034/340 1688/1028/338 1702/1042/340
f 1702/1042/340 1688/1028/338 1705/1045/338
f 1711/1051/347 1712/1052/345 1723/1063/347
f 1723/1063/347 1712/1052/345 1703/1043/345
f 1699/1039/24 1714/1054/24 1700/1040/24
f 1700/1040/24 1714/1054/24 1708/1048/24
f 1713/1053/347 1711/1051/347 1710/1050/347
f 1710/1050/347 1711/1051/347 1723/1063/347
f 1714/1054/347 1713/1053/347 1708/1048/347
f 1708/1048/347 1713/1053/347 1710/1050/347
f 1724/1064/356 1725/1065/357 1720/1060/356
f 1720/1060/356 1725/1065/357 1716/1056/357
f 1726/1066/24 1700/1040/24 1707/1047/24
f 1707/1047/24 1700/1040/24 1708/1048/24
f 1727/1067/347 1723/1063/347 1704/1044/345
f 1704/1044/345 1723/1063/347 1703/1043/345
f 1728/1068/358 1724/1064/356 1719/1059/358
f 1719/1059/358 1724/1064/356 1720/1060/356
f 1726/1066/344 1729/1069/342 1700/1040/344
f 1700/1040/344 1729/1069/342 1696/1036/342
f 1725/1065/357 1730/1070/24 1716/1056/357
f 1716/1056/357 1730/1070/24 1718/1058/24
f 1731/1071/359 1732/1072/359 1733/1073/359
f 1733/1073/359 1732/1072/359 1734/1074/359
f 1735/1075/333 1736/1076/334 1737/1077/333
f 1737/1077/333 1736/1076/334 1738/1078/333
f 1739/1079/360 1738/1078/361 1740/1080/362
f 1740/1080/362 1738/1078/361 1741/1081/361
f 1742/1082/363 1689/1029/64 1735/1075/363
f 1735/1075/363 1689/1029/64 1690/1030/64
f 1736/1076/364 1692/1032/24 1743/1083/364
f 1743/1083/364 1692/1032/24 1693/1033/24
f 1744/1084/365 1742/1082/363 1737/1077/365
f 1737/1077/365 1742/1082/363 1735/1075/363
f 1745/1085/366 1739/1079/360 1746/1086/367
f 1746/1086/367 1739/1079/360 1740/1080/362
f 1735/1075/333 1690/1030/333 1736/1076/334
f 1736/1076/334 1690/1030/333 1692/1032/333
f 1744/1084/365 1737/1077/365 1747/1087/368
f 1747/1087/368 1737/1077/365 1748/1088/368
f 1749/1089/369 1745/1085/366 1750/1090/369
f 1750/1090/369 1745/1085/366 1746/1086/367
f 1744/1084/365 1747/1087/368 1751/1091/365
f 1751/1091/365 1747/1087/368 1752/1092/368
f 1747/1087/368 1753/1093/370 1752/1092/368
f 1752/1092/368 1753/1093/370 1754/1094/370
f 1689/1029/64 1742/1082/363 1706/1046/64
f 1706/1046/64 1742/1082/363 1755/1095/363
f 1737/1077/333 1738/1078/333 1748/1088/333
f 1748/1088/333 1738/1078/333 1739/1079/371
f 1756/1096/359 1731/1071/359 1757/1097/359
f 1757/1097/359 1731/1071/359 1733/1073/359
f 1748/1088/333 1739/1079/371 1758/1098/333
f 1758/1098/333 1739/1079/371 1759/1099/372
f 1747/1087/368 1748/1088/368 1753/1093/370
f 1753/1093/370 1748/1088/368 1758/1098/370
f 1760/1100/373 1745/1085/373 1761/1101/374
f 1761/1101/374 1745/1085/373 1749/1089/374
f 1739/1079/371 1745/1085/373 1759/1099/372
f 1759/1099/372 1745/1085/373 1760/1100/373
f 1762/1102/375 1717/1057/333 1763/1103/376
f 1763/1103/376 1717/1057/333 1718/1058/333
f 1764/1104/377 1765/1105/378 1766/1106/379
f 1766/1106/379 1765/1105/378 1767/1107/379
f 1762/1102/375 1763/1103/376 1764/1104/377
f 1764/1104/377 1763/1103/376 1765/1105/378
f 1738/1078/361 1736/1076/364 1741/1081/361
f 1741/1081/361 1736/1076/364 1743/1083/364
f 1742/1082/363 1744/1084/365 1755/1095/363
f 1755/1095/363 1744/1084/365 1751/1091/365
f 1759/1099/359 1734/1074/359 1758/1098/370
f 1758/1098/370 1734/1074/359 1753/1093/370
f 1749/1089/24 1750/1090/24 1761/1101/24
f 1761/1101/24 1750/1090/24 1757/1097/24
f 1760/1100/359 1733/1073/359 1759/1099/359
f 1759/1099/359 1733/1073/359 1734/1074/359
f 1761/1101/359 1757/1097/359 1760/1100/359
f 1760/1100/359 1757/1097/359 1733/1073/359
f 1768/1108/380 1765/1105/380 1769/1109/381
f 1769/1109/381 1765/1105/380 1763/1103/381
f 1770/1110/24 1756/1096/24 1750/1090/24
f 1750/1090/24 1756/1096/24 1757/1097/24
f 1732/1072/359 1754/1094/370 1734/1074/359
f 1734/1074/359 1754/1094/370 1753/1093/370
f 1771/1111/382 1767/1107/382 1768/1108/380
f 1768/1108/380 1767/1107/382 1765/1105/380
f 1770/1110/369 1750/1090/369 1772/1112/367
f 1772/1112/367 1750/1090/369 1746/1086/367
f 1769/1109/381 1763/1103/381 1730/1070/24
f 1730/1070/24 1763/1103/381 1718/1058/24
f 1773/1113/383 1774/1114/384 1775/1115/383
f 1775/1115/383 1774/1114/384 1776/1116/383
f 1777/1117/335 1776/1116/337 1778/1118/336
f 1778/1118/336 1776/1116/337 1779/1119/337
f 1705/1045/338 1706/1046/64 1773/1113/338
f 1773/1113/338 1706/1046/64 1780/1120/64
f 1774/1114/339 1781/1121/24 1782/1122/339
f 1782/1122/339 1781/1121/24 1783/1123/24
f 1702/1042/340 1705/1045/338 1775/1115/340
f 1775/1115/340 1705/1045/338 1773/1113/338
f 1784/1124/341 1777/1117/335 1729/1069/342
f 1729/1069/342 1777/1117/335 1778/1118/336
f 1773/1113/383 1780/1120/383 1774/1114/384
f 1774/1114/384 1780/1120/383 1781/1121/383
f 1702/1042/340 1775/1115/340 1701/1041/343
f 1701/1041/343 1775/1115/340 1785/1125/343
f 1786/1126/344 1784/1124/341 1726/1066/344
f 1726/1066/344 1784/1124/341 1729/1069/342
f 1775/1115/383 1776/1116/383 1785/1125/383
f 1785/1125/383 1776/1116/383 1777/1117/385
f 1785/1125/383 1777/1117/385 1787/1127/383
f 1787/1127/383 1777/1117/385 1788/1128/386
f 1701/1041/343 1785/1125/343 1704/1044/345
f 1704/1044/345 1785/1125/343 1787/1127/345
f 1789/1129/387 1784/1124/387 1790/1130/388
f 1790/1130/388 1784/1124/387 1786/1126/388
f 1777/1117/385 1784/1124/387 1788/1128/386
f 1788/1128/386 1784/1124/387 1789/1129/387
f 1791/1131/389 1792/1132/383 1725/1065/390
f 1725/1065/390 1792/1132/383 1730/1070/383
f 1793/1133/391 1724/1064/392 1794/1134/393
f 1794/1134/393 1724/1064/392 1728/1068/393
f 1791/1131/389 1725/1065/390 1793/1133/391
f 1793/1133/391 1725/1065/390 1724/1064/392
f 1776/1116/337 1774/1114/339 1779/1119/337
f 1779/1119/337 1774/1114/339 1782/1122/339
f 1788/1128/347 1727/1067/347 1787/1127/345
f 1787/1127/345 1727/1067/347 1704/1044/345
f 1786/1126/24 1726/1066/24 1790/1130/24
f 1790/1130/24 1726/1066/24 1707/1047/24
f 1789/1129/347 1709/1049/347 1788/1128/347
f 1788/1128/347 1709/1049/347 1727/1067/347
f 1790/1130/347 1707/1047/347 1789/1129/347
f 1789/1129/347 1707/1047/347 1709/1049/347
f 1795/1135/383 1796/1136/384 1797/1137/383
f 1797/1137/383 1796/1136/384 1798/1138/383
f 1799/1139/360 1800/1140/362 1795/1135/361
f 1795/1135/361 1800/1140/362 1801/1141/361
f 1755/1095/363 1798/1138/363 1706/1046/64
f 1706/1046/64 1798/1138/363 1780/1120/64
f 1796/1136/364 1802/1142/364 1781/1121/24
f 1781/1121/24 1802/1142/364 1783/1123/24
f 1751/1091/365 1797/1137/365 1755/1095/363
f 1755/1095/363 1797/1137/365 1798/1138/363
f 1803/1143/366 1772/1112/367 1799/1139/360
f 1799/1139/360 1772/1112/367 1800/1140/362
f 1798/1138/383 1796/1136/384 1780/1120/383
f 1780/1120/383 1796/1136/384 1781/1121/383
f 1804/1144/368 1797/1137/365 1752/1092/368
f 1752/1092/368 1797/1137/365 1751/1091/365
f 1805/1145/369 1770/1110/369 1803/1143/366
f 1803/1143/366 1770/1110/369 1772/1112/367
f 1799/1139/394 1795/1135/383 1804/1144/384
f 1804/1144/384 1795/1135/383 1797/1137/383
f 1806/1146/395 1799/1139/394 1807/1147/383
f 1807/1147/383 1799/1139/394 1804/1144/384
f 1807/1147/370 1804/1144/368 1754/1094/370
f 1754/1094/370 1804/1144/368 1752/1092/368
f 1808/1148/396 1809/1149/397 1803/1143/396
f 1803/1143/396 1809/1149/397 1805/1145/397
f 1808/1148/396 1803/1143/396 1806/1146/395
f 1806/1146/395 1803/1143/396 1799/1139/394
f 1810/1150/398 1769/1109/399 1792/1132/383
f 1792/1132/383 1769/1109/399 1730/1070/383
f 1771/1111/400 1768/1108/401 1811/1151/400
f 1811/1151/400 1768/1108/401 1812/1152/402
f 1768/1108/401 1769/1109/399 1812/1152/402
f 1812/1152/402 1769/1109/399 1810/1150/398
f 1795/1135/361 1801/1141/361 1796/1136/364
f 1796/1136/364 1801/1141/361 1802/1142/364
f 1806/1146/359 1807/1147/370 1732/1072/359
f 1732/1072/359 1807/1147/370 1754/1094/370
f 1805/1145/24 1809/1149/24 1770/1110/24
f 1770/1110/24 1809/1149/24 1756/1096/24
f 1808/1148/359 1806/1146/359 1731/1071/359
f 1731/1071/359 1806/1146/359 1732/1072/359
f 1809/1149/359 1808/1148/359 1756/1096/359
f 1756/1096/359 1808/1148/359 1731/1071/359
f 1709/1049/347 1710/1050/347 1727/1067/347
f 1727/1067/347 1710/1050/347 1723/1063/347
f 1813/1021/333 1814/1022/334 1815/1023/333
f 1815/1023/333 1814/1022/334 1816/1024/333
f 1817/1025/335 1818/1026/336 1813/1021/337
f 1813/1021/337 1818/1026/336 1819/1027/337
f 1820/1028/338 1816/1024/338 1821/1029/64
f 1821/1029/64 1816/1024/338 1822/1030/64
f 1814/1022/339 1823/1031/339 1824/1032/24
f 1824/1032/24 1823/1031/339 1825/1033/24
f 1826/1034/340 1815/1023/340 1820/1028/338
f 1820/1028/338 1815/1023/340 1816/1024/338
f 1827/1035/341 1828/1036/342 1817/1025/335
f 1817/1025/335 1828/1036/342 1818/1026/336
f 1816/1024/333 1814/1022/334 1822/1030/333
f 1822/1030/333 1814/1022/334 1824/1032/333
f 1829/1037/343 1815/1023/340 1830/1038/343
f 1830/1038/343 1815/1023/340 1826/1034/340
f 1831/1039/344 1832/1040/344 1827/1035/341
f 1827/1035/341 1832/1040/344 1828/1036/342
f 1830/1038/343 1826/1034/340 1833/1041/343
f 1833/1041/343 1826/1034/340 1834/1042/340
f 1835/1043/345 1830/1038/343 1836/1044/345
f 1836/1044/345 1830/1038/343 1833/1041/343
f 1820/1028/338 1821/1029/64 1837/1045/338
f 1837/1045/338 1821/1029/64 1838/1046/64
f 1817/1025/346 1813/1021/333 1829/1037/334
f 1829/1037/334 1813/1021/333 1815/1023/333
f 1839/1047/347 1840/1048/347 1841/1049/347
f 1841/1049/347 1840/1048/347 1842/1050/347
f 1843/1051/348 1817/1025/346 1844/1052/333
f 1844/1052/333 1817/1025/346 1829/1037/334
f 1844/1052/345 1829/1037/343 1835/1043/345
f 1835/1043/345 1829/1037/343 1830/1038/343
f 1845/1053/349 1846/1054/350 1827/1035/349
f 1827/1035/349 1846/1054/350 1831/1039/350
f 1845/1053/349 1827/1035/349 1843/1051/348
f 1843/1051/348 1827/1035/349 1817/1025/346
f 1847/1055/351 1848/1056/352 1849/1057/333
f 1849/1057/333 1848/1056/352 1850/1058/333
f 1851/1059/353 1852/1060/354 1853/1061/353
f 1853/1061/353 1852/1060/354 1854/1062/355
f 1852/1060/354 1848/1056/352 1854/1062/355
f 1854/1062/355 1848/1056/352 1847/1055/351
f 1813/1021/337 1819/1027/337 1814/1022/339
f 1814/1022/339 1819/1027/337 1823/1031/339
f 1826/1034/340 1820/1028/338 1834/1042/340
f 1834/1042/340 1820/1028/338 1837/1045/338
f 1843/1051/347 1844/1052/345 1855/1063/347
f 1855/1063/347 1844/1052/345 1835/1043/345
f 1831/1039/24 1846/1054/24 1832/1040/24
f 1832/1040/24 1846/1054/24 1840/1048/24
f 1845/1053/347 1843/1051/347 1842/1050/347
f 1842/1050/347 1843/1051/347 1855/1063/347
f 1846/1054/347 1845/1053/347 1840/1048/347
f 1840/1048/347 1845/1053/347 1842/1050/347
f 1856/1064/356 1857/1065/357 1852/1060/356
f 1852/1060/356 1857/1065/357 1848/1056/357
f 1858/1066/24 1832/1040/24 1839/1047/24
f 1839/1047/24 1832/1040/24 1840/1048/24
f 1859/1067/347 1855/1063/347 1836/1044/345
f 1836/1044/345 1855/1063/347 1835/1043/345
f 1860/1068/358 1856/1064/356 1851/1059/358
f 1851/1059/358 1856/1064/356 1852/1060/356
f 1858/1066/344 1861/1069/342 1832/1040/344
f 1832/1040/344 1861/1069/342 1828/1036/342
f 1857/1065/357 1862/1070/24 1848/1056/357
f 1848/1056/357 1862/1070/24 1850/1058/24
f 1863/1071/359 1864/1072/359 1865/1073/359
f 1865/1073/359 1864/1072/359 1866/1074/359
f 1867/1075/333 1868/1076/334 1869/1077/333
f 1869/1077/333 1868/1076/334 1870/1078/333
f 1871/1079/360 1870/1078/361 1872/1080/362
f 1872/1080/362 1870/1078/361 1873/1081/361
f 1874/1082/363 1821/1029/64 1867/1075/363
f 1867/1075/363 1821/1029/64 1822/1030/64
f 1868/1076/364 1824/1032/24 1875/1083/364
f 1875/1083/364 1824/1032/24 1825/1033/24
f 1876/1084/365 1874/1082/363 1869/1077/365
f 1869/1077/365 1874/1082/363 1867/1075/363
f 1877/1085/366 1871/1079/360 1878/1086/367
f 1878/1086/367 1871/1079/360 1872/1080/362
f 1867/1075/333 1822/1030/333 1868/1076/334
f 1868/1076/334 1822/1030/333 1824/1032/333
f 1876/1084/365 1869/1077/365 1879/1087/368
f 1879/1087/368 1869/1077/365 1880/1088/368
f 1881/1089/369 1877/1085/366 1882/1090/369
f 1882/1090/369 1877/1085/366 1878/1086/367
f 1876/1084/365 1879/1087/368 1883/1091/365
f 1883/1091/365 1879/1087/368 1884/1092/368
f 1879/1087/368 1885/1093/370 1884/1092/368
f 1884/1092/368 1885/1093/370 1886/1094/370
f 1821/1029/64 1874/1082/363 1838/1046/64
f 1838/1046/64 1874/1082/363 1887/1095/363
f 1869/1077/333 1870/1078/333 1880/1088/333
f 1880/1088/333 1870/1078/333 1871/1079/371
f 1888/1096/359 1863/1071/359 1889/1097/359
f 1889/1097/359 1863/1071/359 1865/1073/359
f 1880/1088/333 1871/1079/371 1890/1098/333
f 1890/1098/333 1871/1079/371 1891/1099/372
f 1879/1087/368 1880/1088/368 1885/1093/370
f 1885/1093/370 1880/1088/368 1890/1098/370
f 1892/1100/373 1877/1085/373 1893/1101/374
f 1893/1101/374 1877/1085/373 1881/1089/374
f 1871/1079/371 1877/1085/373 1891/1099/372
f 1891/1099/372 1877/1085/373 1892/1100/373
f 1894/1102/375 1849/1057/333 1895/1103/376
f 1895/1103/376 1849/1057/333 1850/1058/333
f 1896/1104/377 1897/1105/378 1898/1106/379
f 1898/1106/379 1897/1105/378 1899/1107/379
f 1894/1102/375 1895/1103/376 1896/1104/377
f 1896/1104/377 1895/1103/376 1897/1105/378
f 1870/1078/361 1868/1076/364 1873/1081/361
f 1873/1081/361 1868/1076/364 1875/1083/364
f 1874/1082/363 1876/1084/365 1887/1095/363
f 1887/1095/363 1876/1084/365 1883/1091/365
f 1891/1099/359 1866/1074/359 1890/1098/370
f 1890/1098/370 1866/1074/359 1885/1093/370
f 1881/1089/24 1882/1090/24 1893/1101/24
f 1893/1101/24 1882/1090/24 1889/1097/24
f 1892/1100/359 1865/1073/359 1891/1099/359
f 1891/1099/359 1865/1073/359 1866/1074/359
f 1893/1101/359 1889/1097/359 1892/1100/359
f 1892/1100/359 1889/1097/359 1865/1073/359
f 1900/1108/380 1897/1105/380 1901/1109/381
f 1901/1109/381 1897/1105/380 1895/1103/381
f 1902/1110/24 1888/1096/24 1882/1090/24
f 1882/1090/24 1888/1096/24 1889/1097/24
f 1864/1072/359 1886/1094/370 1866/1074/359
f 1866/1074/359 1886/1094/370 1885/1093/370
f 1903/1111/382 1899/1107/382 1900/1108/380
f 1900/1108/380 1899/1107/382 1897/1105/380
f 1902/1110/369 1882/1090/369 1904/1112/367
f 1904/1112/367 1882/1090/369 1878/1086/367
f 1901/1109/381 1895/1103/381 1862/1070/24
f 1862/1070/24 1895/1103/381 1850/1058/24
f 1905/1113/383 1906/1114/384 1907/1115/383
f 1907/1115/383 1906/1114/384 1908/1116/383
f 1909/1117/335 1908/1116/337 1910/1118/336
f 1910/1118/336 1908/1116/337 1911/1119/337
f 1837/1045/338 1838/1046/64 1905/1113/338
f 1905/1113/338 1838/1046/64 1912/1120/64
f 1906/1114/339 1913/1121/24 1914/1122/339
f 1914/1122/339 1913/1121/24 1915/1123/24
f 1834/1042/340 1837/1045/338 1907/1115/340
f 1907/1115/340 1837/1045/338 1905/1113/338
f 1916/1124/341 1909/1117/335 1861/1069/342
f 1861/1069/342 1909/1117/335 1910/1118/336
f 1905/1113/383 1912/1120/383 1906/1114/384
f 1906/1114/384 1912/1120/383 1913/1121/383
f 1834/1042/340 1907/1115/340 1833/1041/343
f 1833/1041/343 1907/1115/340 1917/1125/343
f 1918/1126/344 1916/1124/341 1858/1066/344
f 1858/1066/344 1916/1124/341 1861/1069/342
f 1907/1115/383 1908/1116/383 1917/1125/383
f 1917/1125/383 1908/1116/383 1909/1117/385
f 1917/1125/383 1909/1117/385 1919/1127/383
f 1919/1127/383 1909/1117/385 1920/1128/386
f 1833/1041/343 1917/1125/343 1836/1044/345
f 1836/1044/345 1917/1125/343 1919/1127/345
f 1921/1129/387 1916/1124/387 1922/1130/388
f 1922/1130/388 1916/1124/387 1918/1126/388
f 1909/1117/385 1916/1124/387 1920/1128/386
f 1920/1128/386 1916/1124/387 1921/1129/387
f 1923/1131/389 1924/1132/383 1857/1065/390
f 1857/1065/390 1924/1132/383 1862/1070/383
f 1925/1133/391 1856/1064/392 1926/1134/393
f 1926/1134/393 1856/1064/392 1860/1068/393
f 1923/1131/389 1857/1065/390 1925/1133/391
f 1925/1133/391 1857/1065/390 1856/1064/392
f 1908/1116/337 1906/1114/339 1911/1119/337
f 1911/1119/337 1906/1114/339 1914/1122/339
f 1920/1128/347 1859/1067/347 1919/1127/345
f 1919/1127/345 1859/1067/347 1836/1044/345
f 1918/1126/24 1858/1066/24 1922/1130/24
f 1922/1130/24 1858/1066/24 1839/1047/24
f 1921/1129/347 1841/1049/347 1920/1128/347
f 1920/1128/347 1841/1049/347 1859/1067/347
f 1922/1130/347 1839/1047/347 1921/1129/347
f 1921/1129/347 1839/1047/347 1841/1049/347
f 1927/1135/383 1928/1136/384 1929/1137/383
f 1929/1137/383 1928/1136/384 1930/1138/383
f 1931/1139/360 1932/1140/362 1927/1135/361
f 1927/1135/361 1932/1140/362 1933/1141/361
f 1887/1095/363 1930/1138/363 1838/1046/64
f 1838/1046/64 1930/1138/363 1912/1120/64
f 1928/1136/364 1934/1142/364 1913/1121/24
f 1913/1121/24 1934/1142/364 1915/1123/24
f 1883/1091/365 1929/1137/365 1887/1095/363
f 1887/1095/363 1929/1137/365 1930/1138/363
f 1935/1143/366 1904/1112/367 1931/1139/360
f 1931/1139/360 1904/1112/367 1932/1140/362
f 1930/1138/383 1928/1136/384 1912/1120/383
f 1912/1120/383 1928/1136/384 1913/1121/383
f 1936/1144/368 1929/1137/365 1884/1092/368
f 1884/1092/368 1929/1137/365 1883/1091/365
f 1937/1145/369 1902/1110/369 1935/1143/366
f 1935/1143/366 1902/1110/369 1904/1112/367
f 1931/1139/394 1927/1135/383 1936/1144/384
f 1936/1144/384 1927/1135/383 1929/1137/383
f 1938/1146/395 1931/1139/394 1939/1147/383
f 1939/1147/383 1931/1139/394 1936/1144/384
f 1939/1147/370 1936/1144/368 1886/1094/370
f 1886/1094/370 1936/1144/368 1884/1092/368
f 1940/1148/396 1941/1149/397 1935/1143/396
f 1935/1143/396 1941/1149/397 1937/1145/397
f 1940/1148/396 1935/1143/396 1938/1146/395
f 1938/1146/395 1935/1143/396 1931/1139/394
f 1942/1150/398 1901/1109/399 1924/1132/383
f 1924/1132/383 1901/1109/399 1862/1070/383
f 1903/1111/400 1900/1108/401 1943/1151/400
f 1943/1151/400 1900/1108/401 1944/1152/402
f 1900/1108/401 1901/1109/399 1944/1152/402
f 1944/1152/402 1901/1109/399 1942/1150/398
f 1927/1135/361 1933/1141/361 1928/1136/364
f 1928/1136/364 1933/1141/361 1934/1142/364
f 1938/1146/359 1939/1147/370 1864/1072/359
f 1864/1072/359 1939/1147/370 1886/1094/370
f 1937/1145/24 1941/1149/24 1902/1110/24
f 1902/1110/24 1941/1149/24 1888/1096/24
f 1940/1148/359 1938/1146/359 1863/1071/359
f 1863/1071/359 1938/1146/359 1864/1072/359
f 1941/1149/359 1940/1148/359 1888/1096/359
f 1888/1096/359 1940/1148/359 1863/1071/359
f 1841/1049/347 1842/1050/347 1859/1067/347
f 1859/1067/347 1842/1050/347 1855/1063/347
f 1945/1021/333 1946/1022/334 1947/1023/333
f 1947/1023/333 1946/1022/334 1948/1024/333
f 1949/1025/335 1950/1026/336 1945/1021/337
f 1945/1021/337 1950/1026/336 1951/1027/337
f 1952/1028/338 1948/1024/338 1953/1029/64
f 1953/1029/64 1948/1024/338 1954/1030/64
f 1946/1022/339 1955/1031/339 1956/1032/24
f 1956/1032/24 1955/1031/339 1957/1033/24
f 1958/1034/340 1947/1023/340 1952/1028/338
f 1952/1028/338 1947/1023/340 1948/1024/338
f 1959/1035/341 1960/1036/342 1949/1025/335
f 1949/1025/335 1960/1036/342 1950/1026/336
f 1948/1024/333 1946/1022/334 1954/1030/333
f 1954/1030/333 1946/1022/334 1956/1032/333
f 1961/1037/343 1947/1023/340 1962/1038/343
f 1962/1038/343 1947/1023/340 1958/1034/340
f 1963/1039/344 1964/1040/344 1959/1035/341
f 1959/1035/341 1964/1040/344 1960/1036/342
f 1962/1038/343 1958/1034/340 1965/1041/343
f 1965/1041/343 1958/1034/340 1966/1042/340
f 1967/1043/345 1962/1038/343 1968/1044/345
f 1968/1044/345 1962/1038/343 1965/1041/343
f 1952/1028/338 1953/1029/64 1969/1045/338
f 1969/1045/338 1953/1029/64 1970/1046/64
f 1949/1025/346 1945/1021/333 1961/1037/334
f 1961/1037/334 1945/1021/333 1947/1023/333
f 1971/1047/347 1972/1048/347 1973/1049/347
f 1973/1049/347 1972/1048/347 1974/1050/347
f 1975/1051/348 1949/1025/346 1976/1052/333
f 1976/1052/333 1949/1025/346 1961/1037/334
f 1976/1052/345 1961/1037/343 1967/1043/345
f 1967/1043/345 1961/1037/343 1962/1038/343
f 1977/1053/349 1978/1054/350 1959/1035/349
f 1959/1035/349 1978/1054/350 1963/1039/350
f 1977/1053/349 1959/1035/349 1975/1051/348
f 1975/1051/348 1959/1035/349 1949/1025/346
f 1979/1055/351 1980/1056/352 1981/1057/333
f 1981/1057/333 1980/1056/352 1982/1058/333
f 1983/1059/353 1984/1060/354 1985/1061/353
f 1985/1061/353 1984/1060/354 1986/1062/355
f 1984/1060/354 1980/1056/352 1986/1062/355
f 1986/1062/355 1980/1056/352 1979/1055/351
f 1945/1021/337 1951/1027/337 1946/1022/339
f 1946/1022/339 1951/1027/337 1955/1031/339
f 1958/1034/340 1952/1028/338 1966/1042/340
f 1966/1042/340 1952/1028/338 1969/1045/338
f 1975/1051/347 1976/1052/345 1987/1063/347
f 1987/1063/347 1976/1052/345 1967/1043/345
f 1963/1039/24 1978/1054/24 1964/1040/24
f 1964/1040/24 1978/1054/24 1972/1048/24
f 1977/1053/347 1975/1051/347 1974/1050/347
f 1974/1050/347 1975/1051/347 1987/1063/347
f 1978/1054/347 1977/1053/347 1972/1048/347
f 1972/1048/347 1977/1053/347 1974/1050/347
f 1988/1064/356 1989/1065/357 1984/1060/356
f 1984/1060/356 1989/1065/357 1980/1056/357
f 1990/1066/24 1964/1040/24 1971/1047/24
f 1971/1047/24 1964/1040/24 1972/1048/24
f 1991/1067/347 1987/1063/347 1968/1044/345
f 1968/1044/345 1987/1063/347 1967/1043/345
f 1992/1068/358 1988/1064/356 1983/1059/358
f 1983/1059/358 1988/1064/356 1984/1060/356
f 1990/1066/344 1993/1069/342 1964/1040/344
f 1964/1040/344 1993/1069/342 1960/1036/342
f 1989/1065/357 1994/1070/24 1980/1056/357
f 1980/1056/357 1994/1070/24 1982/1058/24
f 1995/1071/359 1996/1072/359 1997/1073/359
f 1997/1073/359 1996/1072/359 1998/1074/359
f 1999/1075/333 2000/1076/334 2001/1077/333
f 2001/1077/333 2000/1076/334 2002/1078/333
f 2003/1079/360 2002/1078/361 2004/1080/362
f 2004/1080/362 2002/1078/361 2005/1081/361
f 2006/1082/363 1953/1029/64 1999/1075/363
f 1999/1075/363 1953/1029/64 1954/1030/64
f 2000/1076/364 1956/1032/24 2007/1083/364
f 2007/1083/364 1956/1032/24 1957/1033/24
f 2008/1084/365 2006/1082/363 2001/1077/365
f 2001/1077/365 2006/1082/363 1999/1075/363
f 2009/1085/366 2003/1079/360 2010/1086/367
f 2010/1086/367 2003/1079/360 2004/1080/362
f 1999/1075/333 1954/1030/333 2000/1076/334
f 2000/1076/334 1954/1030/333 1956/1032/333
f 2008/1084/365 2001/1077/365 2011/1087/368
f 2011/1087/368 2001/1077/365 2012/1088/368
f 2013/1089/369 2009/1085/366 2014/1090/369
f 2014/1090/369 2009/1085/366 2010/1086/367
f 2008/1084/365 2011/1087/368 2015/1091/365
f 2015/1091/365 2011/1087/368 2016/1092/368
f 2011/1087/368 2017/1093/370 2016/1092/368
f 2016/1092/368 2017/1093/370 2018/1094/370
f 1953/1029/64 2006/1082/363 1970/1046/64
f 1970/1046/64 2006/1082/363 2019/1095/363
f 2001/1077/333 2002/1078/333 2012/1088/333
f 2012/1088/333 2002/1078/333 2003/1079/371
f 2020/1096/359 1995/1071/359 2021/1097/359
f 2021/1097/359 1995/1071/359 1997/1073/359
f 2012/1088/333 2003/1079/371 2022/1098/333
f 2022/1098/333 2003/1079/371 2023/1099/372
f 2011/1087/368 2012/1088/368 2017/1093/370
f 2017/1093/370 2012/1088/368 2022/1098/370
f 2024/1100/373 2009/1085/373 2025/1101/374
f 2025/1101/374 2009/1085/373 2013/1089/374
f 2003/1079/371 2009/1085/373 2023/1099/372
f 2023/1099/372 2009/1085/373 2024/1100/373
f 2026/1102/375 1981/1057/333 2027/1103/376
f 2027/1103/376 1981/1057/333 1982/1058/333
f 2028/1104/377 2029/1105/378 2030/1106/379
f 2030/1106/379 2029/1105/378 2031/1107/379
f 2026/1102/375 2027/1103/376 2028/1104/377
f 2028/1104/377 2027/1103/376 2029/1105/378
f 2002/1078/361 2000/1076/364 2005/1081/361
f 2005/1081/361 2000/1076/364 2007/1083/364
f 2006/1082/363 2008/1084/365 2019/1095/363
f 2019/1095/363 2008/1084/365 2015/1091/365
f 2023/1099/359 1998/1074/359 2022/1098/370
f 2022/1098/370 1998/1074/359 2017/1093/370
f 2013/1089/24 2014/1090/24 2025/1101/24
f 2025/1101/24 2014/1090/24 2021/1097/24
f 2024/1100/359 1997/1073/359 2023/1099/359
f 2023/1099/359 1997/1073/359 1998/1074/359
f 2025/1101/359 2021/1097/359 2024/1100/359
f 2024/1100/359 2021/1097/359 1997/1073/359
f 2032/1108/380 2029/1105/380 2033/1109/381
f 2033/1109/381 2029/1105/380 2027/1103/381
f 2034/1110/24 2020/1096/24 2014/1090/24
f 2014/1090/24 2020/1096/24 2021/1097/24
f 1996/1072/359 2018/1094/370 1998/1074/359
f 1998/1074/359 2018/1094/370 2017/1093/370
f 2035/1111/382 2031/1107/382 2032/1108/380
f 2032/1108/380 2031/1107/382 2029/1105/380
f 2034/1110/369 2014/1090/369 2036/1112/367
f 2036/1112/367 2014/1090/369 2010/1086/367
f 2033/1109/381 2027/1103/381 1994/1070/24
f 1994/1070/24 2027/1103/381 1982/1058/24
f 2037/1113/383 2038/1114/384 2039/1115/383
f 2039/1115/383 2038/1114/384 2040/1116/383
f 2041/1117/335 2040/1116/337 2042/1118/336
f 2042/1118/336 2040/1116/337 2043/1119/337
f 1969/1045/338 1970/1046/64 2037/1113/338
f 2037/1113/338 1970/1046/64 2044/1120/64
f 2038/1114/339 2045/1121/24 2046/1122/339
f 2046/1122/339 2045/1121/24 2047/1123/24
f 1966/1042/340 1969/1045/338 2039/1115/340
f 2039/1115/340 1969/1045/338 2037/1113/338
f 2048/1124/341 2041/1117/335 1993/1069/342
f 1993/1069/342 2041/1117/335 2042/1118/336
f 2037/1113/383 2044/1120/383 2038/1114/384
f 2038/1114/384 2044/1120/383 2045/1121/383
f 1966/1042/340 2039/1115/340 1965/1041/343
f 1965/1041/343 2039/1115/340 2049/1125/343
f 2050/1126/344 2048/1124/341 1990/1066/344
f 1990/1066/344 2048/1124/341 1993/1069/342
f 2039/1115/383 2040/1116/383 2049/1125/383
f 2049/1125/383 2040/1116/383 2041/1117/385
f 2049/1125/383 2041/1117/385 2051/1127/383
f 2051/1127/383 2041/1117/385 2052/1128/386
f 1965/1041/343 2049/1125/343 1968/1044/345
f 1968/1044/345 2049/1125/343 2051/1127/345
f 2053/1129/387 2048/1124/387 2054/1130/388
f 2054/1130/388 2048/1124/387 2050/1126/388
f 2041/1117/385 2048/1124/387 2052/1128/386
f 2052/1128/386 2048/1124/387 2053/1129/387
f 2055/1131/389 2056/1132/383 1989/1065/390
f 1989/1065/390 2056/1132/383 1994/1070/383
f 2057/1133/391 1988/1064/392 2058/1134/393
f 2058/1134/393 1988/1064/392 1992/1068/393
f 2055/1131/389 1989/1065/390 2057/1133/391
f 2057/1133/391 1989/1065/390 1988/1064/392
f 2040/1116/337 2038/1114/339 2043/1119/337
f 2043/1119/337 2038/1114/339 2046/1122/339
f 2052/1128/347 1991/1067/347 2051/1127/345
f 2051/1127/345 1991/1067/347 1968/1044/345
f 2050/1126/24 1990/1066/24 2054/1130/24
f 2054/1130/24 1990/1066/24 1971/1047/24
f 2053/1129/347 1973/1049/347 2052/1128/347
f 2052/1128/347 1973/1049/347 1991/1067/347
f 2054/1130/347 1971/1047/347 2053/1129/347
f 2053/1129/347 1971/1047/347 1973/1049/347
f 2059/1135/383 2060/1136/384 2061/1137/383
f 2061/1137/383 2060/1136/384 2062/1138/383
f 2063/1139/360 2064/1140/362 2059/1135/361
f 2059/1135/361 2064/1140/362 2065/1141/361
f 2019/1095/363 2062/1138/363 1970/1046/64
f 1970/1046/64 2062/1138/363 2044/1120/64
f 2060/1136/364 2066/1142/364 2045/1121/24
f 2045/1121/24 2066/1142/364 2047/1123/24
f 2015/1091/365 2061/1137/365 2019/1095/363
f 2019/1095/363 2061/1137/365 2062/1138/363
f 2067/1143/366 2036/1112/367 2063/1139/360
f 2063/1139/360 2036/1112/367 2064/1140/362
f 2062/1138/383 2060/1136/384 2044/1120/383
f 2044/1120/383 2060/1136/384 2045/1121/383
f 2068/1144/368 2061/1137/365 2016/1092/368
f 2016/1092/368 2061/1137/365 2015/1091/365
f 2069/1145/369 2034/1110/369 2067/1143/366
f 2067/1143/366 2034/1110/369 2036/1112/367
f 2063/1139/394 2059/1135/383 2068/1144/384
f 2068/1144/384 2059/1135/383 2061/1137/383
f 2070/1146/395 2063/1139/394 2071/1147/383
f 2071/1147/383 2063/1139/394 2068/1144/384
f 2071/1147/370 2068/1144/368 2018/1094/370
f 2018/1094/370 2068/1144/368 2016/1092/368
f 2072/1148/396 2073/1149/397 2067/1143/396
f 2067/1143/396 2073/1149/397 2069/1145/397
f 2072/1148/396 2067/1143/396 2070/1146/395
f 2070/1146/395 2067/1143/396 2063/1139/394
f 2074/1150/398 2033/1109/399 2056/1132/383
f 2056/1132/383 2033/1109/399 1994/1070/383
f 2035/1111/400 2032/1108/401 2075/1151/400
f 2075/1151/400 2032/1108/401 2076/1152/402
f 2032/1108/401 2033/1109/399 2076/1152/402
f 2076/1152/402 2033/1109/399 2074/1150/398
f 2059/1135/361 2065/1141/361 2060/1136/364
f 2060/1136/364 2065/1141/361 2066/1142/364
f 2070/1146/359 2071/1147/370 1996/1072/359
f 1996/1072/359 2071/1147/370 2018/1094/370
f 2069/1145/24 2073/1149/24 2034/1110/24
f 2034/1110/24 2073/1149/24 2020/1096/24
f 2072/1148/359 2070/1146/359 1995/1071/359
f 1995/1071/359 2070/1146/359 1996/1072/359
f 2073/1149/359 2072/1148/359 2020/1096/359
f 2020/1096/359 2072/1148/359 1995/1071/359
f 1973/1049/347 1974/1050/347 1991/1067/347
f 1991/1067/347 1974/1050/347 1987/1063/347
f 2077/1021/333 2078/1022/334 2079/1023/333
f 2079/1023/333 2078/1022/334 2080/1024/333
f 2081/1025/335 2082/1026/336 2077/1021/337
f 2077/1021/337 2082/1026/336 2083/1027/337
f 2084/1028/338 2080/1024/338 2085/1029/64
f 2085/1029/64 2080/1024/338 2086/1030/64
f 2078/1022/339 2087/1031/339 2088/1032/24
f 2088/1032/24 2087/1031/339 2089/1033/24
f 2090/1034/340 2079/1023/340 2084/1028/338
f 2084/1028/338 2079/1023/340 2080/1024/338
f 2091/1035/341 2092/1036/342 2081/1025/335
f 2081/1025/335 2092/1036/342 2082/1026/336
f 2080/1024/333 2078/1022/334 2086/1030/333
f 2086/1030/333 2078/1022/334 2088/1032/333
f 2093/1037/343 2079/1023/340 2094/1038/343
f 2094/1038/343 2079/1023/340 2090/1034/340
f 2095/1039/344 2096/1040/344 2091/1035/341
f 2091/1035/341 2096/1040/344 2092/1036/342
f 2094/1038/343 2090/1034/340 2097/1041/343
f 2097/1041/343 2090/1034/340 2098/1042/340
f 2099/1043/345 2094/1038/343 2100/1044/345
f 2100/1044/345 2094/1038/343 2097/1041/343
f 2084/1028/338 2085/1029/64 2101/1045/338
f 2101/1045/338 2085/1029/64 2102/1046/64
f 2081/1025/346 2077/1021/333 2093/1037/334
f 2093/1037/334 2077/1021/333 2079/1023/333
f 2103/1047/347 2104/1048/347 2105/1049/347
f 2105/1049/347 2104/1048/347 2106/1050/347
f 2107/1051/348 2081/1025/346 2108/1052/333
f 2108/1052/333 2081/1025/346 2093/1037/334
f 2108/1052/345 2093/1037/343 2099/1043/345
f 2099/1043/345 2093/1037/343 2094/1038/343
f 2109/1053/349 2110/1054/350 2091/1035/349
f 2091/1035/349 2110/1054/350 2095/1039/350
f 2109/1053/349 2091/1035/349 2107/1051/348
f 2107/1051/348 2091/1035/349 2081/1025/346
f 2111/1055/351 2112/1056/352 2113/1057/333
f 2113/1057/333 2112/1056/352 2114/1058/333
f 2115/1059/353 2116/1060/354 2117/1061/353
f 2117/1061/353 2116/1060/354 2118/1062/355
f 2116/1060/354 2112/1056/352 2118/1062/355
f 2118/1062/355 2112/1056/352 2111/1055/351
f 2077/1021/337 2083/1027/337 2078/1022/339
f 2078/1022/339 2083/1027/337 2087/1031/339
f 2090/1034/340 2084/1028/338 2098/1042/340
f 2098/1042/340 2084/1028/338 2101/1045/338
f 2107/1051/347 2108/1052/345 2119/1063/347
f 2119/1063/347 2108/1052/345 2099/1043/345
f 2095/1039/24 2110/1054/24 2096/1040/24
f 2096/1040/24 2110/1054/24 2104/1048/24
f 2109/1053/347 2107/1051/347 2106/1050/347
f 2106/1050/347 2107/1051/347 2119/1063/347
f 2110/1054/347 2109/1053/347 2104/1048/347
f 2104/1048/347 2109/1053/347 2106/1050/347
f 2120/1064/356 2121/1065/357 2116/1060/356
f 2116/1060/356 2121/1065/357 2112/1056/357
f 2122/1066/24 2096/1040/24 2103/1047/24
f 2103/1047/24 2096/1040/24 2104/1048/24
f 2123/1067/347 2119/1063/347 2100/1044/345
f 2100/1044/345 2119/1063/347 2099/1043/345
f 2124/1068/358 2120/1064/356 2115/1059/358
f 2115/1059/358 2120/1064/356 2116/1060/356
f 2122/1066/344 2125/1069/342 2096/1040/344
f 2096/1040/344 2125/1069/342 2092/1036/342
f 2121/1065/357 2126/1070/24 2112/1056/357
f 2112/1056/357 2126/1070/24 2114/1058/24
f 2127/1071/359 2128/1072/359 2129/1073/359
f 2129/1073/359 2128/1072/359 2130/1074/359
f 2131/1075/333 2132/1076/334 2133/1077/333
f 2133/1077/333 2132/1076/334 2134/1078/333
f 2135/1079/360 2134/1078/361 2136/1080/362
f 2136/1080/362 2134/1078/361 2137/1081/361
f 2138/1082/363 2085/1029/64 2131/1075/363
f 2131/1075/363 2085/1029/64 2086/1030/64
f 2132/1076/364 2088/1032/24 2139/1083/364
f 2139/1083/364 2088/1032/24 2089/1033/24
f 2140/1084/365 2138/1082/363 2133/1077/365
f 2133/1077/365 2138/1082/363 2131/1075/363
f 2141/1085/366 2135/1079/360 2142/1086/367
f 2142/1086/367 2135/1079/360 2136/1080/362
f 2131/1075/333 2086/1030/333 2132/1076/334
f 2132/1076/334 2086/1030/333 2088/1032/333
f 2140/1084/365 2133/1077/365 2143/1087/368
f 2143/1087/368 2133/1077/365 2144/1088/368
f 2145/1089/369 2141/1085/366 2146/1090/369
f 2146/1090/369 2141/1085/366 2142/1086/367
f 2140/1084/365 2143/1087/368 2147/1091/365
f 2147/1091/365 2143/1087/368 2148/1092/368
f 2143/1087/368 2149/1093/370 2148/1092/368
f 2148/1092/368 2149/1093/370 2150/1094/370
f 2085/1029/64 2138/1082/363 2102/1046/64
f 2102/1046/64 2138/1082/363 2151/1095/363
f 2133/1077/333 2134/1078/333 2144/1088/333
f 2144/1088/333 2134/1078/333 2135/1079/371
f 2152/1096/359 2127/1071/359 2153/1097/359
f 2153/1097/359 2127/1071/359 2129/1073/359
f 2144/1088/333 2135/1079/371 2154/1098/333
f 2154/1098/333 2135/1079/371 2155/1099/372
f 2143/1087/368 2144/1088/368 2149/1093/370
f 2149/1093/370 2144/1088/368 2154/1098/370
f 2156/1100/373 2141/1085/373 2157/1101/374
f 2157/1101/374 2141/1085/373 2145/1089/374
f 2135/1079/371 2141/1085/373 2155/1099/372
f 2155/1099/372 2141/1085/373 2156/1100/373
f 2158/1102/375 2113/1057/333 2159/1103/376
f 2159/1103/376 2113/1057/333 2114/1058/333
f 2160/1104/377 2161/1105/378 2162/1106/379
f 2162/1106/379 2161/1105/378 2163/1107/379
f 2158/1102/375 2159/1103/376 2160/1104/377
f 2160/1104/377 2159/1103/376 2161/1105/378
f 2134/1078/361 2132/1076/364 2137/1081/361
f 2137/1081/361 2132/1076/364 2139/1083/364
f 2138/1082/363 2140/1084/365 2151/1095/363
f 2151/1095/363 2140/1084/365 2147/1091/365
f 2155/1099/359 2130/1074/359 2154/1098/370
f 2154/1098/370 2130/1074/359 2149/1093/370
f 2145/1089/24 2146/1090/24 2157/1101/24
f 2157/1101/24 2146/1090/24 2153/1097/24
f 2156/1100/359 2129/1073/359 2155/1099/359
f 2155/1099/359 2129/1073/359 2130/1074/359
f 2157/1101/359 2153/1097/359 2156/1100/359
f 2156/1100/359 2153/1097/359 2129/1073/359
f 2164/1108/380 2161/1105/380 2165/1109/381
f 2165/1109/381 2161/1105/380 2159/1103/381
f 2166/1110/24 2152/1096/24 2146/1090/24
f 2146/1090/24 2152/1096/24 2153/1097/24
f 2128/1072/359 2150/1094/370 2130/1074/359
f 2130/1074/359 2150/1094/370 2149/1093/370
f 2167/1111/382 2163/1107/382 2164/1108/380
f 2164/1108/380 2163/1107/382 2161/1105/380
f 2166/1110/369 2146/1090/369 2168/1112/367
f 2168/1112/367 2146/1090/369 2142/1086/367
f 2165/1109/381 2159/1103/381 2126/1070/24
f 2126/1070/24 2159/1103/381 2114/1058/24
f 2169/1113/383 2170/1114/384 2171/1115/383
f 2171/1115/383 2170/1114/384 2172/1116/383
f 2173/1117/335 2172/1116/337 2174/1118/336
f 2174/1118/336 2172/1116/337 2175/1119/337
f 2101/1045/338 2102/1046/64 2169/1113/338
f 2169/1113/338 2102/1046/64 2176/1120/64
f 2170/1114/339 2177/1121/24 2178/1122/339
f 2178/1122/339 2177/1121/24 2179/1123/24
f 2098/1042/340 2101/1045/338 2171/1115/340
f 2171/1115/340 2101/1045/338 2169/1113/338
f 2180/1124/341 2173/1117/335 2125/1069/342
f 2125/1069/342 2173/1117/335 2174/1118/336
f 2169/1113/383 2176/1120/383 2170/1114/384
f 2170/1114/384 2176/1120/383 2177/1121/383
f 2098/1042/340 2171/1115/340 2097/1041/343
f 2097/1041/343 2171/1115/340 2181/1125/343
f 2182/1126/344 2180/1124/341 2122/1066/344
f 2122/1066/344 2180/1124/341 2125/1069/342
f 2171/1115/383 2172/1116/383 2181/1125/383
f 2181/1125/383 2172/1116/383 2173/1117/385
f 2181/1125/383 2173/1117/385 2183/1127/383
f 2183/1127/383 2173/1117/385 2184/1128/386
f 2097/1041/343 2181/1125/343 2100/1044/345
f 2100/1044/345 2181/1125/343 2183/1127/345
f 2185/1129/387 2180/1124/387 2186/1130/388
f 2186/1130/388 2180/1124/387 2182/1126/388
f 2173/1117/385 2180/1124/387 2184/1128/386
f 2184/1128/386 2180/1124/387 2185/1129/387
f 2187/1131/389 2188/1132/383 2121/1065/390
f 2121/1065/390 2188/1132/383 2126/1070/383
f 2189/1133/391 2120/1064/392 2190/1134/393
f 2190/1134/393 2120/1064/392 2124/1068/393
f 2187/1131/389 2121/1065/390 2189/1133/391
f 2189/1133/391 2121/1065/390 2120/1064/392
f 2172/1116/337 2170/1114/339 2175/1119/337
f 2175/1119/337 2170/1114/339 2178/1122/339
f 2184/1128/347 2123/1067/347 2183/1127/345
f 2183/1127/345 2123/1067/347 2100/1044/345
f 2182/1126/24 2122/1066/24 2186/1130/24
f 2186/1130/24 2122/1066/24 2103/1047/24
f 2185/1129/347 2105/1049/347 2184/1128/347
f 2184/1128/347 2105/1049/347 2123/1067/347
f 2186/1130/347 2103/1047/347 2185/1129/347
f 2185/1129/347 2103/1047/347 2105/1049/347
f 2191/1135/383 2192/1136/384 2193/1137/383
f 2193/1137/383 2192/1136/384 2194/1138/383
f 2195/1139/360 2196/1140/362 2191/1135/361
f 2191/1135/361 2196/1140/362 2197/1141/361
f 2151/1095/363 2194/1138/363 2102/1046/64
f 2102/1046/64 2194/1138/363 2176/1120/64
f 2192/1136/364 2198/1142/364 2177/1121/24
f 2177/1121/24 2198/1142/364 2179/1123/24
f 2147/1091/365 2193/1137/365 2151/1095/363
f 2151/1095/363 2193/1137/365 2194/1138/363
f 2199/1143/366 2168/1112/367 2195/1139/360
f 2195/1139/360 2168/1112/367 2196/1140/362
f 2194/1138/383 2192/1136/384 2176/1120/383
f 2176/1120/383 2192/1136/384 2177/1121/383
f 2200/1144/368 2193/1137/365 2148/1092/368
f 2148/1092/368 2193/1137/365 2147/1091/365
f 2201/1145/369 2166/1110/369 2199/1143/366
f 2199/1143/366 2166/1110/369 2168/1112/367
f 2195/1139/394 2191/1135/383 2200/1144/384
f 2200/1144/384 2191/1135/383 2193/1137/383
f 2202/1146/395 2195/1139/394 2203/1147/383
f 2203/1147/383 2195/1139/394 2200/1144/384
f 2203/1147/370 2200/1144/368 2150/1094/370
f 2150/1094/370 2200/1144/368 2148/1092/368
f 2204/1148/396 2205/1149/397 2199/1143/396
f 2199/1143/396 2205/1149/397 2201/1145/397
f 2204/1148/396 2199/1143/396 2202/1146/395
f 2202/1146/395 2199/1143/396 2195/1139/394
f 2206/1150/398 2165/1109/399 2188/1132/383
f 2188/1132/383 2165/1109/399 2126/1070/383
f 2167/1111/400 2164/1108/401 2207/1151/400
f 2207/1151/400 2164/1108/401 2208/1152/402
f 2164/1108/401 2165/1109/399 2208/1152/402
f 2208/1152/402 2165/1109/399 2206/1150/398
f 2191/1135/361 2197/1141/361 2192/1136/364
f 2192/1136/364 2197/1141/361 2198/1142/364
f 2202/1146/359 2203/1147/370 2128/1072/359
f 2128/1072/359 2203/1147/370 2150/1094/370
f 2201/1145/24 2205/1149/24 2166/1110/24
f 2166/1110/24 2205/1149/24 2152/1096/24
f 2204/1148/359 2202/1146/359 2127/1071/359
f 2127/1071/359 2202/1146/359 2128/1072/359
f 2205/1149/359 2204/1148/359 2152/1096/359
f 2152/1096/359 2204/1148/359 2127/1071/359
f 2105/1049/347 2106/1050/347 2123/1067/347
f 2123/1067/347 2106/1050/347 2119/1063/347
f 2209/1021/333 2210/1022/334 2211/1023/333
f 2211/1023/333 2210/1022/334 2212/1024/333
f 2213/1025/335 2214/1026/336 2209/1021/337
f 2209/1021/337 2214/1026/336 2215/1027/337
f 2216/1028/338 2212/1024/338 2217/1029/64
f 2217/1029/64 2212/1024/338 2218/1030/64
f 2210/1022/339 2219/1031/339 2220/1032/24
f 2220/1032/24 2219/1031/339 2221/1033/24
f 2222/1034/340 2211/1023/340 2216/1028/338
f 2216/1028/338 2211/1023/340 2212/1024/338
f 2223/1035/341 2224/1036/342 2213/1025/335
f 2213/1025/335 2224/1036/342 2214/1026/336
f 2212/1024/333 2210/1022/334 2218/1030/333
f 2218/1030/333 2210/1022/334 2220/1032/333
f 2225/1037/343 2211/1023/340 2226/1038/343
f 2226/1038/343 2211/1023/340 2222/1034/340
f 2227/1039/344 2228/1040/344 2223/1035/341
f 2223/1035/341 2228/1040/344 2224/1036/342
f 2226/1038/343 2222/1034/340 2229/1041/343
f 2229/1041/343 2222/1034/340 2230/1042/340
f 2231/1043/345 2226/1038/343 2232/1044/345
f 2232/1044/345 2226/1038/343 2229/1041/343
f 2216/1028/338 2217/1029/64 2233/1045/338
f 2233/1045/338 2217/1029/64 2234/1046/64
f 2213/1025/346 2209/1021/333 2225/1037/334
f 2225/1037/334 2209/1021/333 2211/1023/333
f 2235/1047/347 2236/1048/347 2237/1049/347
f 2237/1049/347 2236/1048/347 2238/1050/347
f 2239/1051/348 2213/1025/346 2240/1052/333
f 2240/1052/333 2213/1025/346 2225/1037/334
f 2240/1052/345 2225/1037/343 2231/1043/345
f 2231/1043/345 2225/1037/343 2226/1038/343
f 2241/1053/349 2242/1054/350 2223/1035/349
f 2223/1035/349 2242/1054/350 2227/1039/350
f 2241/1053/349 2223/1035/349 2239/1051/348
f 2239/1051/348 2223/1035/349 2213/1025/346
f 2243/1055/351 2244/1056/352 2245/1057/333
f 2245/1057/333 2244/1056/352 2246/1058/333
f 2247/1059/353 2248/1060/354 2249/1061/353
f 2249/1061/353 2248/1060/354 2250/1062/355
f 2248/1060/354 2244/1056/352 2250/1062/355
f 2250/1062/355 2244/1056/352 2243/1055/351
f 2209/1021/337 2215/1027/337 2210/1022/339
f 2210/1022/339 2215/1027/337 2219/1031/339
f 2222/1034/340 2216/1028/338 2230/1042/340
f 2230/1042/340 2216/1028/338 2233/1045/338
f 2239/1051/347 2240/1052/345 2251/1063/347
f 2251/1063/347 2240/1052/345 2231/1043/345
f 2227/1039/24 2242/1054/24 2228/1040/24
f 2228/1040/24 2242/1054/24 2236/1048/24
f 2241/1053/347 2239/1051/347 2238/1050/347
f 2238/1050/347 2239/1051/347 2251/1063/347
f 2242/1054/347 2241/1053/347 2236/1048/347
f 2236/1048/347 2241/1053/347 2238/1050/347
f 2252/1064/356 2253/1065/357 2248/1060/356
f 2248/1060/356 2253/1065/357 2244/1056/357
f 2254/1066/24 2228/1040/24 2235/1047/24
f 2235/1047/24 2228/1040/24 2236/1048/24
f 2255/1067/347 2251/1063/347 2232/1044/345
f 2232/1044/345 2251/1063/347 2231/1043/345
f 2256/1068/358 2252/1064/356 2247/1059/358
f 2247/1059/358 2252/1064/356 2248/1060/356
f 2254/1066/344 2257/1069/342 2228/1040/344
f 2228/1040/344 2257/1069/342 2224/1036/342
f 2253/1065/357 2258/1070/24 2244/1056/357
f 2244/1056/357 2258/1070/24 2246/1058/24
f 2259/1071/359 2260/1072/359 2261/1073/359
f 2261/1073/359 2260/1072/359 2262/1074/359
f 2263/1075/333 2264/1076/334 2265/1077/333
f 2265/1077/333 2264/1076/334 2266/1078/333
f 2267/1079/360 2266/1078/361 2268/1080/362
f 2268/1080/362 2266/1078/361 2269/1081/361
f 2270/1082/363 2217/1029/64 2263/1075/363
f 2263/1075/363 2217/1029/64 2218/1030/64
f 2264/1076/364 2220/1032/24 2271/1083/364
f 2271/1083/364 2220/1032/24 2221/1033/24
f 2272/1084/365 2270/1082/363 2265/1077/365
f 2265/1077/365 2270/1082/363 2263/1075/363
f 2273/1085/366 2267/1079/360 2274/1086/367
f 2274/1086/367 2267/1079/360 2268/1080/362
f 2263/1075/333 2218/1030/333 2264/1076/334
f 2264/1076/334 2218/1030/333 2220/1032/333
f 2272/1084/365 2265/1077/365 2275/1087/368
f 2275/1087/368 2265/1077/365 2276/1088/368
f 2277/1089/369 2273/1085/366 2278/1090/369
f 2278/1090/369 2273/1085/366 2274/1086/367
f 2272/1084/365 2275/1087/368 2279/1091/365
f 2279/1091/365 2275/1087/368 2280/1092/368
f 2275/1087/368 2281/1093/370 2280/1092/368
f 2280/1092/368 2281/1093/370 2282/1094/370
f 2217/1029/64 2270/1082/363 2234/1046/64
f 2234/1046/64 2270/1082/363 2283/1095/363
f 2265/1077/333 2266/1078/333 2276/1088/333
f 2276/1088/333 2266/1078/333 2267/1079/371
f 2284/1096/359 2259/1071/359 2285/1097/359
f 2285/1097/359 2259/1071/359 2261/1073/359
f 2276/1088/333 2267/1079/371 2286/1098/333
f 2286/1098/333 2267/1079/371 2287/1099/372
f 2275/1087/368 2276/1088/368 2281/1093/370
f 2281/1093/370 2276/1088/368 2286/1098/370
f 2288/1100/373 2273/1085/373 2289/1101/374
f 2289/1101/374 2273/1085/373 2277/1089/374
f 2267/1079/371 2273/1085/373 2287/1099/372
f 2287/1099/372 2273/1085/373 2288/1100/373
f 2290/1102/375 2245/1057/333 2291/1103/376
f 2291/1103/376 2245/1057/333 2246/1058/333
f 2292/1104/377 2293/1105/378 2294/1106/379
f 2294/1106/379 2293/1105/378 2295/1107/379
f 2290/1102/375 2291/1103/376 2292/1104/377
f 2292/1104/377 2291/1103/376 2293/1105/378
f 2266/1078/361 2264/1076/364 2269/1081/361
f 2269/1081/361 2264/1076/364 2271/1083/364
f 2270/1082/363 2272/1084/365 2283/1095/363
f 2283/1095/363 2272/1084/365 2279/1091/365
f 2287/1099/359 2262/1074/359 2286/1098/370
f 2286/1098/370 2262/1074/359 2281/1093/370
f 2277/1089/24 2278/1090/24 2289/1101/24
f 2289/1101/24 2278/1090/24 2285/1097/24
f 2288/1100/359 2261/1073/359 2287/1099/359
f 2287/1099/359 2261/1073/359 2262/1074/359
f 2289/1101/359 2285/1097/359 2288/1100/359
f 2288/1100/359 2285/1097/359 2261/1073/359
f 2296/1108/380 2293/1105/380 2297/1109/381
f 2297/1109/381 2293/1105/380 2291/1103/381
f 2298/1110/24 2284/1096/24 2278/1090/24
f 2278/1090/24 2284/1096/24 2285/1097/24
f 2260/1072/359 2282/1094/370 2262/1074/359
f 2262/1074/359 2282/1094/370 2281/1093/370
f 2299/1111/382 2295/1107/382 2296/1108/380
f 2296/1108/380 2295/1107/382 2293/1105/380
f 2298/1110/369 2278/1090/369 2300/1112/367
f 2300/1112/367 2278/1090/369 2274/1086/367
f 2297/1109/381 2291/1103/381 2258/1070/24
f 2258/1070/24 2291/1103/381 2246/1058/24
f 2301/1113/383 2302/1114/384 2303/1115/383
f 2303/1115/383 2302/1114/384 2304/1116/383
f 2305/1117/335 2304/1116/337 2306/1118/336
f 2306/1118/336 2304/1116/337 2307/1119/337
f 2233/1045/338 2234/1046/64 2301/1113/338
f 2301/1113/338 2234/1046/64 2308/1120/64
f 2302/1114/339 2309/1121/24 2310/1122/339
f 2310/1122/339 2309/1121/24 2311/1123/24
f 2230/1042/340 2233/1045/338 2303/1115/340
f 2303/1115/340 2233/1045/338 2301/1113/338
f 2312/1124/341 2305/1117/335 2257/1069/342
f 2257/1069/342 2305/1117/335 2306/1118/336
f 2301/1113/383 2308/1120/383 2302/1114/384
f 2302/1114/384 2308/1120/383 2309/1121/383
f 2230/1042/340 2303/1115/340 2229/1041/343
f 2229/1041/343 2303/1115/340 2313/1125/343
f 2314/1126/344 2312/1124/341 2254/1066/344
f 2254/1066/344 2312/1124/341 2257/1069/342
f 2303/1115/383 2304/1116/383 2313/1125/383
f 2313/1125/383 2304/1116/383 2305/1117/385
f 2313/1125/383 2305/1117/385 2315/1127/383
f 2315/1127/383 2305/1117/385 2316/1128/386
f 2229/1041/343 2313/1125/343 2232/1044/345
f 2232/1044/345 2313/1125/343 2315/1127/345
f 2317/1129/387 2312/1124/387 2318/1130/388
f 2318/1130/388 2312/1124/387 2314/1126/388
f 2305/1117/385 2312/1124/387 2316/1128/386
f 2316/1128/386 2312/1124/387 2317/1129/387
f 2319/1131/389 2320/1132/383 2253/1065/390
f 2253/1065/390 2320/1132/383 2258/1070/383
f 2321/1133/391 2252/1064/392 2322/1134/393
f 2322/1134/393 2252/1064/392 2256/1068/393
f 2319/1131/389 2253/1065/390 2321/1133/391
f 2321/1133/391 2253/1065/390 2252/1064/392
f 2304/1116/337 2302/1114/339 2307/1119/337
f 2307/1119/337 2302/1114/339 2310/1122/339
f 2316/1128/347 2255/1067/347 2315/1127/345
f 2315/1127/345 2255/1067/347 2232/1044/345
f 2314/1126/24 2254/1066/24 2318/1130/24
f 2318/1130/24 2254/1066/24 2235/1047/24
f 2317/1129/347 2237/1049/347 2316/1128/347
f 2316/1128/347 2237/1049/347 2255/1067/347
f 2318/1130/347 2235/1047/347 2317/1129/347
f 2317/1129/347 2235/1047/347 2237/1049/347
f 2323/1135/383 2324/1136/384 2325/1137/383
f 2325/1137/383 2324/1136/384 2326/1138/383
f 2327/1139/360 2328/1140/362 2323/1135/361
f 2323/1135/361 2328/1140/362 2329/1141/361
f 2283/1095/363 2326/1138/363 2234/1046/64
f 2234/1046/64 2326/1138/363 2308/1120/64
f 2324/1136/364 2330/1142/364 2309/1121/24
f 2309/1121/24 2330/1142/364 2311/1123/24
f 2279/1091/365 2325/1137/365 2283/1095/363
f 2283/1095/363 2325/1137/365 2326/1138/363
f 2331/1143/366 2300/1112/367 2327/1139/360
f 2327/1139/360 2300/1112/367 2328/1140/362
f 2326/1138/383 2324/1136/384 2308/1120/383
f 2308/1120/383 2324/1136/384 2309/1121/383
f 2332/1144/368 2325/1137/365 2280/1092/368
f 2280/1092/368 2325/1137/365 2279/1091/365
f 2333/1145/369 2298/1110/369 2331/1143/366
f 2331/1143/366 2298/1110/369 2300/1112/367
f 2327/1139/394 2323/1135/383 2332/1144/384
f 2332/1144/384 2323/1135/383 2325/1137/383
f 2334/1146/395 2327/1139/394 2335/1147/383
f 2335/1147/383 2327/1139/394 2332/1144/384
f 2335/1147/370 2332/1144/368 2282/1094/370
f 2282/1094/370 2332/1144/368 2280/1092/368
f 2336/1148/396 2337/1149/397 2331/1143/396
f 2331/1143/396 2337/1149/397 2333/1145/397
f 2336/1148/396 2331/1143/396 2334/1146/395
f 2334/1146/395 2331/1143/396 2327/1139/394
f 2338/1150/398 2297/1109/399 2320/1132/383
f 2320/1132/383 2297/1109/399 2258/1070/383
f 2299/1111/400 2296/1108/401 2339/1151/400
f 2339/1151/400 2296/1108/401 2340/1152/402
f 2296/1108/401 2297/1109/399 2340/1152/402
f 2340/1152/402 2297/1109/399 2338/1150/398
f 2323/1135/361 2329/1141/361 2324/1136/364
f 2324/1136/364 2329/1141/361 2330/1142/364
f 2334/1146/359 2335/1147/370 2260/1072/359
f 2260/1072/359 2335/1147/370 2282/1094/370
f 2333/1145/24 2337/1149/24 2298/1110/24
f 2298/1110/24 2337/1149/24 2284/1096/24
f 2336/1148/359 2334/1146/359 2259/1071/359
f 2259/1071/359 2334/1146/359 2260/1072/359
f 2337/1149/359 2336/1148/359 2284/1096/359
f 2284/1096/359 2336/1148/359 2259/1071/359
f 2237/1049/347 2238/1050/347 2255/1067/347
f 2255/1067/347 2238/1050/347 2251/1063/347
f 2341/1021/333 2342/1022/334 2343/1023/333
f 2343/1023/333 2342/1022/334 2344/1024/333
f 2345/1025/335 2346/1026/336 2341/1021/337
f 2341/1021/337 2346/1026/336 2347/1027/337
f 2348/1028/338 2344/1024/338 2349/1029/64
f 2349/1029/64 2344/1024/338 2350/1030/64
f 2342/1022/339 2351/1031/339 2352/1032/24
f 2352/1032/24 2351/1031/339 2353/1033/24
f 2354/1034/340 2343/1023/340 2348/1028/338
f 2348/1028/338 2343/1023/340 2344/1024/338
f 2355/1035/341 2356/1036/342 2345/1025/335
f 2345/1025/335 2356/1036/342 2346/1026/336
f 2344/1024/333 2342/1022/334 2350/1030/333
f 2350/1030/333 2342/1022/334 2352/1032/333
f 2357/1037/343 2343/1023/340 2358/1038/343
f 2358/1038/343 2343/1023/340 2354/1034/340
f 2359/1039/344 2360/1040/344 2355/1035/341
f 2355/1035/341 2360/1040/344 2356/1036/342
f 2358/1038/343 2354/1034/340 2361/1041/343
f 2361/1041/343 2354/1034/340 2362/1042/340
f 2363/1043/345 2358/1038/343 2364/1044/345
f 2364/1044/345 2358/1038/343 2361/1041/343
f 2348/1028/338 2349/1029/64 2365/1045/338
f 2365/1045/338 2349/1029/64 2366/1046/64
f 2345/1025/346 2341/1021/333 2357/1037/334
f 2357/1037/334 2341/1021/333 2343/1023/333
f 2367/1047/347 2368/1048/347 2369/1049/347
f 2369/1049/347 2368/1048/347 2370/1050/347
f 2371/1051/348 2345/1025/346 2372/1052/333
f 2372/1052/333 2345/1025/346 2357/1037/334
f 2372/1052/345 2357/1037/343 2363/1043/345
f 2363/1043/345 2357/1037/343 2358/1038/343
f 2373/1053/349 2374/1054/350 2355/1035/349
f 2355/1035/349 2374/1054/350 2359/1039/350
f 2373/1053/349 2355/1035/349 2371/1051/348
f 2371/1051/348 2355/1035/349 2345/1025/346
f 2375/1055/351 2376/1056/352 2377/1057/333
f 2377/1057/333 2376/1056/352 2378/1058/333
f 2379/1059/353 2380/1060/354 2381/1061/353
f 2381/1061/353 2380/1060/354 2382/1062/355
f 2380/1060/354 2376/1056/352 2382/1062/355
f 2382/1062/355 2376/1056/352 2375/1055/351
f 2341/1021/337 2347/1027/337 2342/1022/339
f 2342/1022/339 2347/1027/337 2351/1031/339
f 2354/1034/340 2348/1028/338 2362/1042/340
f 2362/1042/340 2348/1028/338 2365/1045/338
f 2371/1051/347 2372/1052/345 2383/1063/347
f 2383/1063/347 2372/1052/345 2363/1043/345
f 2359/1039/24 2374/1054/24 2360/1040/24
f 2360/1040/24 2374/1054/24 2368/1048/24
f 2373/1053/347 2371/1051/347 2370/1050/347
f 2370/1050/347 2371/1051/347 2383/1063/347
f 2374/1054/347 2373/1053/347 2368/1048/347
f 2368/1048/347 2373/1053/347 2370/1050/347
f 2384/1064/356 2385/1065/357 2380/1060/356
f 2380/1060/356 2385/1065/357 2376/1056/357
f 2386/1066/24 2360/1040/24 2367/1047/24
f 2367/1047/24 2360/1040/24 2368/1048/24
f 2387/1067/347 2383/1063/347 2364/1044/345
f 2364/1044/345 2383/1063/347 2363/1043/345
f 2388/1068/358 2384/1064/356 2379/1059/358
f 2379/1059/358 2384/1064/356 2380/1060/356
f 2386/1066/344 2389/1069/342 2360/1040/344
f 2360/1040/344 2389/1069/342 2356/1036/342
f 2385/1065/357 2390/1070/24 2376/1056/357
f 2376/1056/357 2390/1070/24 2378/1058/24
f 2391/1071/359 2392/1072/359 2393/1073/359
f 2393/1073/359 2392/1072/359 2394/1074/359
f 2395/1075/333 2396/1076/334 2397/1077/333
f 2397/1077/333 2396/1076/334 2398/1078/333
f 2399/1079/360 2398/1078/361 2400/1080/362
f 2400/1080/362 2398/1078/361 2401/1081/361
f 2402/1082/363 2349/1029/64 2395/1075/363
f 2395/1075/363 2349/1029/64 2350/1030/64
f 2396/1076/364 2352/1032/24 2403/1083/364
f 2403/1083/364 2352/1032/24 2353/1033/24
f 2404/1084/365 2402/1082/363 2397/1077/365
f 2397/1077/365 2402/1082/363 2395/1075/363
f 2405/1085/366 2399/1079/360 2406/1086/367
f 2406/1086/367 2399/1079/360 2400/1080/362
f 2395/1075/333 2350/1030/333 2396/1076/334
f 2396/1076/334 2350/1030/333 2352/1032/333
f 2404/1084/365 2397/1077/365 2407/1087/368
f 2407/1087/368 2397/1077/365 2408/1088/368
f 2409/1089/369 2405/1085/366 2410/1090/369
f 2410/1090/369 2405/1085/366 2406/1086/367
f 2404/1084/365 2407/1087/368 2411/1091/365
f 2411/1091/365 2407/1087/368 2412/1092/368
f 2407/1087/368 2413/1093/370 2412/1092/368
f 2412/1092/368 2413/1093/370 2414/1094/370
f 2349/1029/64 2402/1082/363 2366/1046/64
f 2366/1046/64 2402/1082/363 2415/1095/363
f 2397/1077/333 2398/1078/333 2408/1088/333
f 2408/1088/333 2398/1078/333 2399/1079/371
f 2416/1096/359 2391/1071/359 2417/1097/359
f 2417/1097/359 2391/1071/359 2393/1073/359
f 2408/1088/333 2399/1079/371 2418/1098/333
f 2418/1098/333 2399/1079/371 2419/1099/372
f 2407/1087/368 2408/1088/368 2413/1093/370
f 2413/1093/370 2408/1088/368 2418/1098/370
f 2420/1100/373 2405/1085/373 2421/1101/374
f 2421/1101/374 2405/1085/373 2409/1089/374
f 2399/1079/371 2405/1085/373 2419/1099/372
f 2419/1099/372 2405/1085/373 2420/1100/373
f 2422/1102/375 2377/1057/333 2423/1103/376
f 2423/1103/376 2377/1057/333 2378/1058/333
f 2424/1104/377 2425/1105/378 2426/1106/379
f 2426/1106/379 2425/1105/378 2427/1107/379
f 2422/1102/375 2423/1103/376 2424/1104/377
f 2424/1104/377 2423/1103/376 2425/1105/378
f 2398/1078/361 2396/1076/364 2401/1081/361
f 2401/1081/361 2396/1076/364 2403/1083/364
f 2402/1082/363 2404/1084/365 2415/1095/363
f 2415/1095/363 2404/1084/365 2411/1091/365
f 2419/1099/359 2394/1074/359 2418/1098/370
f 2418/1098/370 2394/1074/359 2413/1093/370
f 2409/1089/24 2410/1090/24 2421/1101/24
f 2421/1101/24 2410/1090/24 2417/1097/24
f 2420/1100/359 2393/1073/359 2419/1099/359
f 2419/1099/359 2393/1073/359 2394/1074/359
f 2421/1101/359 2417/1097/359 2420/1100/359
f 2420/1100/359 2417/1097/359 2393/1073/359
f 2428/1108/380 2425/1105/380 2429/1109/381
f 2429/1109/381 2425/1105/380 2423/1103/381
f 2430/1110/24 2416/1096/24 2410/1090/24
f 2410/1090/24 2416/1096/24 2417/1097/24
f 2392/1072/359 2414/1094/370 2394/1074/359
f 2394/1074/359 2414/1094/370 2413/1093/370
f 2431/1111/382 2427/1107/382 2428/1108/380
f 2428/1108/380 2427/1107/382 2425/1105/380
f 2430/1110/369 2410/1090/369 2432/1112/367
f 2432/1112/367 2410/1090/369 2406/1086/367
f 2429/1109/381 2423/1103/381 2390/1070/24
f 2390/1070/24 2423/1103/381 2378/1058/24
f 2433/1113/383 2434/1114/384 2435/1115/383
f 2435/1115/383 2434/1114/384 2436/1116/383
f 2437/1117/335 2436/1116/337 2438/1118/336
f 2438/1118/336 2436/1116/337 2439/1119/337
f 2365/1045/338 2366/1046/64 2433/1113/338
f 2433/1113/338 2366/1046/64 2440/1120/64
f 2434/1114/339 2441/1121/24 2442/1122/339
f 2442/1122/339 2441/1121/24 2443/1123/24
f 2362/1042/340 2365/1045/338 2435/1115/340
f 2435/1115/340 2365/1045/338 2433/1113/338
f 2444/1124/341 2437/1117/335 2389/1069/342
f 2389/1069/342 2437/1117/335 2438/1118/336
f 2433/1113/383 2440/1120/383 2434/1114/384
f 2434/1114/384 2440/1120/383 2441/1121/383
f 2362/1042/340 2435/1115/340 2361/1041/343
f 2361/1041/343 2435/1115/340 2445/1125/343
f 2446/1126/344 2444/1124/341 2386/1066/344
f 2386/1066/344 2444/1124/341 2389/1069/342
f 2435/1115/383 2436/1116/383 2445/1125/383
f 2445/1125/383 2436/1116/383 2437/1117/385
f 2445/1125/383 2437/1117/385 2447/1127/383
f 2447/1127/383 2437/1117/385 2448/1128/386
f 2361/1041/343 2445/1125/343 2364/1044/345
f 2364/1044/345 2445/1125/343 2447/1127/345
f 2449/1129/387 2444/1124/387 2450/1130/388
f 2450/1130/388 2444/1124/387 2446/1126/388
f 2437/1117/385 2444/1124/387 2448/1128/386
f 2448/1128/386 2444/1124/387 2449/1129/387
f 2451/1131/389 2452/1132/383 2385/1065/390
f 2385/1065/390 2452/1132/383 2390/1070/383
f 2453/1133/391 2384/1064/392 2454/1134/393
f 2454/1134/393 2384/1064/392 2388/1068/393
f 2451/1131/389 2385/1065/390 2453/1133/391
f 2453/1133/391 2385/1065/390 2384/1064/392
f 2436/1116/337 2434/1114/339 2439/1119/337
f 2439/1119/337 2434/1114/339 2442/1122/339
f 2448/1128/347 2387/1067/347 2447/1127/345
f 2447/1127/345 2387/1067/347 2364/1044/345
f 2446/1126/24 2386/1066/24 2450/1130/24
f 2450/1130/24 2386/1066/24 2367/1047/24
f 2449/1129/347 2369/1049/347 2448/1128/347
f 2448/1128/347 2369/1049/347 2387/1067/347
f 2450/1130/347 2367/1047/347 2449/1129/347
f 2449/1129/347 2367/1047/347 2369/1049/347
f 2455/1135/383 2456/1136/384 2457/1137/383
f 2457/1137/383 2456/1136/384 2458/1138/383
f 2459/1139/360 2460/1140/362 2455/1135/361
f 2455/1135/361 2460/1140/362 2461/1141/361
f 2415/1095/363 2458/1138/363 2366/1046/64
f 2366/1046/64 2458/1138/363 2440/1120/64
f 2456/1136/364 2462/1142/364 2441/1121/24
f 2441/1121/24 2462/1142/364 2443/1123/24
f 2411/1091/365 2457/1137/365 2415/1095/363
f 2415/1095/363 2457/1137/365 2458/1138/363
f 2463/1143/366 2432/1112/367 2459/1139/360
f 2459/1139/360 2432/1112/367 2460/1140/362
f 2458/1138/383 2456/1136/384 2440/1120/383
f 2440/1120/383 2456/1136/384 2441/1121/383
f 2464/1144/368 2457/1137/365 2412/1092/368
f 2412/1092/368 2457/1137/365 2411/1091/365
f 2465/1145/369 2430/1110/369 2463/1143/366
f 2463/1143/366 2430/1110/369 2432/1112/367
f 2459/1139/394 2455/1135/383 2464/1144/384
f 2464/1144/384 2455/1135/383 2457/1137/383
f 2466/1146/395 2459/1139/394 2467/1147/383
f 2467/1147/383 2459/1139/394 2464/1144/384
f 2467/1147/370 2464/1144/368 2414/1094/370
f 2414/1094/370 2464/1144/368 2412/1092/368
f 2468/1148/396 2469/1149/397 2463/1143/396
f 2463/1143/396 2469/1149/397 2465/1145/397
f 2468/1148/396 2463/1143/396 2466/1146/395
f 2466/1146/395 2463/1143/396 2459/1139/394
f 2470/1150/398 2429/1109/399 2452/1132/383
f 2452/1132/383 2429/1109/399 2390/1070/383
f 2431/1111/400 2428/1108/401 2471/1151/400
f 2471/1151/400 2428/1108/401 2472/1152/402
f 2428/1108/401 2429/1109/399 2472/1152/402
f 2472/1152/402 2429/1109/399 2470/1150/398
f 2455/1135/361 2461/1141/361 2456/1136/364
f 2456/1136/364 2461/1141/361 2462/1142/364
f 2466/1146/359 2467/1147/370 2392/1072/359
f 2392/1072/359 2467/1147/370 2414/1094/370
f 2465/1145/24 2469/1149/24 2430/1110/24
f 2430/1110/24 2469/1149/24 2416/1096/24
f 2468/1148/359 2466/1146/359 2391/1071/359
f 2391/1071/359 2466/1146/359 2392/1072/359
f 2469/1149/359 2468/1148/359 2416/1096/359
f 2416/1096/359 2468/1148/359 2391/1071/359
f 2369/1049/347 2370/1050/347 2387/1067/347
f 2387/1067/347 2370/1050/347 2383/1063/347
f 2473/1021/333 2474/1022/334 2475/1023/333
f 2475/1023/333 2474/1022/334 2476/1024/333
f 2477/1025/335 2478/1026/336 2473/1021/337
f 2473/1021/337 2478/1026/336 2479/1027/337
f 2480/1028/338 2476/1024/338 2481/1029/64
f 2481/1029/64 2476/1024/338 2482/1030/64
f 2474/1022/339 2483/1031/339 2484/1032/24
f 2484/1032/24 2483/1031/339 2485/1033/24
f 2486/1034/340 2475/1023/340 2480/1028/338
f 2480/1028/338 2475/1023/340 2476/1024/338
f 2487/1035/341 2488/1036/342 2477/1025/335
f 2477/1025/335 2488/1036/342 2478/1026/336
f 2476/1024/333 2474/1022/334 2482/1030/333
f 2482/1030/333 2474/1022/334 2484/1032/333
f 2489/1037/343 2475/1023/340 2490/1038/343
f 2490/1038/343 2475/1023/340 2486/1034/340
f 2491/1039/344 2492/1040/344 2487/1035/341
f 2487/1035/341 2492/1040/344 2488/1036/342
f 2490/1038/343 2486/1034/340 2493/1041/343
f 2493/1041/343 2486/1034/340 2494/1042/340
f 2495/1043/345 2490/1038/343 2496/1044/345
f 2496/1044/345 2490/1038/343 2493/1041/343
f 2480/1028/338 2481/1029/64 2497/1045/338
f 2497/1045/338 2481/1029/64 2498/1046/64
f 2477/1025/346 2473/1021/333 2489/1037/334
f 2489/1037/334 2473/1021/333 2475/1023/333
f 2499/1047/347 2500/1048/347 2501/1049/347
f 2501/1049/347 2500/1048/347 2502/1050/347
f 2503/1051/348 2477/1025/346 2504/1052/333
f 2504/1052/333 2477/1025/346 2489/1037/334
f 2504/1052/345 2489/1037/343 2495/1043/345
f 2495/1043/345 2489/1037/343 2490/1038/343
f 2505/1053/349 2506/1054/350 2487/1035/349
f 2487/1035/349 2506/1054/350 2491/1039/350
f 2505/1053/349 2487/1035/349 2503/1051/348
f 2503/1051/348 2487/1035/349 2477/1025/346
f 2507/1055/351 2508/1056/352 2509/1057/333
f 2509/1057/333 2508/1056/352 2510/1058/333
f 2511/1059/353 2512/1060/354 2513/1061/353
f 2513/1061/353 2512/1060/354 2514/1062/355
f 2512/1060/354 2508/1056/352 2514/1062/355
f 2514/1062/355 2508/1056/352 2507/1055/351
f 2473/1021/337 2479/1027/337 2474/1022/339
f 2474/1022/339 2479/1027/337 2483/1031/339
f 2486/1034/340 2480/1028/338 2494/1042/340
f 2494/1042/340 2480/1028/338 2497/1045/338
f 2503/1051/347 2504/1052/345 2515/1063/347
f 2515/1063/347 2504/1052/345 2495/1043/345
f 2491/1039/24 2506/1054/24 2492/1040/24
f 2492/1040/24 2506/1054/24 2500/1048/24
f 2505/1053/347 2503/1051/347 2502/1050/347
f 2502/1050/347 2503/1051/347 2515/1063/347
f 2506/1054/347 2505/1053/347 2500/1048/347
f 2500/1048/347 2505/1053/347 2502/1050/347
f 2516/1064/356 2517/1065/357 2512/1060/356
f 2512/1060/356 2517/1065/357 2508/1056/357
f 2518/1066/24 2492/1040/24 2499/1047/24
f 2499/1047/24 2492/1040/24 2500/1048/24
f 2519/1067/347 2515/1063/347 2496/1044/345
f 2496/1044/345 2515/1063/347 2495/1043/345
f 2520/1068/358 2516/1064/356 2511/1059/358
f 2511/1059/358 2516/1064/356 2512/1060/356
f 2518/1066/344 2521/1069/342 2492/1040/344
f 2492/1040/344 2521/1069/342 2488/1036/342
f 2517/1065/357 2522/1070/24 2508/1056/357
f 2508/1056/357 2522/1070/24 2510/1058/24
f 2523/1071/359 2524/1072/359 2525/1073/359
f 2525/1073/359 2524/1072/359 2526/1074/359
f 2527/1075/333 2528/1076/334 2529/1077/333
f 2529/1077/333 2528/1076/334 2530/1078/333
f 2531/1079/360 2530/1078/361 2532/1080/362
f 2532/1080/362 2530/1078/361 2533/1081/361
f 2534/1082/363 2481/1029/64 2527/1075/363
f 2527/1075/363 2481/1029/64 2482/1030/64
f 2528/1076/364 2484/1032/24 2535/1083/364
f 2535/1083/364 2484/1032/24 2485/1033/24
f 2536/1084/365 2534/1082/363 2529/1077/365
f 2529/1077/365 2534/1082/363 2527/1075/363
f 2537/1085/366 2531/1079/360 2538/1086/367
f 2538/1086/367 2531/1079/360 2532/1080/362
f 2527/1075/333 2482/1030/333 2528/1076/334
f 2528/1076/334 2482/1030/333 2484/1032/333
f 2536/1084/365 2529/1077/365 2539/1087/368
f 2539/1087/368 2529/1077/365 2540/1088/368
f 2541/1089/369 2537/1085/366 2542/1090/369
f 2542/1090/369 2537/1085/366 2538/1086/367
f 2536/1084/365 2539/1087/368 2543/1091/365
f 2543/1091/365 2539/1087/368 2544/1092/368
f 2539/1087/368 2545/1093/370 2544/1092/368
f 2544/1092/368 2545/1093/370 2546/1094/370
f 2481/1029/64 2534/1082/363 2498/1046/64
f 2498/1046/64 2534/1082/363 2547/1095/363
f 2529/1077/333 2530/1078/333 2540/1088/333
f 2540/1088/333 2530/1078/333 2531/1079/371
f 2548/1096/359 2523/1071/359 2549/1097/359
f 2549/1097/359 2523/1071/359 2525/1073/359
f 2540/1088/333 2531/1079/371 2550/1098/333
f 2550/1098/333 2531/1079/371 2551/1099/372
f 2539/1087/368 2540/1088/368 2545/1093/370
f 2545/1093/370 2540/1088/368 2550/1098/370
f 2552/1100/373 2537/1085/373 2553/1101/374
f 2553/1101/374 2537/1085/373 2541/1089/374
f 2531/1079/371 2537/1085/373 2551/1099/372
f 2551/1099/372 2537/1085/373 2552/1100/373
f 2554/1102/375 2509/1057/333 2555/1103/376
f 2555/1103/376 2509/1057/333 2510/1058/333
f 2556/1104/377 2557/1105/378 2558/1106/379
f 2558/1106/379 2557/1105/378 2559/1107/379
f 2554/1102/375 2555/1103/376 2556/1104/377
f 2556/1104/377 2555/1103/376 2557/1105/378
f 2530/1078/361 2528/1076/364 2533/1081/361
f 2533/1081/361 2528/1076/364 2535/1083/364
f 2534/1082/363 2536/1084/365 2547/1095/363
f 2547/1095/363 2536/1084/365 2543/1091/365
f 2551/1099/359 2526/1074/359 2550/1098/370
f 2550/1098/370 2526/1074/359 2545/1093/370
f 2541/1089/24 2542/1090/24 2553/1101/24
f 2553/1101/24 2542/1090/24 2549/1097/24
f 2552/1100/359 2525/1073/359 2551/1099/359
f 2551/1099/359 2525/1073/359 2526/1074/359
f 2553/1101/359 2549/1097/359 2552/1100/359
f 2552/1100/359 2549/1097/359 2525/1073/359
f 2560/1108/380 2557/1105/380 2561/1109/381
f 2561/1109/381 2557/1105/380 2555/1103/381
f 2562/1110/24 2548/1096/24 2542/1090/24
f 2542/1090/24 2548/1096/24 2549/1097/24
f 2524/1072/359 2546/1094/370 2526/1074/359
f 2526/1074/359 2546/1094/370 2545/1093/370
f 2563/1111/382 2559/1107/382 2560/1108/380
f 2560/1108/380 2559/1107/382 2557/1105/380
f 2562/1110/369 2542/1090/369 2564/1112/367
f 2564/1112/367 2542/1090/369 2538/1086/367
f 2561/1109/381 2555/1103/381 2522/1070/24
f 2522/1070/24 2555/1103/381 2510/1058/24
f 2565/1113/383 2566/1114/384 2567/1115/383
f 2567/1115/383 2566/1114/384 2568/1116/383
f 2569/1117/335 2568/1116/337 2570/1118/336
f 2570/1118/336 2568/1116/337 2571/1119/337
f 2497/1045/338 2498/1046/64 2565/1113/338
f 2565/1113/338 2498/1046/64 2572/1120/64
f 2566/1114/339 2573/1121/24 2574/1122/339
f 2574/1122/339 2573/1121/24 2575/1123/24
f 2494/1042/340 2497/1045/338 2567/1115/340
f 2567/1115/340 2497/1045/338 2565/1113/338
f 2576/1124/341 2569/1117/335 2521/1069/342
f 2521/1069/342 2569/1117/335 2570/1118/336
f 2565/1113/383 2572/1120/383 2566/1114/384
f 2566/1114/384 2572/1120/383 2573/1121/383
f 2494/1042/340 2567/1115/340 2493/1041/343
f 2493/1041/343 2567/1115/340 2577/1125/343
f 2578/1126/344 2576/1124/341 2518/1066/344
f 2518/1066/344 2576/1124/341 2521/1069/342
f 2567/1115/383 2568/1116/383 2577/1125/383
f 2577/1125/383 2568/1116/383 2569/1117/385
f 2577/1125/383 2569/1117/385 2579/1127/383
f 2579/1127/383 2569/1117/385 2580/1128/386
f 2493/1041/343 2577/1125/343 2496/1044/345
f 2496/1044/345 2577/1125/343 2579/1127/345
f 2581/1129/387 2576/1124/387 2582/1130/388
f 2582/1130/388 2576/1124/387 2578/1126/388
f 2569/1117/385 2576/1124/387 2580/1128/386
f 2580/1128/386 2576/1124/387 2581/1129/387
f 2583/1131/389 2584/1132/383 2517/1065/390
f 2517/1065/390 2584/1132/383 2522/1070/383
f 2585/1133/391 2516/1064/392 2586/1134/393
f 2586/1134/393 2516/1064/392 2520/1068/393
f 2583/1131/389 2517/1065/390 2585/1133/391
f 2585/1133/391 2517/1065/390 2516/1064/392
f 2568/1116/337 2566/1114/339 2571/1119/337
f 2571/1119/337 2566/1114/339 2574/1122/339
f 2580/1128/347 2519/1067/347 2579/1127/345
f 2579/1127/345 2519/1067/347 2496/1044/345
f 2578/1126/24 2518/1066/24 2582/1130/24
f 2582/1130/24 2518/1066/24 2499/1047/24
f 2581/1129/347 2501/1049/347 2580/1128/347
f 2580/1128/347 2501/1049/347 2519/1067/347
f 2582/1130/347 2499/1047/347 2581/1129/347
f 2581/1129/347 2499/1047/347 2501/1049/347
f 2587/1135/383 2588/1136/384 2589/1137/383
f 2589/1137/383 2588/1136/384 2590/1138/383
f 2591/1139/360 2592/1140/362 2587/1135/361
f 2587/1135/361 2592/1140/362 2593/1141/361
f 2547/1095/363 2590/1138/363 2498/1046/64
f 2498/1046/64 2590/1138/363 2572/1120/64
f 2588/1136/364 2594/1142/364 2573/1121/24
f 2573/1121/24 2594/1142/364 2575/1123/24
f 2543/1091/365 2589/1137/365 2547/1095/363
f 2547/1095/363 2589/1137/365 2590/1138/363
f 2595/1143/366 2564/1112/367 2591/1139/360
f 2591/1139/360 2564/1112/367 2592/1140/362
f 2590/1138/383 2588/1136/384 2572/1120/383
f 2572/1120/383 2588/1136/384 2573/1121/383
f 2596/1144/368 2589/1137/365 2544/1092/368
f 2544/1092/368 2589/1137/365 2543/1091/365
f 2597/1145/369 2562/1110/369 2595/1143/366
f 2595/1143/366 2562/1110/369 2564/1112/367
f 2591/1139/394 2587/1135/383 2596/1144/384
f 2596/1144/384 2587/1135/383 2589/1137/383
f 2598/1146/395 2591/1139/394 2599/1147/383
f 2599/1147/383 2591/1139/394 2596/1144/384
f 2599/1147/370 2596/1144/368 2546/1094/370
f 2546/1094/370 2596/1144/368 2544/1092/368
f 2600/1148/396 2601/1149/397 2595/1143/396
f 2595/1143/396 2601/1149/397 2597/1145/397
f 2600/1148/396 2595/1143/396 2598/1146/395
f 2598/1146/395 2595/1143/396 2591/1139/394
f 2602/1150/398 2561/1109/399 2584/1132/383
f 2584/1132/383 2561/1109/399 2522/1070/383
f 2563/1111/400 2560/1108/401 2603/1151/400
f 2603/1151/400 2560/1108/401 2604/1152/402
f 2560/1108/401 2561/1109/399 2604/1152/402
f 2604/1152/402 2561/1109/399 2602/1150/398
f 2587/1135/361 2593/1141/361 2588/1136/364
f 2588/1136/364 2593/1141/361 2594/1142/364
f 2598/1146/359 2599/1147/370 2524/1072/359
f 2524/1072/359 2599/1147/370 2546/1094/370
f 2597/1145/24 2601/1149/24 2562/1110/24
f 2562/1110/24 2601/1149/24 2548/1096/24
f 2600/1148/359 2598/1146/359 2523/1071/359
f 2523/1071/359 2598/1146/359 2524/1072/359
f 2601/1149/359 2600/1148/359 2548/1096/359
f 2548/1096/359 2600/1148/359 2523/1071/359
f 2501/1049/347 2502/1050/347 2519/1067/347
f 2519/1067/347 2502/1050/347 2515/1063/347
f 2605/1153/1 2606/1154/14 2607/1155/1
f 2607/1155/1 2606/1154/14 2608/1156/1
f 2609/1157/2 2610/1158/403 2605/1153/213
f 2605/1153/213 2610/1158/403 2611/1159/213
f 2612/1160/214 2608/1156/214 2613/1161/64
f 2613/1161/64 2608/1156/214 2614/1162/64
f 2606/1154/404 2615/1163/404 2616/1164/24
f 2616/1164/24 2615/1163/404 2617/1165/24
f 2618/1166/405 2607/1155/405 2612/1160/214
f 2612/1160/214 2607/1155/405 2608/1156/214
f 2619/1167/216 2620/1168/217 2609/1157/2
f 2609/1157/2 2620/1168/217 2610/1158/403
f 2608/1156/1 2606/1154/14 2614/1162/1
f 2614/1162/1 2606/1154/14 2616/1164/1
f 2621/1169/406 2607/1155/405 2622/1170/406
f 2622/1170/406 2607/1155/405 2618/1166/405
f 2623/1171/407 2624/1172/407 2619/1167/216
f 2619/1167/216 2624/1172/407 2620/1168/217
f 2622/1170/406 2618/1166/405 2625/1173/406
f 2625/1173/406 2618/1166/405 2626/1174/405
f 2627/1175/408 2622/1170/406 2628/1176/408
f 2628/1176/408 2622/1170/406 2625/1173/406
f 2612/1160/214 2613/1161/64 2629/1177/214
f 2629/1177/214 2613/1161/64 2630/1178/64
f 2609/1157/13 2605/1153/1 2621/1169/14
f 2621/1169/14 2605/1153/1 2607/1155/1
f 2631/1179/15 2632/1180/15 2633/1181/15
f 2633/1181/15 2632/1180/15 2634/1182/15
f 2635/1183/222 2609/1157/13 2636/1184/1
f 2636/1184/1 2609/1157/13 2621/1169/14
f 2636/1184/408 2621/1169/406 2627/1175/408
f 2627/1175/408 2621/1169/406 2622/1170/406
f 2637/1185/223 2638/1186/18 2619/1167/223
f 2619/1167/223 2638/1186/18 2623/1171/18
f 2637/1185/223 2619/1167/223 2635/1183/222
f 2635/1183/222 2619/1167/223 2609/1157/13
f 2639/1187/409 2640/1188/132 2641/1189/1
f 2641/1189/1 2640/1188/132 2642/1190/1
f 2643/1191/410 2644/1192/19 2645/1193/410
f 2645/1193/410 2644/1192/19 2646/1194/21
f 2644/1192/19 2640/1188/132 2646/1194/21
f 2646/1194/21 2640/1188/132 2639/1187/409
f 2605/1153/213 2611/1159/213 2606/1154/404
f 2606/1154/404 2611/1159/213 2615/1163/404
f 2618/1166/405 2612/1160/214 2626/1174/405
f 2626/1174/405 2612/1160/214 2629/1177/214
f 2635/1183/15 2636/1184/408 2647/1195/15
f 2647/1195/15 2636/1184/408 2627/1175/408
f 2623/1171/24 2638/1186/24 2624/1172/24
f 2624/1172/24 2638/1186/24 2632/1180/24
f 2637/1185/15 2635/1183/15 2634/1182/15
f 2634/1182/15 2635/1183/15 2647/1195/15
f 2638/1186/15 2637/1185/15 2632/1180/15
f 2632/1180/15 2637/1185/15 2634/1182/15
f 2648/1196/227 2649/1197/411 2644/1192/227
f 2644/1192/227 2649/1197/411 2640/1188/411
f 2650/1198/24 2624/1172/24 2631/1179/24
f 2631/1179/24 2624/1172/24 2632/1180/24
f 2651/1199/15 2647/1195/15 2628/1176/408
f 2628/1176/408 2647/1195/15 2627/1175/408
f 2652/1200/229 2648/1196/227 2643/1191/229
f 2643/1191/229 2648/1196/227 2644/1192/227
f 2650/1198/407 2653/1201/217 2624/1172/407
f 2624/1172/407 2653/1201/217 2620/1168/217
f 2649/1197/411 2654/1202/24 2640/1188/411
f 2640/1188/411 2654/1202/24 2642/1190/24
f 2655/1203/28 2656/1204/28 2657/1205/28
f 2657/1205/28 2656/1204/28 2658/1206/28
f 2659/1207/1 2660/1208/14 2661/1209/1
f 2661/1209/1 2660/1208/14 2662/1210/1
f 2663/1211/29 2662/1210/232 2664/1212/412
f 2664/1212/412 2662/1210/232 2665/1213/232
f 2666/1214/234 2613/1161/64 2659/1207/234
f 2659/1207/234 2613/1161/64 2614/1162/64
f 2660/1208/413 2616/1164/24 2667/1215/413
f 2667/1215/413 2616/1164/24 2617/1165/24
f 2668/1216/414 2666/1214/234 2661/1209/414
f 2661/1209/414 2666/1214/234 2659/1207/234
f 2669/1217/236 2663/1211/29 2670/1218/237
f 2670/1218/237 2663/1211/29 2664/1212/412
f 2659/1207/1 2614/1162/1 2660/1208/14
f 2660/1208/14 2614/1162/1 2616/1164/1
f 2668/1216/414 2661/1209/414 2671/1219/415
f 2671/1219/415 2661/1209/414 2672/1220/415
f 2673/1221/416 2669/1217/236 2674/1222/416
f 2674/1222/416 2669/1217/236 2670/1218/237
f 2668/1216/414 2671/1219/415 2675/1223/414
f 2675/1223/414 2671/1219/415 2676/1224/415
f 2671/1219/415 2677/1225/417 2676/1224/415
f 2676/1224/415 2677/1225/417 2678/1226/417
f 2613/1161/64 2666/1214/234 2630/1178/64
f 2630/1178/64 2666/1214/234 2679/1227/234
f 2661/1209/1 2662/1210/1 2672/1220/1
f 2672/1220/1 2662/1210/1 2663/1211/241
f 2680/1228/28 2655/1203/28 2681/1229/28
f 2681/1229/28 2655/1203/28 2657/1205/28
f 2672/1220/1 2663/1211/241 2682/1230/1
f 2682/1230/1 2663/1211/241 2683/1231/37
f 2671/1219/415 2672/1220/415 2677/1225/417
f 2677/1225/417 2672/1220/415 2682/1230/417
f 2684/1232/243 2669/1217/243 2685/1233/244
f 2685/1233/244 2669/1217/243 2673/1221/244
f 2663/1211/241 2669/1217/243 2683/1231/37
f 2683/1231/37 2669/1217/243 2684/1232/243
f 2686/1234/418 2641/1189/1 2687/1235/137
f 2687/1235/137 2641/1189/1 2642/1190/1
f 2688/1236/419 2689/1237/420 2690/1238/247
f 2690/1238/247 2689/1237/420 2691/1239/247
f 2686/1234/418 2687/1235/137 2688/1236/419
f 2688/1236/419 2687/1235/137 2689/1237/420
f 2662/1210/232 2660/1208/413 2665/1213/232
f 2665/1213/232 2660/1208/413 2667/1215/413
f 2666/1214/234 2668/1216/414 2679/1227/234
f 2679/1227/234 2668/1216/414 2675/1223/414
f 2683/1231/28 2658/1206/28 2682/1230/417
f 2682/1230/417 2658/1206/28 2677/1225/417
f 2673/1221/24 2674/1222/24 2685/1233/24
f 2685/1233/24 2674/1222/24 2681/1229/24
f 2684/1232/28 2657/1205/28 2683/1231/28
f 2683/1231/28 2657/1205/28 2658/1206/28
f 2685/1233/28 2681/1229/28 2684/1232/28
f 2684/1232/28 2681/1229/28 2657/1205/28
f 2692/1240/248 2689/1237/248 2693/1241/421
f 2693/1241/421 2689/1237/248 2687/1235/421
f 2694/1242/24 2680/1228/24 2674/1222/24
f 2674/1222/24 2680/1228/24 2681/1229/24
f 2656/1204/28 2678/1226/417 2658/1206/28
f 2658/1206/28 2678/1226/417 2677/1225/417
f 2695/1243/250 2691/1239/250 2692/1240/248
f 2692/1240/248 2691/1239/250 2689/1237/248
f 2694/1242/416 2674/1222/416 2696/1244/237
f 2696/1244/237 2674/1222/416 2670/1218/237
f 2693/1241/421 2687/1235/421 2654/1202/24
f 2654/1202/24 2687/1235/421 2642/1190/24
f 2697/1245/42 2698/1246/53 2699/1247/42
f 2699/1247/42 2698/1246/53 2700/1248/42
f 2701/1249/2 2700/1248/213 2702/1250/403
f 2702/1250/403 2700/1248/213 2703/1251/213
f 2629/1177/214 2630/1178/64 2697/1245/214
f 2697/1245/214 2630/1178/64 2704/1252/64
f 2698/1246/404 2705/1253/24 2706/1254/404
f 2706/1254/404 2705/1253/24 2707/1255/24
f 2626/1174/405 2629/1177/214 2699/1247/405
f 2699/1247/405 2629/1177/214 2697/1245/214
f 2708/1256/216 2701/1249/2 2653/1201/217
f 2653/1201/217 2701/1249/2 2702/1250/403
f 2697/1245/42 2704/1252/42 2698/1246/53
f 2698/1246/53 2704/1252/42 2705/1253/42
f 2626/1174/405 2699/1247/405 2625/1173/406
f 2625/1173/406 2699/1247/405 2709/1257/406
f 2710/1258/407 2708/1256/216 2650/1198/407
f 2650/1198/407 2708/1256/216 2653/1201/217
f 2699/1247/42 2700/1248/42 2709/1257/42
f 2709/1257/42 2700/1248/42 2701/1249/251
f 2709/1257/42 2701/1249/251 2711/1259/42
f 2711/1259/42 2701/1249/251 2712/1260/44
f 2625/1173/406 2709/1257/406 2628/1176/408
f 2628/1176/408 2709/1257/406 2711/1259/408
f 2713/1261/253 2708/1256/253 2714/1262/254
f 2714/1262/254 2708/1256/253 2710/1258/254
f 2701/1249/251 2708/1256/253 2712/1260/44
f 2712/1260/44 2708/1256/253 2713/1261/253
f 2715/1263/422 2716/1264/42 2649/1197/140
f 2649/1197/140 2716/1264/42 2654/1202/42
f 2717/1265/423 2648/1196/424 2718/1266/257
f 2718/1266/257 2648/1196/424 2652/1200/257
f 2715/1263/422 2649/1197/140 2717/1265/423
f 2717/1265/423 2649/1197/140 2648/1196/424
f 2700/1248/213 2698/1246/404 2703/1251/213
f 2703/1251/213 2698/1246/404 2706/1254/404
f 2712/1260/15 2651/1199/15 2711/1259/408
f 2711/1259/408 2651/1199/15 2628/1176/408
f 2710/1258/24 2650/1198/24 2714/1262/24
f 2714/1262/24 2650/1198/24 2631/1179/24
f 2713/1261/15 2633/1181/15 2712/1260/15
f 2712/1260/15 2633/1181/15 2651/1199/15
f 2714/1262/15 2631/1179/15 2713/1261/15
f 2713/1261/15 2631/1179/15 2633/1181/15
f 2719/1267/42 2720/1268/53 2721/1269/42
f 2721/1269/42 2720/1268/53 2722/1270/42
f 2723/1271/29 2724/1272/412 2719/1267/232
f 2719/1267/232 2724/1272/412 2725/1273/232
f 2679/1227/234 2722/1270/234 2630/1178/64
f 2630/1178/64 2722/1270/234 2704/1252/64
f 2720/1268/413 2726/1274/413 2705/1253/24
f 2705/1253/24 2726/1274/413 2707/1255/24
f 2675/1223/414 2721/1269/414 2679/1227/234
f 2679/1227/234 2721/1269/414 2722/1270/234
f 2727/1275/236 2696/1244/237 2723/1271/29
f 2723/1271/29 2696/1244/237 2724/1272/412
f 2722/1270/42 2720/1268/53 2704/1252/42
f 2704/1252/42 2720/1268/53 2705/1253/42
f 2728/1276/415 2721/1269/414 2676/1224/415
f 2676/1224/415 2721/1269/414 2675/1223/414
f 2729/1277/416 2694/1242/416 2727/1275/236
f 2727/1275/236 2694/1242/416 2696/1244/237
f 2723/1271/52 2719/1267/42 2728/1276/53
f 2728/1276/53 2719/1267/42 2721/1269/42
f 2730/1278/258 2723/1271/52 2731/1279/42
f 2731/1279/42 2723/1271/52 2728/1276/53
f 2731/1279/417 2728/1276/415 2678/1226/417
f 2678/1226/417 2728/1276/415 2676/1224/415
f 2732/1280/259 2733/1281/56 2727/1275/259
f 2727/1275/259 2733/1281/56 2729/1277/56
f 2732/1280/259 2727/1275/259 2730/1278/258
f 2730/1278/258 2727/1275/259 2723/1271/52
f 2734/1282/425 2693/1241/142 2716/1264/42
f 2716/1264/42 2693/1241/142 2654/1202/42
f 2695/1243/426 2692/1240/50 2735/1283/426
f 2735/1283/426 2692/1240/50 2736/1284/48
f 2692/1240/50 2693/1241/142 2736/1284/48
f 2736/1284/48 2693/1241/142 2734/1282/425
f 2719/1267/232 2725/1273/232 2720/1268/413
f 2720/1268/413 2725/1273/232 2726/1274/413
f 2730/1278/28 2731/1279/417 2656/1204/28
f 2656/1204/28 2731/1279/417 2678/1226/417
f 2729/1277/24 2733/1281/24 2694/1242/24
f 2694/1242/24 2733/1281/24 2680/1228/24
f 2732/1280/28 2730/1278/28 2655/1203/28
f 2655/1203/28 2730/1278/28 2656/1204/28
f 2733/1281/28 2732/1280/28 2680/1228/28
f 2680/1228/28 2732/1280/28 2655/1203/28
f 2633/1181/15 2634/1182/15 2651/1199/15
f 2651/1199/15 2634/1182/15 2647/1195/15
f 2737/1021/333 2738/1022/334 2739/1023/333
f 2739/1023/333 2738/1022/334 2740/1024/333
f 2741/1025/335 2742/1026/336 2737/1021/337
f 2737/1021/337 2742/1026/336 2743/1027/337
f 2744/1028/338 2740/1024/338 2745/1029/64
f 2745/1029/64 2740/1024/338 2746/1030/64
f 2738/1022/339 2747/1031/339 2748/1032/24
f 2748/1032/24 2747/1031/339 2749/1033/24
f 2750/1034/340 2739/1023/340 2744/1028/338
f 2744/1028/338 2739/1023/340 2740/1024/338
f 2751/1035/341 2752/1036/342 2741/1025/335
f 2741/1025/335 2752/1036/342 2742/1026/336
f 2740/1024/333 2738/1022/334 2746/1030/333
f 2746/1030/333 2738/1022/334 2748/1032/333
f 2753/1037/343 2739/1023/340 2754/1038/343
f 2754/1038/343 2739/1023/340 2750/1034/340
f 2755/1039/344 2756/1040/344 2751/1035/341
f 2751/1035/341 2756/1040/344 2752/1036/342
f 2754/1038/343 2750/1034/340 2757/1041/343
f 2757/1041/343 2750/1034/340 2758/1042/340
f 2759/1043/345 2754/1038/343 2760/1044/345
f 2760/1044/345 2754/1038/343 2757/1041/343
f 2744/1028/338 2745/1029/64 2761/1045/338
f 2761/1045/338 2745/1029/64 2762/1046/64
f 2741/1025/346 2737/1021/333 2753/1037/334
f 2753/1037/334 2737/1021/333 2739/1023/333
f 2763/1047/347 2764/1048/347 2765/1049/347
f 2765/1049/347 2764/1048/347 2766/1050/347
f 2767/1051/348 2741/1025/346 2768/1052/333
f 2768/1052/333 2741/1025/346 2753/1037/334
f 2768/1052/345 2753/1037/343 2759/1043/345
f 2759/1043/345 2753/1037/343 2754/1038/343
f 2769/1053/349 2770/1054/350 2751/1035/349
f 2751/1035/349 2770/1054/350 2755/1039/350
f 2769/1053/349 2751/1035/349 2767/1051/348
f 2767/1051/348 2751/1035/349 2741/1025/346
f 2771/1055/351 2772/1056/352 2773/1057/333
f 2773/1057/333 2772/1056/352 2774/1058/333
f 2775/1059/353 2776/1060/354 2777/1061/353
f 2777/1061/353 2776/1060/354 2778/1062/355
f 2776/1060/354 2772/1056/352 2778/1062/355
f 2778/1062/355 2772/1056/352 2771/1055/351
f 2737/1021/337 2743/1027/337 2738/1022/339
f 2738/1022/339 2743/1027/337 2747/1031/339
f 2750/1034/340 2744/1028/338 2758/1042/340
f 2758/1042/340 2744/1028/338 2761/1045/338
f 2767/1051/347 2768/1052/345 2779/1063/347
f 2779/1063/347 2768/1052/345 2759/1043/345
f 2755/1039/24 2770/1054/24 2756/1040/24
f 2756/1040/24 2770/1054/24 2764/1048/24
f 2769/1053/347 2767/1051/347 2766/1050/347
f 2766/1050/347 2767/1051/347 2779/1063/347
f 2770/1054/347 2769/1053/347 2764/1048/347
f 2764/1048/347 2769/1053/347 2766/1050/347
f 2780/1064/356 2781/1065/357 2776/1060/356
f 2776/1060/356 2781/1065/357 2772/1056/357
f 2782/1066/24 2756/1040/24 2763/1047/24
f 2763/1047/24 2756/1040/24 2764/1048/24
f 2783/1067/347 2779/1063/347 2760/1044/345
f 2760/1044/345 2779/1063/347 2759/1043/345
f 2784/1068/358 2780/1064/356 2775/1059/358
f 2775/1059/358 2780/1064/356 2776/1060/356
f 2782/1066/344 2785/1069/342 2756/1040/344
f 2756/1040/344 2785/1069/342 2752/1036/342
f 2781/1065/357 2786/1070/24 2772/1056/357
f 2772/1056/357 2786/1070/24 2774/1058/24
f 2787/1071/359 2788/1072/359 2789/1073/359
f 2789/1073/359 2788/1072/359 2790/1074/359
f 2791/1075/333 2792/1076/334 2793/1077/333
f 2793/1077/333 2792/1076/334 2794/1078/333
f 2795/1079/360 2794/1078/361 2796/1080/362
f 2796/1080/362 2794/1078/361 2797/1081/361
f 2798/1082/363 2745/1029/64 2791/1075/363
f 2791/1075/363 2745/1029/64 2746/1030/64
f 2792/1076/364 2748/1032/24 2799/1083/364
f 2799/1083/364 2748/1032/24 2749/1033/24
f 2800/1084/365 2798/1082/363 2793/1077/365
f 2793/1077/365 2798/1082/363 2791/1075/363
f 2801/1085/366 2795/1079/360 2802/1086/367
f 2802/1086/367 2795/1079/360 2796/1080/362
f 2791/1075/333 2746/1030/333 2792/1076/334
f 2792/1076/334 2746/1030/333 2748/1032/333
f 2800/1084/365 2793/1077/365 2803/1087/368
f 2803/1087/368 2793/1077/365 2804/1088/368
f 2805/1089/369 2801/1085/366 2806/1090/369
f 2806/1090/369 2801/1085/366 2802/1086/367
f 2800/1084/365 2803/1087/368 2807/1091/365
f 2807/1091/365 2803/1087/368 2808/1092/368
f 2803/1087/368 2809/1093/370 2808/1092/368
f 2808/1092/368 2809/1093/370 2810/1094/370
f 2745/1029/64 2798/1082/363 2762/1046/64
f 2762/1046/64 2798/1082/363 2811/1095/363
f 2793/1077/333 2794/1078/333 2804/1088/333
f 2804/1088/333 2794/1078/333 2795/1079/371
f 2812/1096/359 2787/1071/359 2813/1097/359
f 2813/1097/359 2787/1071/359 2789/1073/359
f 2804/1088/333 2795/1079/371 2814/1098/333
f 2814/1098/333 2795/1079/371 2815/1099/372
f 2803/1087/368 2804/1088/368 2809/1093/370
f 2809/1093/370 2804/1088/368 2814/1098/370
f 2816/1100/373 2801/1085/373 2817/1101/374
f 2817/1101/374 2801/1085/373 2805/1089/374
f 2795/1079/371 2801/1085/373 2815/1099/372
f 2815/1099/372 2801/1085/373 2816/1100/373
f 2818/1102/375 2773/1057/333 2819/1103/376
f 2819/1103/376 2773/1057/333 2774/1058/333
f 2820/1104/377 2821/1105/378 2822/1106/379
f 2822/1106/379 2821/1105/378 2823/1107/379
f 2818/1102/375 2819/1103/376 2820/1104/377
f 2820/1104/377 2819/1103/376 2821/1105/378
f 2794/1078/361 2792/1076/364 2797/1081/361
f 2797/1081/361 2792/1076/364 2799/1083/364
f 2798/1082/363 2800/1084/365 2811/1095/363
f 2811/1095/363 2800/1084/365 2807/1091/365
f 2815/1099/359 2790/1074/359 2814/1098/370
f 2814/1098/370 2790/1074/359 2809/1093/370
f 2805/1089/24 2806/1090/24 2817/1101/24
f 2817/1101/24 2806/1090/24 2813/1097/24
f 2816/1100/359 2789/1073/359 2815/1099/359
f 2815/1099/359 2789/1073/359 2790/1074/359
f 2817/1101/359 2813/1097/359 2816/1100/359
f 2816/1100/359 2813/1097/359 2789/1073/359
f 2824/1108/380 2821/1105/380 2825/1109/381
f 2825/1109/381 2821/1105/380 2819/1103/381
f 2826/1110/24 2812/1096/24 2806/1090/24
f 2806/1090/24 2812/1096/24 2813/1097/24
f 2788/1072/359 2810/1094/370 2790/1074/359
f 2790/1074/359 2810/1094/370 2809/1093/370
f 2827/1111/382 2823/1107/382 2824/1108/380
f 2824/1108/380 2823/1107/382 2821/1105/380
f 2826/1110/369 2806/1090/369 2828/1112/367
f 2828/1112/367 2806/1090/369 2802/1086/367
f 2825/1109/381 2819/1103/381 2786/1070/24
f 2786/1070/24 2819/1103/381 2774/1058/24
f 2829/1113/383 2830/1114/384 2831/1115/383
f 2831/1115/383 2830/1114/384 2832/1116/383
f 2833/1117/335 2832/1116/337 2834/1118/336
f 2834/1118/336 2832/1116/337 2835/1119/337
f 2761/1045/338 2762/1046/64 2829/1113/338
f 2829/1113/338 2762/1046/64 2836/1120/64
f 2830/1114/339 2837/1121/24 2838/1122/339
f 2838/1122/339 2837/1121/24 2839/1123/24
f 2758/1042/340 2761/1045/338 2831/1115/340
f 2831/1115/340 2761/1045/338 2829/1113/338
f 2840/1124/341 2833/1117/335 2785/1069/342
f 2785/1069/342 2833/1117/335 2834/1118/336
f 2829/1113/383 2836/1120/383 2830/1114/384
f 2830/1114/384 2836/1120/383 2837/1121/383
f 2758/1042/340 2831/1115/340 2757/1041/343
f 2757/1041/343 2831/1115/340 2841/1125/343
f 2842/1126/344 2840/1124/341 2782/1066/344
f 2782/1066/344 2840/1124/341 2785/1069/342
f 2831/1115/383 2832/1116/383 2841/1125/383
f 2841/1125/383 2832/1116/383 2833/1117/385
f 2841/1125/383 2833/1117/385 2843/1127/383
f 2843/1127/383 2833/1117/385 2844/1128/386
f 2757/1041/343 2841/1125/343 2760/1044/345
f 2760/1044/345 2841/1125/343 2843/1127/345
f 2845/1129/387 2840/1124/387 2846/1130/388
f 2846/1130/388 2840/1124/387 2842/1126/388
f 2833/1117/385 2840/1124/387 2844/1128/386
f 2844/1128/386 2840/1124/387 2845/1129/387
f 2847/1131/389 2848/1132/383 2781/1065/390
f 2781/1065/390 2848/1132/383 2786/1070/383
f 2849/1133/391 2780/1064/392 2850/1134/393
f 2850/1134/393 2780/1064/392 2784/1068/393
f 2847/1131/389 2781/1065/390 2849/1133/391
f 2849/1133/391 2781/1065/390 2780/1064/392
f 2832/1116/337 2830/1114/339 2835/1119/337
f 2835/1119/337 2830/1114/339 2838/1122/339
f 2844/1128/347 2783/1067/347 2843/1127/345
f 2843/1127/345 2783/1067/347 2760/1044/345
f 2842/1126/24 2782/1066/24 2846/1130/24
f 2846/1130/24 2782/1066/24 2763/1047/24
f 2845/1129/347 2765/1049/347 2844/1128/347
f 2844/1128/347 2765/1049/347 2783/1067/347
f 2846/1130/347 2763/1047/347 2845/1129/347
f 2845/1129/347 2763/1047/347 2765/1049/347
f 2851/1135/383 2852/1136/384 2853/1137/383
f 2853/1137/383 2852/1136/384 2854/1138/383
f 2855/1139/360 2856/1140/362 2851/1135/361
f 2851/1135/361 2856/1140/362 2857/1141/361
f 2811/1095/363 2854/1138/363 2762/1046/64
f 2762/1046/64 2854/1138/363 2836/1120/64
f 2852/1136/364 2858/1142/364 2837/1121/24
f 2837/1121/24 2858/1142/364 2839/1123/24
f 2807/1091/365 2853/1137/365 2811/1095/363
f 2811/1095/363 2853/1137/365 2854/1138/363
f 2859/1143/366 2828/1112/367 2855/1139/360
f 2855/1139/360 2828/1112/367 2856/1140/362
f 2854/1138/383 2852/1136/384 2836/1120/383
f 2836/1120/383 2852/1136/384 2837/1121/383
f 2860/1144/368 2853/1137/365 2808/1092/368
f 2808/1092/368 2853/1137/365 2807/1091/365
f 2861/1145/369 2826/1110/369 2859/1143/366
f 2859/1143/366 2826/1110/369 2828/1112/367
f 2855/1139/394 2851/1135/383 2860/1144/384
f 2860/1144/384 2851/1135/383 2853/1137/383
f 2862/1146/395 2855/1139/394 2863/1147/383
f 2863/1147/383 2855/1139/394 2860/1144/384
f 2863/1147/370 2860/1144/368 2810/1094/370
f 2810/1094/370 2860/1144/368 2808/1092/368
f 2864/1148/396 2865/1149/397 2859/1143/396
f 2859/1143/396 2865/1149/397 2861/1145/397
f 2864/1148/396 2859/1143/396 2862/1146/395
f 2862/1146/395 2859/1143/396 2855/1139/394
f 2866/1150/398 2825/1109/399 2848/1132/383
f 2848/1132/383 2825/1109/399 2786/1070/383
f 2827/1111/400 2824/1108/401 2867/1151/400
f 2867/1151/400 2824/1108/401 2868/1152/402
f 2824/1108/401 2825/1109/399 2868/1152/402
f 2868/1152/402 2825/1109/399 2866/1150/398
f 2851/1135/361 2857/1141/361 2852/1136/364
f 2852/1136/364 2857/1141/361 2858/1142/364
f 2862/1146/359 2863/1147/370 2788/1072/359
f 2788/1072/359 2863/1147/370 2810/1094/370
f 2861/1145/24 2865/1149/24 2826/1110/24
f 2826/1110/24 2865/1149/24 2812/1096/24
f 2864/1148/359 2862/1146/359 2787/1071/359
f 2787/1071/359 2862/1146/359 2788/1072/359
f 2865/1149/359 2864/1148/359 2812/1096/359
f 2812/1096/359 2864/1148/359 2787/1071/359
f 2765/1049/347 2766/1050/347 2783/1067/347
f 2783/1067/347 2766/1050/347 2779/1063/347
f 2869/1153/1 2870/1154/14 2871/1155/1
f 2871/1155/1 2870/1154/14 2872/1156/1
f 2873/1157/2 2874/1158/403 2869/1153/213
f 2869/1153/213 2874/1158/403 2875/1159/213
f 2876/1160/214 2872/1156/214 2877/1161/64
f 2877/1161/64 2872/1156/214 2878/1162/64
f 2870/1154/404 2879/1163/404 2880/1164/24
f 2880/1164/24 2879/1163/404 2881/1165/24
f 2882/1166/405 2871/1155/405 2876/1160/214
f 2876/1160/214 2871/1155/405 2872/1156/214
f 2883/1167/216 2884/1168/217 2873/1157/2
f 2873/1157/2 2884/1168/217 2874/1158/403
f 2872/1156/1 2870/1154/14 2878/1162/1
f 2878/1162/1 2870/1154/14 2880/1164/1
f 2885/1169/406 2871/1155/405 2886/1170/406
f 2886/1170/406 2871/1155/405 2882/1166/405
f 2887/1171/407 2888/1172/407 2883/1167/216
f 2883/1167/216 2888/1172/407 2884/1168/217
f 2886/1170/406 2882/1166/405 2889/1173/406
f 2889/1173/406 2882/1166/405 2890/1174/405
f 2891/1175/408 2886/1170/406 2892/1176/408
f 2892/1176/408 2886/1170/406 2889/1173/406
f 2876/1160/214 2877/1161/64 2893/1177/214
f 2893/1177/214 2877/1161/64 2894/1178/64
f 2873/1157/13 2869/1153/1 2885/1169/14
f 2885/1169/14 2869/1153/1 2871/1155/1
f 2895/1179/15 2896/1180/15 2897/1181/15
f 2897/1181/15 2896/1180/15 2898/1182/15
f 2899/1183/222 2873/1157/13 2900/1184/1
f 2900/1184/1 2873/1157/13 2885/1169/14
f 2900/1184/408 2885/1169/406 2891/1175/408
f 2891/1175/408 2885/1169/406 2886/1170/406
f 2901/1185/223 2902/1186/18 2883/1167/223
f 2883/1167/223 2902/1186/18 2887/1171/18
f 2901/1185/223 2883/1167/223 2899/1183/222
f 2899/1183/222 2883/1167/223 2873/1157/13
f 2903/1187/409 2904/1188/132 2905/1189/1
f 2905/1189/1 2904/1188/132 2906/1190/1
f 2907/1191/410 2908/1192/19 2909/1193/410
f 2909/1193/410 2908/1192/19 2910/1194/21
f 2908/1192/19 2904/1188/132 2910/1194/21
f 2910/1194/21 2904/1188/132 2903/1187/409
f 2869/1153/213 2875/1159/213 2870/1154/404
f 2870/1154/404 2875/1159/213 2879/1163/404
f 2882/1166/405 2876/1160/214 2890/1174/405
f 2890/1174/405 2876/1160/214 2893/1177/214
f 2899/1183/15 2900/1184/408 2911/1195/15
f 2911/1195/15 2900/1184/408 2891/1175/408
f 2887/1171/24 2902/1186/24 2888/1172/24
f 2888/1172/24 2902/1186/24 2896/1180/24
f 2901/1185/15 2899/1183/15 2898/1182/15
f 2898/1182/15 2899/1183/15 2911/1195/15
f 2902/1186/15 2901/1185/15 2896/1180/15
f 2896/1180/15 2901/1185/15 2898/1182/15
f 2912/1196/227 2913/1197/411 2908/1192/227
f 2908/1192/227 2913/1197/411 2904/1188/411
f 2914/1198/24 2888/1172/24 2895/1179/24
f 2895/1179/24 2888/1172/24 2896/1180/24
f 2915/1199/15 2911/1195/15 2892/1176/408
f 2892/1176/408 2911/1195/15 2891/1175/408
f 2916/1200/229 2912/1196/227 2907/1191/229
f 2907/1191/229 2912/1196/227 2908/1192/227
f 2914/1198/407 2917/1201/217 2888/1172/407
f 2888/1172/407 2917/1201/217 2884/1168/217
f 2913/1197/411 2918/1202/24 2904/1188/411
f 2904/1188/411 2918/1202/24 2906/1190/24
f 2919/1203/28 2920/1204/28 2921/1205/28
f 2921/1205/28 2920/1204/28 2922/1206/28
f 2923/1207/1 2924/1208/14 2925/1209/1
f 2925/1209/1 2924/1208/14 2926/1210/1
f 2927/1211/29 2926/1210/232 2928/1212/412
f 2928/1212/412 2926/1210/232 2929/1213/232
f 2930/1214/234 2877/1161/64 2923/1207/234
f 2923/1207/234 2877/1161/64 2878/1162/64
f 2924/1208/413 2880/1164/24 2931/1215/413
f 2931/1215/413 2880/1164/24 2881/1165/24
f 2932/1216/414 2930/1214/234 2925/1209/414
f 2925/1209/414 2930/1214/234 2923/1207/234
f 2933/1217/236 2927/1211/29 2934/1218/237
f 2934/1218/237 2927/1211/29 2928/1212/412
f 2923/1207/1 2878/1162/1 2924/1208/14
f 2924/1208/14 2878/1162/1 2880/1164/1
f 2932/1216/414 2925/1209/414 2935/1219/415
f 2935/1219/415 2925/1209/414 2936/1220/415
f 2937/1221/416 2933/1217/236 2938/1222/416
f 2938/1222/416 2933/1217/236 2934/1218/237
f 2932/1216/414 2935/1219/415 2939/1223/414
f 2939/1223/414 2935/1219/415 2940/1224/415
f 2935/1219/415 2941/1225/417 2940/1224/415
f 2940/1224/415 2941/1225/417 2942/1226/417
f 2877/1161/64 2930/1214/234 2894/1178/64
f 2894/1178/64 2930/1214/234 2943/1227/234
f 2925/1209/1 2926/1210/1 2936/1220/1
f 2936/1220/1 2926/1210/1 2927/1211/241
f 2944/1228/28 2919/1203/28 2945/1229/28
f 2945/1229/28 2919/1203/28 2921/1205/28
f 2936/1220/1 2927/1211/241 2946/1230/1
f 2946/1230/1 2927/1211/241 2947/1231/37
f 2935/1219/415 2936/1220/415 2941/1225/417
f 2941/1225/417 2936/1220/415 2946/1230/417
f 2948/1232/243 2933/1217/243 2949/1233/244
f 2949/1233/244 2933/1217/243 2937/1221/244
f 2927/1211/241 2933/1217/243 2947/1231/37
f 2947/1231/37 2933/1217/243 2948/1232/243
f 2950/1234/418 2905/1189/1 2951/1235/137
f 2951/1235/137 2905/1189/1 2906/1190/1
f 2952/1236/419 2953/1237/420 2954/1238/247
f 2954/1238/247 2953/1237/420 2955/1239/247
f 2950/1234/418 2951/1235/137 2952/1236/419
f 2952/1236/419 2951/1235/137 2953/1237/420
f 2926/1210/232 2924/1208/413 2929/1213/232
f 2929/1213/232 2924/1208/413 2931/1215/413
f 2930/1214/234 2932/1216/414 2943/1227/234
f 2943/1227/234 2932/1216/414 2939/1223/414
f 2947/1231/28 2922/1206/28 2946/1230/417
f 2946/1230/417 2922/1206/28 2941/1225/417
f 2937/1221/24 2938/1222/24 2949/1233/24
f 2949/1233/24 2938/1222/24 2945/1229/24
f 2948/1232/28 2921/1205/28 2947/1231/28
f 2947/1231/28 2921/1205/28 2922/1206/28
f 2949/1233/28 2945/1229/28 2948/1232/28
f 2948/1232/28 2945/1229/28 2921/1205/28
f 2956/1240/248 2953/1237/248 2957/1241/421
f 2957/1241/421 2953/1237/248 2951/1235/421
f 2958/1242/24 2944/1228/24 2938/1222/24
f 2938/1222/24 2944/1228/24 2945/1229/24
f 2920/1204/28 2942/1226/417 2922/1206/28
f 2922/1206/28 2942/1226/417 2941/1225/417
f 2959/1243/250 2955/1239/250 2956/1240/248
f 2956/1240/248 2955/1239/250 2953/1237/248
f 2958/1242/416 2938/1222/416 2960/1244/237
f 2960/1244/237 2938/1222/416 2934/1218/237
f 2957/1241/421 2951/1235/421 2918/1202/24
f 2918/1202/24 2951/1235/421 2906/1190/24
f 2961/1245/42 2962/1246/53 2963/1247/42
f 2963/1247/42 2962/1246/53 2964/1248/42
f 2965/1249/2 2964/1248/213 2966/1250/403
f 2966/1250/403 2964/1248/213 2967/1251/213
f 2893/1177/214 2894/1178/64 2961/1245/214
f 2961/1245/214 2894/1178/64 2968/1252/64
f 2962/1246/404 2969/1253/24 2970/1254/404
f 2970/1254/404 2969/1253/24 2971/1255/24
f 2890/1174/405 2893/1177/214 2963/1247/405
f 2963/1247/405 2893/1177/214 2961/1245/214
f 2972/1256/216 2965/1249/2 2917/1201/217
f 2917/1201/217 2965/1249/2 2966/1250/403
f 2961/1245/42 2968/1252/42 2962/1246/53
f 2962/1246/53 2968/1252/42 2969/1253/42
f 2890/1174/405 2963/1247/405 2889/1173/406
f 2889/1173/406 2963/1247/405 2973/1257/406
f 2974/1258/407 2972/1256/216 2914/1198/407
f 2914/1198/407 2972/1256/216 2917/1201/217
f 2963/1247/42 2964/1248/42 2973/1257/42
f 2973/1257/42 2964/1248/42 2965/1249/251
f 2973/1257/42 2965/1249/251 2975/1259/42
f 2975/1259/42 2965/1249/251 2976/1260/44
f 2889/1173/406 2973/1257/406 2892/1176/408
f 2892/1176/408 2973/1257/406 2975/1259/408
f 2977/1261/253 2972/1256/253 2978/1262/254
f 2978/1262/254 2972/1256/253 2974/1258/254
f 2965/1249/251 2972/1256/253 2976/1260/44
f 2976/1260/44 2972/1256/253 2977/1261/253
f 2979/1263/422 2980/1264/42 2913/1197/140
f 2913/1197/140 2980/1264/42 2918/1202/42
f 2981/1265/423 2912/1196/424 2982/1266/257
f 2982/1266/257 2912/1196/424 2916/1200/257
f 2979/1263/422 2913/1197/140 2981/1265/423
f 2981/1265/423 2913/1197/140 2912/1196/424
f 2964/1248/213 2962/1246/404 2967/1251/213
f 2967/1251/213 2962/1246/404 2970/1254/404
f 2976/1260/15 2915/1199/15 2975/1259/408
f 2975/1259/408 2915/1199/15 2892/1176/408
f 2974/1258/24 2914/1198/24 2978/1262/24
f 2978/1262/24 2914/1198/24 2895/1179/24
f 2977/1261/15 2897/1181/15 2976/1260/15
f 2976/1260/15 2897/1181/15 2915/1199/15
f 2978/1262/15 2895/1179/15 2977/1261/15
f 2977/1261/15 2895/1179/15 2897/1181/15
f 2983/1267/42 2984/1268/53 2985/1269/42
f 2985/1269/42 2984/1268/53 2986/1270/42
f 2987/1271/29 2988/1272/412 2983/1267/232
f 2983/1267/232 2988/1272/412 2989/1273/232
f 2943/1227/234 2986/1270/234 2894/1178/64
f 2894/1178/64 2986/1270/234 2968/1252/64
f 2984/1268/413 2990/1274/413 2969/1253/24
f 2969/1253/24 2990/1274/413 2971/1255/24
f 2939/1223/414 2985/1269/414 2943/1227/234
f 2943/1227/234 2985/1269/414 2986/1270/234
f 2991/1275/236 2960/1244/237 2987/1271/29
f 2987/1271/29 2960/1244/237 2988/1272/412
f 2986/1270/42 2984/1268/53 2968/1252/42
f 2968/1252/42 2984/1268/53 2969/1253/42
f 2992/1276/415 2985/1269/414 2940/1224/415
f 2940/1224/415 2985/1269/414 2939/1223/414
f 2993/1277/416 2958/1242/416 2991/1275/236
f 2991/1275/236 2958/1242/416 2960/1244/237
f 2987/1271/52 2983/1267/42 2992/1276/53
f 2992/1276/53 2983/1267/42 2985/1269/42
f 2994/1278/258 2987/1271/52 2995/1279/42
f 2995/1279/42 2987/1271/52 2992/1276/53
f 2995/1279/417 2992/1276/415 2942/1226/417
f 2942/1226/417 2992/1276/415 2940/1224/415
f 2996/1280/259 2997/1281/56 2991/1275/259
f 2991/1275/259 2997/1281/56 2993/1277/56
f 2996/1280/259 2991/1275/259 2994/1278/258
f 2994/1278/258 2991/1275/259 2987/1271/52
f 2998/1282/425 2957/1241/142 2980/1264/42
f 2980/1264/42 2957/1241/142 2918/1202/42
f 2959/1243/426 2956/1240/50 2999/1283/426
f 2999/1283/426 2956/1240/50 3000/1284/48
f 2956/1240/50 2957/1241/142 3000/1284/48
f 3000/1284/48 2957/1241/142 2998/1282/425
f 2983/1267/232 2989/1273/232 2984/1268/413
f 2984/1268/413 2989/1273/232 2990/1274/413
f 2994/1278/28 2995/1279/417 2920/1204/28
f 2920/1204/28 2995/1279/417 2942/1226/417
f 2993/1277/24 2997/1281/24 2958/1242/24
f 2958/1242/24 2997/1281/24 2944/1228/24
f 2996/1280/28 2994/1278/28 2919/1203/28
f 2919/1203/28 2994/1278/28 2920/1204/28
f 2997/1281/28 2996/1280/28 2944/1228/28
f 2944/1228/28 2996/1280/28 2919/1203/28
f 2897/1181/15 2898/1182/15 2915/1199/15
f 2915/1199/15 2898/1182/15 2911/1195/15
f 3001/1021/333 3002/1022/334 3003/1023/333
f 3003/1023/333 3002/1022/334 3004/1024/333
f 3005/1025/335 3006/1026/336 3001/1021/337
f 3001/1021/337 3006/1026/336 3007/1027/337
f 3008/1028/338 3004/1024/338 3009/1029/64
f 3009/1029/64 3004/1024/338 3010/1030/64
f 3002/1022/339 3011/1031/339 3012/1032/24
f 3012/1032/24 3011/1031/339 3013/1033/24
f 3014/1034/340 3003/1023/340 3008/1028/338
f 3008/1028/338 3003/1023/340 3004/1024/338
f 3015/1035/341 3016/1036/342 3005/1025/335
f 3005/1025/335 3016/1036/342 3006/1026/336
f 3004/1024/333 3002/1022/334 3010/1030/333
f 3010/1030/333 3002/1022/334 3012/1032/333
f 3017/1037/343 3003/1023/340 3018/1038/343
f 3018/1038/343 3003/1023/340 3014/1034/340
f 3019/1039/344 3020/1040/344 3015/1035/341
f 3015/1035/341 3020/1040/344 3016/1036/342
f 3018/1038/343 3014/1034/340 3021/1041/343
f 3021/1041/343 3014/1034/340 3022/1042/340
f 3023/1043/345 3018/1038/343 3024/1044/345
f 3024/1044/345 3018/1038/343 3021/1041/343
f 3008/1028/338 3009/1029/64 3025/1045/338
f 3025/1045/338 3009/1029/64 3026/1046/64
f 3005/1025/346 3001/1021/333 3017/1037/334
f 3017/1037/334 3001/1021/333 3003/1023/333
f 3027/1047/347 3028/1048/347 3029/1049/347
f 3029/1049/347 3028/1048/347 3030/1050/347
f 3031/1051/348 3005/1025/346 3032/1052/333
f 3032/1052/333 3005/1025/346 3017/1037/334
f 3032/1052/345 3017/1037/343 3023/1043/345
f 3023/1043/345 3017/1037/343 3018/1038/343
f 3033/1053/349 3034/1054/350 3015/1035/349
f 3015/1035/349 3034/1054/350 3019/1039/350
f 3033/1053/349 3015/1035/349 3031/1051/348
f 3031/1051/348 3015/1035/349 3005/1025/346
f 3035/1055/351 3036/1056/352 3037/1057/333
f 3037/1057/333 3036/1056/352 3038/1058/333
f 3039/1059/353 3040/1060/354 3041/1061/353
f 3041/1061/353 3040/1060/354 3042/1062/355
f 3040/1060/354 3036/1056/352 3042/1062/355
f 3042/1062/355 3036/1056/352 3035/1055/351
f 3001/1021/337 3007/1027/337 3002/1022/339
f 3002/1022/339 3007/1027/337 3011/1031/339
f 3014/1034/340 3008/1028/338 3022/1042/340
f 3022/1042/340 3008/1028/338 3025/1045/338
f 3031/1051/347 3032/1052/345 3043/1063/347
f 3043/1063/347 3032/1052/345 3023/1043/345
f 3019/1039/24 3034/1054/24 3020/1040/24
f 3020/1040/24 3034/1054/24 3028/1048/24
f 3033/1053/347 3031/1051/347 3030/1050/347
f 3030/1050/347 3031/1051/347 3043/1063/347
f 3034/1054/347 3033/1053/347 3028/1048/347
f 3028/1048/347 3033/1053/347 3030/1050/347
f 3044/1064/356 3045/1065/357 3040/1060/356
f 3040/1060/356 3045/1065/357 3036/1056/357
f 3046/1066/24 3020/1040/24 3027/1047/24
f 3027/1047/24 3020/1040/24 3028/1048/24
f 3047/1067/347 3043/1063/347 3024/1044/345
f 3024/1044/345 3043/1063/347 3023/1043/345
f 3048/1068/358 3044/1064/356 3039/1059/358
f 3039/1059/358 3044/1064/356 3040/1060/356
f 3046/1066/344 3049/1069/342 3020/1040/344
f 3020/1040/344 3049/1069/342 3016/1036/342
f 3045/1065/357 3050/1070/24 3036/1056/357
f 3036/1056/357 3050/1070/24 3038/1058/24
f 3051/1071/359 3052/1072/359 3053/1073/359
f 3053/1073/359 3052/1072/359 3054/1074/359
f 3055/1075/333 3056/1076/334 3057/1077/333
f 3057/1077/333 3056/1076/334 3058/1078/333
f 3059/1079/360 3058/1078/361 3060/1080/362
f 3060/1080/362 3058/1078/361 3061/1081/361
f 3062/1082/363 3009/1029/64 3055/1075/363
f 3055/1075/363 3009/1029/64 3010/1030/64
f 3056/1076/364 3012/1032/24 3063/1083/364
f 3063/1083/364 3012/1032/24 3013/1033/24
f 3064/1084/365 3062/1082/363 3057/1077/365
f 3057/1077/365 3062/1082/363 3055/1075/363
f 3065/1085/366 3059/1079/360 3066/1086/367
f 3066/1086/367 3059/1079/360 3060/1080/362
f 3055/1075/333 3010/1030/333 3056/1076/334
f 3056/1076/334 3010/1030/333 3012/1032/333
f 3064/1084/365 3057/1077/365 3067/1087/368
f 3067/1087/368 3057/1077/365 3068/1088/368
f 3069/1089/369 3065/1085/366 3070/1090/369
f 3070/1090/369 3065/1085/366 3066/1086/367
f 3064/1084/365 3067/1087/368 3071/1091/365
f 3071/1091/365 3067/1087/368 3072/1092/368
f 3067/1087/368 3073/1093/370 3072/1092/368
f 3072/1092/368 3073/1093/370 3074/1094/370
f 3009/1029/64 3062/1082/363 3026/1046/64
f 3026/1046/64 3062/1082/363 3075/1095/363
f 3057/1077/333 3058/1078/333 3068/1088/333
f 3068/1088/333 3058/1078/333 3059/1079/371
f 3076/1096/359 3051/1071/359 3077/1097/359
f 3077/1097/359 3051/1071/359 3053/1073/359
f 3068/1088/333 3059/1079/371 3078/1098/333
f 3078/1098/333 3059/1079/371 3079/1099/372
f 3067/1087/368 3068/1088/368 3073/1093/370
f 3073/1093/370 3068/1088/368 3078/1098/370
f 3080/1100/373 3065/1085/373 3081/1101/374
f 3081/1101/374 3065/1085/373 3069/1089/374
f 3059/1079/371 3065/1085/373 3079/1099/372
f 3079/1099/372 3065/1085/373 3080/1100/373
f 3082/1102/375 3037/1057/333 3083/1103/376
f 3083/1103/376 3037/1057/333 3038/1058/333
f 3084/1104/377 3085/1105/378 3086/1106/379
f 3086/1106/379 3085/1105/378 3087/1107/379
f 3082/1102/375 3083/1103/376 3084/1104/377
f 3084/1104/377 3083/1103/376 3085/1105/378
f 3058/1078/361 3056/1076/364 3061/1081/361
f 3061/1081/361 3056/1076/364 3063/1083/364
f 3062/1082/363 3064/1084/365 3075/1095/363
f 3075/1095/363 3064/1084/365 3071/1091/365
f 3079/1099/359 3054/1074/359 3078/1098/370
f 3078/1098/370 3054/1074/359 3073/1093/370
f 3069/1089/24 3070/1090/24 3081/1101/24
f 3081/1101/24 3070/1090/24 3077/1097/24
f 3080/1100/359 3053/1073/359 3079/1099/359
f 3079/1099/359 3053/1073/359 3054/1074/359
f 3081/1101/359 3077/1097/359 3080/1100/359
f 3080/1100/359 3077/1097/359 3053/1073/359
f 3088/1108/380 3085/1105/380 3089/1109/381
f 3089/1109/381 3085/1105/380 3083/1103/381
f 3090/1110/24 3076/1096/24 3070/1090/24
f 3070/1090/24 3076/1096/24 3077/1097/24
f 3052/1072/359 3074/1094/370 3054/1074/359
f 3054/1074/359 3074/1094/370 3073/1093/370
f 3091/1111/382 3087/1107/382 3088/1108/380
f 3088/1108/380 3087/1107/382 3085/1105/380
f 3090/1110/369 3070/1090/369 3092/1112/367
f 3092/1112/367 3070/1090/369 3066/1086/367
f 3089/1109/381 3083/1103/381 3050/1070/24
f 3050/1070/24 3083/1103/381 3038/1058/24
f 3093/1113/383 3094/1114/384 3095/1115/383
f 3095/1115/383 3094/1114/384 3096/1116/383
f 3097/1117/335 3096/1116/337 3098/1118/336
f 3098/1118/336 3096/1116/337 3099/1119/337
f 3025/1045/338 3026/1046/64 3093/1113/338
f 3093/1113/338 3026/1046/64 3100/1120/64
f 3094/1114/339 3101/1121/24 3102/1122/339
f 3102/1122/339 3101/1121/24 3103/1123/24
f 3022/1042/340 3025/1045/338 3095/1115/340
f 3095/1115/340 3025/1045/338 3093/1113/338
f 3104/1124/341 3097/1117/335 3049/1069/342
f 3049/1069/342 3097/1117/335 3098/1118/336
f 3093/1113/383 3100/1120/383 3094/1114/384
f 3094/1114/384 3100/1120/383 3101/1121/383
f 3022/1042/340 3095/1115/340 3021/1041/343
f 3021/1041/343 3095/1115/340 3105/1125/343
f 3106/1126/344 3104/1124/341 3046/1066/344
f 3046/1066/344 3104/1124/341 3049/1069/342
f 3095/1115/383 3096/1116/383 3105/1125/383
f 3105/1125/383 3096/1116/383 3097/1117/385
f 3105/1125/383 3097/1117/385 3107/1127/383
f 3107/1127/383 3097/1117/385 3108/1128/386
f 3021/1041/343 3105/1125/343 3024/1044/345
f 3024/1044/345 3105/1125/343 3107/1127/345
f 3109/1129/387 3104/1124/387 3110/1130/388
f 3110/1130/388 3104/1124/387 3106/1126/388
f 3097/1117/385 3104/1124/387 3108/1128/386
f 3108/1128/386 3104/1124/387 3109/1129/387
f 3111/1131/389 3112/1132/383 3045/1065/390
f 3045/1065/390 3112/1132/383 3050/1070/383
f 3113/1133/391 3044/1064/392 3114/1134/393
f 3114/1134/393 3044/1064/392 3048/1068/393
f 3111/1131/389 3045/1065/390 3113/1133/391
f 3113/1133/391 3045/1065/390 3044/1064/392
f 3096/1116/337 3094/1114/339 3099/1119/337
f 3099/1119/337 3094/1114/339 3102/1122/339
f 3108/1128/347 3047/1067/347 3107/1127/345
f 3107/1127/345 3047/1067/347 3024/1044/345
f 3106/1126/24 3046/1066/24 3110/1130/24
f 3110/1130/24 3046/1066/24 3027/1047/24
f 3109/1129/347 3029/1049/347 3108/1128/347
f 3108/1128/347 3029/1049/347 3047/1067/347
f 3110/1130/347 3027/1047/347 3109/1129/347
f 3109/1129/347 3027/1047/347 3029/1049/347
f 3115/1135/383 3116/1136/384 3117/1137/383
f 3117/1137/383 3116/1136/384 3118/1138/383
f 3119/1139/360 3120/1140/362 3115/1135/361
f 3115/1135/361 3120/1140/362 3121/1141/361
f 3075/1095/363 3118/1138/363 3026/1046/64
f 3026/1046/64 3118/1138/363 3100/1120/64
f 3116/1136/364 3122/1142/364 3101/1121/24
f 3101/1121/24 3122/1142/364 3103/1123/24
f 3071/1091/365 3117/1137/365 3075/1095/363
f 3075/1095/363 3117/1137/365 3118/1138/363
f 3123/1143/366 3092/1112/367 3119/1139/360
f 3119/1139/360 3092/1112/367 3120/1140/362
f 3118/1138/383 3116/1136/384 3100/1120/383
f 3100/1120/383 3116/1136/384 3101/1121/383
f 3124/1144/368 3117/1137/365 3072/1092/368
f 3072/1092/368 3117/1137/365 3071/1091/365
f 3125/1145/369 3090/1110/369 3123/1143/366
f 3123/1143/366 3090/1110/369 3092/1112/367
f 3119/1139/394 3115/1135/383 3124/1144/384
f 3124/1144/384 3115/1135/383 3117/1137/383
f 3126/1146/395 3119/1139/394 3127/1147/383
f 3127/1147/383 3119/1139/394 3124/1144/384
f 3127/1147/370 3124/1144/368 3074/1094/370
f 3074/1094/370 3124/1144/368 3072/1092/368
f 3128/1148/396 3129/1149/397 3123/1143/396
f 3123/1143/396 3129/1149/397 3125/1145/397
f 3128/1148/396 3123/1143/396 3126/1146/395
f 3126/1146/395 3123/1143/396 3119/1139/394
f 3130/1150/398 3089/1109/399 3112/1132/383
f 3112/1132/383 3089/1109/399 3050/1070/383
f 3091/1111/400 3088/1108/401 3131/1151/400
f 3131/1151/400 3088/1108/401 3132/1152/402
f 3088/1108/401 3089/1109/399 3132/1152/402
f 3132/1152/402 3089/1109/399 3130/1150/398
f 3115/1135/361 3121/1141/361 3116/1136/364
f 3116/1136/364 3121/1141/361 3122/1142/364
f 3126/1146/359 3127/1147/370 3052/1072/359
f 3052/1072/359 3127/1147/370 3074/1094/370
f 3125/1145/24 3129/1149/24 3090/1110/24
f 3090/1110/24 3129/1149/24 3076/1096/24
f 3128/1148/359 3126/1146/359 3051/1071/359
f 3051/1071/359 3126/1146/359 3052/1072/359
f 3129/1149/359 3128/1148/359 3076/1096/359
f 3076/1096/359 3128/1148/359 3051/1071/359
f 3029/1049/347 3030/1050/347 3047/1067/347
f 3047/1067/347 3030/1050/347 3043/1063/347
f 3133/1021/333 3134/1022/334 3135/1023/333
f 3135/1023/333 3134/1022/334 3136/1024/333
f 3137/1025/335 3138/1026/336 3133/1021/337
f 3133/1021/337 3138/1026/336 3139/1027/337
f 3140/1028/338 3136/1024/338 3141/1029/64
f 3141/1029/64 3136/1024/338 3142/1030/64
f 3134/1022/339 3143/1031/339 3144/1032/24
f 3144/1032/24 3143/1031/339 3145/1033/24
f 3146/1034/340 3135/1023/340 3140/1028/338
f 3140/1028/338 3135/1023/340 3136/1024/338
f 3147/1035/341 3148/1036/342 3137/1025/335
f 3137/1025/335 3148/1036/342 3138/1026/336
f 3136/1024/333 3134/1022/334 3142/1030/333
f 3142/1030/333 3134/1022/334 3144/1032/333
f 3149/1037/343 3135/1023/340 3150/1038/343
f 3150/1038/343 3135/1023/340 3146/1034/340
f 3151/1039/344 3152/1040/344 3147/1035/341
f 3147/1035/341 3152/1040/344 3148/1036/342
f 3150/1038/343 3146/1034/340 3153/1041/343
f 3153/1041/343 3146/1034/340 3154/1042/340
f 3155/1043/345 3150/1038/343 3156/1044/345
f 3156/1044/345 3150/1038/343 3153/1041/343
f 3140/1028/338 3141/1029/64 3157/1045/338
f 3157/1045/338 3141/1029/64 3158/1046/64
f 3137/1025/346 3133/1021/333 3149/1037/334
f 3149/1037/334 3133/1021/333 3135/1023/333
f 3159/1047/347 3160/1048/347 3161/1049/347
f 3161/1049/347 3160/1048/347 3162/1050/347
f 3163/1051/348 3137/1025/346 3164/1052/333
f 3164/1052/333 3137/1025/346 3149/1037/334
f 3164/1052/345 3149/1037/343 3155/1043/345
f 3155/1043/345 3149/1037/343 3150/1038/343
f 3165/1053/349 3166/1054/350 3147/1035/349
f 3147/1035/349 3166/1054/350 3151/1039/350
f 3165/1053/349 3147/1035/349 3163/1051/348
f 3163/1051/348 3147/1035/349 3137/1025/346
f 3167/1055/351 3168/1056/352 3169/1057/333
f 3169/1057/333 3168/1056/352 3170/1058/333
f 3171/1059/353 3172/1060/354 3173/1061/353
f 3173/1061/353 3172/1060/354 3174/1062/355
f 3172/1060/354 3168/1056/352 3174/1062/355
f 3174/1062/355 3168/1056/352 3167/1055/351
f 3133/1021/337 3139/1027/337 3134/1022/339
f 3134/1022/339 3139/1027/337 3143/1031/339
f 3146/1034/340 3140/1028/338 3154/1042/340
f 3154/1042/340 3140/1028/338 3157/1045/338
f 3163/1051/347 3164/1052/345 3175/1063/347
f 3175/1063/347 3164/1052/345 3155/1043/345
f 3151/1039/24 3166/1054/24 3152/1040/24
f 3152/1040/24 3166/1054/24 3160/1048/24
f 3165/1053/347 3163/1051/347 3162/1050/347
f 3162/1050/347 3163/1051/347 3175/1063/347
f 3166/1054/347 3165/1053/347 3160/1048/347
f 3160/1048/347 3165/1053/347 3162/1050/347
f 3176/1064/356 3177/1065/357 3172/1060/356
f 3172/1060/356 3177/1065/357 3168/1056/357
f 3178/1066/24 3152/1040/24 3159/1047/24
f 3159/1047/24 3152/1040/24 3160/1048/24
f 3179/1067/347 3175/1063/347 3156/1044/345
f 3156/1044/345 3175/1063/347 3155/1043/345
f 3180/1068/358 3176/1064/356 3171/1059/358
f 3171/1059/358 3176/1064/356 3172/1060/356
f 3178/1066/344 3181/1069/342 3152/1040/344
f 3152/1040/344 3181/1069/342 3148/1036/342
f 3177/1065/357 3182/1070/24 3168/1056/357
f 3168/1056/357 3182/1070/24 3170/1058/24
f 3183/1071/359 3184/1072/359 3185/1073/359
f 3185/1073/359 3184/1072/359 3186/1074/359
f 3187/1075/333 3188/1076/334 3189/1077/333
f 3189/1077/333 3188/1076/334 3190/1078/333
f 3191/1079/360 3190/1078/361 3192/1080/362
f 3192/1080/362 3190/1078/361 3193/1081/361
f 3194/1082/363 3141/1029/64 3187/1075/363
f 3187/1075/363 3141/1029/64 3142/1030/64
f 3188/1076/364 3144/1032/24 3195/1083/364
f 3195/1083/364 3144/1032/24 3145/1033/24
f 3196/1084/365 3194/1082/363 3189/1077/365
f 3189/1077/365 3194/1082/363 3187/1075/363
f 3197/1085/366 3191/1079/360 3198/1086/367
f 3198/1086/367 3191/1079/360 3192/1080/362
f 3187/1075/333 3142/1030/333 3188/1076/334
f 3188/1076/334 3142/1030/333 3144/1032/333
f 3196/1084/365 3189/1077/365 3199/1087/368
f 3199/1087/368 3189/1077/365 3200/1088/368
f 3201/1089/369 3197/1085/366 3202/1090/369
f 3202/1090/369 3197/1085/366 3198/1086/367
f 3196/1084/365 3199/1087/368 3203/1091/365
f 3203/1091/365 3199/1087/368 3204/1092/368
f 3199/1087/368 3205/1093/370 3204/1092/368
f 3204/1092/368 3205/1093/370 3206/1094/370
f 3141/1029/64 3194/1082/363 3158/1046/64
f 3158/1046/64 3194/1082/363 3207/1095/363
f 3189/1077/333 3190/1078/333 3200/1088/333
f 3200/1088/333 3190/1078/333 3191/1079/371
f 3208/1096/359 3183/1071/359 3209/1097/359
f 3209/1097/359 3183/1071/359 3185/1073/359
f 3200/1088/333 3191/1079/371 3210/1098/333
f 3210/1098/333 3191/1079/371 3211/1099/372
f 3199/1087/368 3200/1088/368 3205/1093/370
f 3205/1093/370 3200/1088/368 3210/1098/370
f 3212/1100/373 3197/1085/373 3213/1101/374
f 3213/1101/374 3197/1085/373 3201/1089/374
f 3191/1079/371 3197/1085/373 3211/1099/372
f 3211/1099/372 3197/1085/373 3212/1100/373
f 3214/1102/375 3169/1057/333 3215/1103/376
f 3215/1103/376 3169/1057/333 3170/1058/333
f 3216/1104/377 3217/1105/378 3218/1106/379
f 3218/1106/379 3217/1105/378 3219/1107/379
f 3214/1102/375 3215/1103/376 3216/1104/377
f 3216/1104/377 3215/1103/376 3217/1105/378
f 3190/1078/361 3188/1076/364 3193/1081/361
f 3193/1081/361 3188/1076/364 3195/1083/364
f 3194/1082/363 3196/1084/365 3207/1095/363
f 3207/1095/363 3196/1084/365 3203/1091/365
f 3211/1099/359 3186/1074/359 3210/1098/370
f 3210/1098/370 3186/1074/359 3205/1093/370
f 3201/1089/24 3202/1090/24 3213/1101/24
f 3213/1101/24 3202/1090/24 3209/1097/24
f 3212/1100/359 3185/1073/359 3211/1099/359
f 3211/1099/359 3185/1073/359 3186/1074/359
f 3213/1101/359 3209/1097/359 3212/1100/359
f 3212/1100/359 3209/1097/359 3185/1073/359
f 3220/1108/380 3217/1105/380 3221/1109/381
f 3221/1109/381 3217/1105/380 3215/1103/381
f 3222/1110/24 3208/1096/24 3202/1090/24
f 3202/1090/24 3208/1096/24 3209/1097/24
f 3184/1072/359 3206/1094/370 3186/1074/359
f 3186/1074/359 3206/1094/370 3205/1093/370
f 3223/1111/382 3219/1107/382 3220/1108/380
f 3220/1108/380 3219/1107/382 3217/1105/380
f 3222/1110/369 3202/1090/369 3224/1112/367
f 3224/1112/367 3202/1090/369 3198/1086/367
f 3221/1109/381 3215/1103/381 3182/1070/24
f 3182/1070/24 3215/1103/381 3170/1058/24
f 3225/1113/383 3226/1114/384 3227/1115/383
f 3227/1115/383 3226/1114/384 3228/1116/383
f 3229/1117/335 3228/1116/337 3230/1118/336
f 3230/1118/336 3228/1116/337 3231/1119/337
f 3157/1045/338 3158/1046/64 3225/1113/338
f 3225/1113/338 3158/1046/64 3232/1120/64
f 3226/1114/339 3233/1121/24 3234/1122/339
f 3234/1122/339 3233/1121/24 3235/1123/24
f 3154/1042/340 3157/1045/338 3227/1115/340
f 3227/1115/340 3157/1045/338 3225/1113/338
f 3236/1124/341 3229/1117/335 3181/1069/342
f 3181/1069/342 3229/1117/335 3230/1118/336
f 3225/1113/383 3232/1120/383 3226/1114/384
f 3226/1114/384 3232/1120/383 3233/1121/383
f 3154/1042/340 3227/1115/340 3153/1041/343
f 3153/1041/343 3227/1115/340 3237/1125/343
f 3238/1126/344 3236/1124/341 3178/1066/344
f 3178/1066/344 3236/1124/341 3181/1069/342
f 3227/1115/383 3228/1116/383 3237/1125/383
f 3237/1125/383 3228/1116/383 3229/1117/385
f 3237/1125/383 3229/1117/385 3239/1127/383
f 3239/1127/383 3229/1117/385 3240/1128/386
f 3153/1041/343 3237/1125/343 3156/1044/345
f 3156/1044/345 3237/1125/343 3239/1127/345
f 3241/1129/387 3236/1124/387 3242/1130/388
f 3242/1130/388 3236/1124/387 3238/1126/388
f 3229/1117/385 3236/1124/387 3240/1128/386
f 3240/1128/386 3236/1124/387 3241/1129/387
f 3243/1131/389 3244/1132/383 3177/1065/390
f 3177/1065/390 3244/1132/383 3182/1070/383
f 3245/1133/391 3176/1064/392 3246/1134/393
f 3246/1134/393 3176/1064/392 3180/1068/393
f 3243/1131/389 3177/1065/390 3245/1133/391
f 3245/1133/391 3177/1065/390 3176/1064/392
f 3228/1116/337 3226/1114/339 3231/1119/337
f 3231/1119/337 3226/1114/339 3234/1122/339
f 3240/1128/347 3179/1067/347 3239/1127/345
f 3239/1127/345 3179/1067/347 3156/1044/345
f 3238/1126/24 3178/1066/24 3242/1130/24
f 3242/1130/24 3178/1066/24 3159/1047/24
f 3241/1129/347 3161/1049/347 3240/1128/347
f 3240/1128/347 3161/1049/347 3179/1067/347
f 3242/1130/347 3159/1047/347 3241/1129/347
f 3241/1129/347 3159/1047/347 3161/1049/347
f 3247/1135/383 3248/1136/384 3249/1137/383
f 3249/1137/383 3248/1136/384 3250/1138/383
f 3251/1139/360 3252/1140/362 3247/1135/361
f 3247/1135/361 3252/1140/362 3253/1141/361
f 3207/1095/363 3250/1138/363 3158/1046/64
f 3158/1046/64 3250/1138/363 3232/1120/64
f 3248/1136/364 3254/1142/364 3233/1121/24
f 3233/1121/24 3254/1142/364 3235/1123/24
f 3203/1091/365 3249/1137/365 3207/1095/363
f 3207/1095/363 3249/1137/365 3250/1138/363
f 3255/1143/366 3224/1112/367 3251/1139/360
f 3251/1139/360 3224/1112/367 3252/1140/362
f 3250/1138/383 3248/1136/384 3232/1120/383
f 3232/1120/383 3248/1136/384 3233/1121/383
f 3256/1144/368 3249/1137/365 3204/1092/368
f 3204/1092/368 3249/1137/365 3203/1091/365
f 3257/1145/369 3222/1110/369 3255/1143/366
f 3255/1143/366 3222/1110/369 3224/1112/367
f 3251/1139/394 3247/1135/383 3256/1144/384
f 3256/1144/384 3247/1135/383 3249/1137/383
f 3258/1146/395 3251/1139/394 3259/1147/383
f 3259/1147/383 3251/1139/394 3256/1144/384
f 3259/1147/370 3256/1144/368 3206/1094/370
f 3206/1094/370 3256/1144/368 3204/1092/368
f 3260/1148/396 3261/1149/397 3255/1143/396
f 3255/1143/396 3261/1149/397 3257/1145/397
f 3260/1148/396 3255/1143/396 3258/1146/395
f 3258/1146/395 3255/1143/396 3251/1139/394
f 3262/1150/398 3221/1109/399 3244/1132/383
f 3244/1132/383 3221/1109/399 3182/1070/383
f 3223/1111/400 3220/1108/401 3263/1151/400
f 3263/1151/400 3220/1108/401 3264/1152/402
f 3220/1108/401 3221/1109/399 3264/1152/402
f 3264/1152/402 3221/1109/399 3262/1150/398
f 3247/1135/361 3253/1141/361 3248/1136/364
f 3248/1136/364 3253/1141/361 3254/1142/364
f 3258/1146/359 3259/1147/370 3184/1072/359
f 3184/1072/359 3259/1147/370 3206/1094/370
f 3257/1145/24 3261/1149/24 3222/1110/24
f 3222/1110/24 3261/1149/24 3208/1096/24
f 3260/1148/359 3258/1146/359 3183/1071/359
f 3183/1071/359 3258/1146/359 3184/1072/359
f 3261/1149/359 3260/1148/359 3208/1096/359
f 3208/1096/359 3260/1148/359 3183/1071/359
f 3161/1049/347 3162/1050/347 3179/1067/347
f 3179/1067/347 3162/1050/347 3175/1063/347
f 3265/1153/1 3266/1154/14 3267/1155/1
f 3267/1155/1 3266/1154/14 3268/1156/1
f 3269/1157/2 3270/1158/403 3265/1153/213
f 3265/1153/213 3270/1158/403 3271/1159/213
f 3272/1160/214 3268/1156/214 3273/1161/64
f 3273/1161/64 3268/1156/214 3274/1162/64
f 3266/1154/404 3275/1163/404 3276/1164/24
f 3276/1164/24 3275/1163/404 3277/1165/24
f 3278/1166/405 3267/1155/405 3272/1160/214
f 3272/1160/214 3267/1155/405 3268/1156/214
f 3279/1167/216 3280/1168/217 3269/1157/2
f 3269/1157/2 3280/1168/217 3270/1158/403
f 3268/1156/1 3266/1154/14 3274/1162/1
f 3274/1162/1 3266/1154/14 3276/1164/1
f 3281/1169/406 3267/1155/405 3282/1170/406
f 3282/1170/406 3267/1155/405 3278/1166/405
f 3283/1171/407 3284/1172/407 3279/1167/216
f 3279/1167/216 3284/1172/407 3280/1168/217
f 3282/1170/406 3278/1166/405 3285/1173/406
f 3285/1173/406 3278/1166/405 3286/1174/405
f 3287/1175/408 3282/1170/406 3288/1176/408
f 3288/1176/408 3282/1170/406 3285/1173/406
f 3272/1160/214 3273/1161/64 3289/1177/214
f 3289/1177/214 3273/1161/64 3290/1178/64
f 3269/1157/13 3265/1153/1 3281/1169/14
f 3281/1169/14 3265/1153/1 3267/1155/1
f 3291/1179/15 3292/1180/15 3293/1181/15
f 3293/1181/15 3292/1180/15 3294/1182/15
f 3295/1183/222 3269/1157/13 3296/1184/1
f 3296/1184/1 3269/1157/13 3281/1169/14
f 3296/1184/408 3281/1169/406 3287/1175/408
f 3287/1175/408 3281/1169/406 3282/1170/406
f 3297/1185/223 3298/1186/18 3279/1167/223
f 3279/1167/223 3298/1186/18 3283/1171/18
f 3297/1185/223 3279/1167/223 3295/1183/222
f 3295/1183/222 3279/1167/223 3269/1157/13
f 3299/1187/409 3300/1188/132 3301/1189/1
f 3301/1189/1 3300/1188/132 3302/1190/1
f 3303/1191/410 3304/1192/19 3305/1193/410
f 3305/1193/410 3304/1192/19 3306/1194/21
f 3304/1192/19 3300/1188/132 3306/1194/21
f 3306/1194/21 3300/1188/132 3299/1187/409
f 3265/1153/213 3271/1159/213 3266/1154/404
f 3266/1154/404 3271/1159/213 3275/1163/404
f 3278/1166/405 3272/1160/214 3286/1174/405
f 3286/1174/405 3272/1160/214 3289/1177/214
f 3295/1183/15 3296/1184/408 3307/1195/15
f 3307/1195/15 3296/1184/408 3287/1175/408
f 3283/1171/24 3298/1186/24 3284/1172/24
f 3284/1172/24 3298/1186/24 3292/1180/24
f 3297/1185/15 3295/1183/15 3294/1182/15
f 3294/1182/15 3295/1183/15 3307/1195/15
f 3298/1186/15 3297/1185/15 3292/1180/15
f 3292/1180/15 3297/1185/15 3294/1182/15
f 3308/1196/227 3309/1197/411 3304/1192/227
f 3304/1192/227 3309/1197/411 3300/1188/411
f 3310/1198/24 3284/1172/24 3291/1179/24
f 3291/1179/24 3284/1172/24 3292/1180/24
f 3311/1199/15 3307/1195/15 3288/1176/408
f 3288/1176/408 3307/1195/15 3287/1175/408
f 3312/1200/229 3308/1196/227 3303/1191/229
f 3303/1191/229 3308/1196/227 3304/1192/227
f 3310/1198/407 3313/1201/217 3284/1172/407
f 3284/1172/407 3313/1201/217 3280/1168/217
f 3309/1197/411 3314/1202/24 3300/1188/411
f 3300/1188/411 3314/1202/24 3302/1190/24
f 3315/1203/28 3316/1204/28 3317/1205/28
f 3317/1205/28 3316/1204/28 3318/1206/28
f 3319/1207/1 3320/1208/14 3321/1209/1
f 3321/1209/1 3320/1208/14 3322/1210/1
f 3323/1211/29 3322/1210/232 3324/1212/412
f 3324/1212/412 3322/1210/232 3325/1213/232
f 3326/1214/234 3273/1161/64 3319/1207/234
f 3319/1207/234 3273/1161/64 3274/1162/64
f 3320/1208/413 3276/1164/24 3327/1215/413
f 3327/1215/413 3276/1164/24 3277/1165/24
f 3328/1216/414 3326/1214/234 3321/1209/414
f 3321/1209/414 3326/1214/234 3319/1207/234
f 3329/1217/236 3323/1211/29 3330/1218/237
f 3330/1218/237 3323/1211/29 3324/1212/412
f 3319/1207/1 3274/1162/1 3320/1208/14
f 3320/1208/14 3274/1162/1 3276/1164/1
f 3328/1216/414 3321/1209/414 3331/1219/415
f 3331/1219/415 3321/1209/414 3332/1220/415
f 3333/1221/416 3329/1217/236 3334/1222/416
f 3334/1222/416 3329/1217/236 3330/1218/237
f 3328/1216/414 3331/1219/415 3335/1223/414
f 3335/1223/414 3331/1219/415 3336/1224/415
f 3331/1219/415 3337/1225/417 3336/1224/415
f 3336/1224/415 3337/1225/417 3338/1226/417
f 3273/1161/64 3326/1214/234 3290/1178/64
f 3290/1178/64 3326/1214/234 3339/1227/234
f 3321/1209/1 3322/1210/1 3332/1220/1
f 3332/1220/1 3322/1210/1 3323/1211/241
f 3340/1228/28 3315/1203/28 3341/1229/28
f 3341/1229/28 3315/1203/28 3317/1205/28
f 3332/1220/1 3323/1211/241 3342/1230/1
f 3342/1230/1 3323/1211/241 3343/1231/37
f 3331/1219/415 3332/1220/415 3337/1225/417
f 3337/1225/417 3332/1220/415 3342/1230/417
f 3344/1232/243 3329/1217/243 3345/1233/244
f 3345/1233/244 3329/1217/243 3333/1221/244
f 3323/1211/241 3329/1217/243 3343/1231/37
f 3343/1231/37 3329/1217/243 3344/1232/243
f 3346/1234/418 3301/1189/1 3347/1235/137
f 3347/1235/137 3301/1189/1 3302/1190/1
f 3348/1236/419 3349/1237/420 3350/1238/247
f 3350/1238/247 3349/1237/420 3351/1239/247
f 3346/1234/418 3347/1235/137 3348/1236/419
f 3348/1236/419 3347/1235/137 3349/1237/420
f 3322/1210/232 3320/1208/413 3325/1213/232
f 3325/1213/232 3320/1208/413 3327/1215/413
f 3326/1214/234 3328/1216/414 3339/1227/234
f 3339/1227/234 3328/1216/414 3335/1223/414
f 3343/1231/28 3318/1206/28 3342/1230/417
f 3342/1230/417 3318/1206/28 3337/1225/417
f 3333/1221/24 3334/1222/24 3345/1233/24
f 3345/1233/24 3334/1222/24 3341/1229/24
f 3344/1232/28 3317/1205/28 3343/1231/28
f 3343/1231/28 3317/1205/28 3318/1206/28
f 3345/1233/28 3341/1229/28 3344/1232/28
f 3344/1232/28 3341/1229/28 3317/1205/28
f 3352/1240/248 3349/1237/248 3353/1241/421
f 3353/1241/421 3349/1237/248 3347/1235/421
f 3354/1242/24 3340/1228/24 3334/1222/24
f 3334/1222/24 3340/1228/24 3341/1229/24
f 3316/1204/28 3338/1226/417 3318/1206/28
f 3318/1206/28 3338/1226/417 3337/1225/417
f 3355/1243/250 3351/1239/250 3352/1240/248
f 3352/1240/248 3351/1239/250 3349/1237/248
f 3354/1242/416 3334/1222/416 3356/1244/237
f 3356/1244/237 3334/1222/416 3330/1218/237
f 3353/1241/421 3347/1235/421 3314/1202/24
f 3314/1202/24 3347/1235/421 3302/1190/24
f 3357/1245/42 3358/1246/53 3359/1247/42
f 3359/1247/42 3358/1246/53 3360/1248/42
f 3361/1249/2 3360/1248/213 3362/1250/403
f 3362/1250/403 3360/1248/213 3363/1251/213
f 3289/1177/214 3290/1178/64 3357/1245/214
f 3357/1245/214 3290/1178/64 3364/1252/64
f 3358/1246/404 3365/1253/24 3366/1254/404
f 3366/1254/404 3365/1253/24 3367/1255/24
f 3286/1174/405 3289/1177/214 3359/1247/405
f 3359/1247/405 3289/1177/214 3357/1245/214
f 3368/1256/216 3361/1249/2 3313/1201/217
f 3313/1201/217 3361/1249/2 3362/1250/403
f 3357/1245/42 3364/1252/42 3358/1246/53
f 3358/1246/53 3364/1252/42 3365/1253/42
f 3286/1174/405 3359/1247/405 3285/1173/406
f 3285/1173/406 3359/1247/405 3369/1257/406
f 3370/1258/407 3368/1256/216 3310/1198/407
f 3310/1198/407 3368/1256/216 3313/1201/217
f 3359/1247/42 3360/1248/42 3369/1257/42
f 3369/1257/42 3360/1248/42 3361/1249/251
f 3369/1257/42 3361/1249/251 3371/1259/42
f 3371/1259/42 3361/1249/251 3372/1260/44
f 3285/1173/406 3369/1257/406 3288/1176/408
f 3288/1176/408 3369/1257/406 3371/1259/408
f 3373/1261/253 3368/1256/253 3374/1262/254
f 3374/1262/254 3368/1256/253 3370/1258/254
f 3361/1249/251 3368/1256/253 3372/1260/44
f 3372/1260/44 3368/1256/253 3373/1261/253
f 3375/1263/422 3376/1264/42 3309/1197/140
f 3309/1197/140 3376/1264/42 3314/1202/42
f 3377/1265/423 3308/1196/424 3378/1266/257
f 3378/1266/257 3308/1196/424 3312/1200/257
f 3375/1263/422 3309/1197/140 3377/1265/423
f 3377/1265/423 3309/1197/140 3308/1196/424
f 3360/1248/213 3358/1246/404 3363/1251/213
f 3363/1251/213 3358/1246/404 3366/1254/404
f 3372/1260/15 3311/1199/15 3371/1259/408
f 3371/1259/408 3311/1199/15 3288/1176/408
f 3370/1258/24 3310/1198/24 3374/1262/24
f 3374/1262/24 3310/1198/24 3291/1179/24
f 3373/1261/15 3293/1181/15 3372/1260/15
f 3372/1260/15 3293/1181/15 3311/1199/15
f 3374/1262/15 3291/1179/15 3373/1261/15
f 3373/1261/15 3291/1179/15 3293/1181/15
f 3379/1267/42 3380/1268/53 3381/1269/42
f 3381/1269/42 3380/1268/53 3382/1270/42
f 3383/1271/29 3384/1272/412 3379/1267/232
f 3379/1267/232 3384/1272/412 3385/1273/232
f 3339/1227/234 3382/1270/234 3290/1178/64
f 3290/1178/64 3382/1270/234 3364/1252/64
f 3380/1268/413 3386/1274/413 3365/1253/24
f 3365/1253/24 3386/1274/413 3367/1255/24
f 3335/1223/414 3381/1269/414 3339/1227/234
f 3339/1227/234 3381/1269/414 3382/1270/234
f 3387/1275/236 3356/1244/237 3383/1271/29
f 3383/1271/29 3356/1244/237 3384/1272/412
f 3382/1270/42 3380/1268/53 3364/1252/42
f 3364/1252/42 3380/1268/53 3365/1253/42
f 3388/1276/415 3381/1269/414 3336/1224/415
f 3336/1224/415 3381/1269/414 3335/1223/414
f 3389/1277/416 3354/1242/416 3387/1275/236
f 3387/1275/236 3354/1242/416 3356/1244/237
f 3383/1271/52 3379/1267/42 3388/1276/53
f 3388/1276/53 3379/1267/42 3381/1269/42
f 3390/1278/258 3383/1271/52 3391/1279/42
f 3391/1279/42 3383/1271/52 3388/1276/53
f 3391/1279/417 3388/1276/415 3338/1226/417
f 3338/1226/417 3388/1276/415 3336/1224/415
f 3392/1280/259 3393/1281/56 3387/1275/259
f 3387/1275/259 3393/1281/56 3389/1277/56
f 3392/1280/259 3387/1275/259 3390/1278/258
f 3390/1278/258 3387/1275/259 3383/1271/52
f 3394/1282/425 3353/1241/142 3376/1264/42
f 3376/1264/42 3353/1241/142 3314/1202/42
f 3355/1243/426 3352/1240/50 3395/1283/426
f 3395/1283/426 3352/1240/50 3396/1284/48
f 3352/1240/50 3353/1241/142 3396/1284/48
f 3396/1284/48 3353/1241/142 3394/1282/425
f 3379/1267/232 3385/1273/232 3380/1268/413
f 3380/1268/413 3385/1273/232 3386/1274/413
f 3390/1278/28 3391/1279/417 3316/1204/28
f 3316/1204/28 3391/1279/417 3338/1226/417
f 3389/1277/24 3393/1281/24 3354/1242/24
f 3354/1242/24 3393/1281/24 3340/1228/24
f 3392/1280/28 3390/1278/28 3315/1203/28
f 3315/1203/28 3390/1278/28 3316/1204/28
f 3393/1281/28 3392/1280/28 3340/1228/28
f 3340/1228/28 3392/1280/28 3315/1203/28
f 3293/1181/15 3294/1182/15 3311/1199/15
f 3311/1199/15 3294/1182/15 3307/1195/15
f 3397/757/14 3398/758/14 3399/759/14
f 3399/759/14 3398/758/14 3400/760/14
f 3401/761/211 3402/762/212 3397/757/213
f 3397/757/213 3402/762/212 3403/763/213
f 3404/764/214 3400/760/214 3405/765/64
f 3405/765/64 3400/760/214 3406/766/64
f 3398/758/215 3407/767/215 3408/768/24
f 3408/768/24 3407/767/215 3409/769/24
f 3410/770/5 3399/759/5 3404/764/214
f 3404/764/214 3399/759/5 3400/760/214
f 3411/771/216 3412/772/217 3401/761/211
f 3401/761/211 3412/772/217 3402/762/212
f 3400/760/14 3398/758/14 3406/766/14
f 3406/766/14 3398/758/14 3408/768/14
f 3413/773/218 3399/759/5 3414/774/218
f 3414/774/218 3399/759/5 3410/770/5
f 3415/775/219 3416/776/219 3411/771/216
f 3411/771/216 3416/776/219 3412/772/217
f 3414/774/218 3410/770/5 3417/777/218
f 3417/777/218 3410/770/5 3418/778/5
f 3419/779/220 3414/774/218 3420/780/220
f 3420/780/220 3414/774/218 3417/777/218
f 3404/764/214 3405/765/64 3421/781/214
f 3421/781/214 3405/765/64 3422/782/64
f 3401/761/13 3397/757/14 3413/773/14
f 3413/773/14 3397/757/14 3399/759/14
f 3423/783/221 3424/784/221 3425/785/221
f 3425/785/221 3424/784/221 3426/786/221
f 3427/787/222 3401/761/13 3428/788/14
f 3428/788/14 3401/761/13 3413/773/14
f 3428/788/220 3413/773/218 3419/779/220
f 3419/779/220 3413/773/218 3414/774/218
f 3429/789/223 3430/790/18 3411/771/223
f 3411/771/223 3430/790/18 3415/775/18
f 3429/789/223 3411/771/223 3427/787/222
f 3427/787/222 3411/771/223 3401/761/13
f 3431/791/131 3432/792/132 3433/793/14
f 3433/793/14 3432/792/132 3434/794/14
f 3435/795/224 3436/796/225 3437/797/224
f 3437/797/224 3436/796/225 3438/798/226
f 3436/796/225 3432/792/132 3438/798/226
f 3438/798/226 3432/792/132 3431/791/131
f 3397/757/213 3403/763/213 3398/758/215
f 3398/758/215 3403/763/213 3407/767/215
f 3410/770/5 3404/764/214 3418/778/5
f 3418/778/5 3404/764/214 3421/781/214
f 3427/787/221 3428/788/220 3439/799/221
f 3439/799/221 3428/788/220 3419/779/220
f 3415/775/24 3430/790/24 3416/776/24
f 3416/776/24 3430/790/24 3424/784/24
f 3429/789/221 3427/787/221 3426/786/221
f 3426/786/221 3427/787/221 3439/799/221
f 3430/790/221 3429/789/221 3424/784/221
f 3424/784/221 3429/789/221 3426/786/221
f 3440/800/227 3441/801/228 3436/796/227
f 3436/796/227 3441/801/228 3432/792/228
f 3442/802/24 3416/776/24 3423/783/24
f 3423/783/24 3416/776/24 3424/784/24
f 3443/803/221 3439/799/221 3420/780/220
f 3420/780/220 3439/799/221 3419/779/220
f 3444/804/229 3440/800/227 3435/795/229
f 3435/795/229 3440/800/227 3436/796/227
f 3442/802/219 3445/805/217 3416/776/219
f 3416/776/219 3445/805/217 3412/772/217
f 3441/801/228 3446/806/24 3432/792/228
f 3432/792/228 3446/806/24 3434/794/24
f 3447/807/230 3448/808/230 3449/809/230
f 3449/809/230 3448/808/230 3450/810/230
f 3451/811/14 3452/812/14 3453/813/14
f 3453/813/14 3452/812/14 3454/814/14
f 3455/815/231 3454/814/232 3456/816/233
f 3456/816/233 3454/814/232 3457/817/232
f 3458/818/234 3405/765/64 3451/811/234
f 3451/811/234 3405/765/64 3406/766/64
f 3452/812/235 3408/768/24 3459/819/235
f 3459/819/235 3408/768/24 3409/769/24
f 3460/820/6 3458/818/234 3453/813/6
f 3453/813/6 3458/818/234 3451/811/234
f 3461/821/236 3455/815/231 3462/822/237
f 3462/822/237 3455/815/231 3456/816/233
f 3451/811/14 3406/766/14 3452/812/14
f 3452/812/14 3406/766/14 3408/768/14
f 3460/820/6 3453/813/6 3463/823/238
f 3463/823/238 3453/813/6 3464/824/238
f 3465/825/239 3461/821/236 3466/826/239
f 3466/826/239 3461/821/236 3462/822/237
f 3460/820/6 3463/823/238 3467/827/6
f 3467/827/6 3463/823/238 3468/828/238
f 3463/823/238 3469/829/240 3468/828/238
f 3468/828/238 3469/829/240 3470/830/240
f 3405/765/64 3458/818/234 3422/782/64
f 3422/782/64 3458/818/234 3471/831/234
f 3453/813/14 3454/814/14 3464/824/14
f 3464/824/14 3454/814/14 3455/815/241
f 3472/832/230 3447/807/230 3473/833/230
f 3473/833/230 3447/807/230 3449/809/230
f 3464/824/14 3455/815/241 3474/834/14
f 3474/834/14 3455/815/241 3475/835/242
f 3463/823/238 3464/824/238 3469/829/240
f 3469/829/240 3464/824/238 3474/834/240
f 3476/836/243 3461/821/243 3477/837/244
f 3477/837/244 3461/821/243 3465/825/244
f 3455/815/241 3461/821/243 3475/835/242
f 3475/835/242 3461/821/243 3476/836/243
f 3478/838/136 3433/793/14 3479/839/137
f 3479/839/137 3433/793/14 3434/794/14
f 3480/840/245 3481/841/246 3482/842/247
f 3482/842/247 3481/841/246 3483/843/247
f 3478/838/136 3479/839/137 3480/840/245
f 3480/840/245 3479/839/137 3481/841/246
f 3454/814/232 3452/812/235 3457/817/232
f 3457/817/232 3452/812/235 3459/819/235
f 3458/818/234 3460/820/6 3471/831/234
f 3471/831/234 3460/820/6 3467/827/6
f 3475/835/230 3450/810/230 3474/834/240
f 3474/834/240 3450/810/230 3469/829/240
f 3465/825/24 3466/826/24 3477/837/24
f 3477/837/24 3466/826/24 3473/833/24
f 3476/836/230 3449/809/230 3475/835/230
f 3475/835/230 3449/809/230 3450/810/230
f 3477/837/230 3473/833/230 3476/836/230
f 3476/836/230 3473/833/230 3449/809/230
f 3484/844/248 3481/841/248 3485/845/249
f 3485/845/249 3481/841/248 3479/839/249
f 3486/846/24 3472/832/24 3466/826/24
f 3466/826/24 3472/832/24 3473/833/24
f 3448/808/230 3470/830/240 3450/810/230
f 3450/810/230 3470/830/240 3469/829/240
f 3487/847/250 3483/843/250 3484/844/248
f 3484/844/248 3483/843/250 3481/841/248
f 3486/846/239 3466/826/239 3488/848/237
f 3488/848/237 3466/826/239 3462/822/237
f 3485/845/249 3479/839/249 3446/806/24
f 3446/806/24 3479/839/249 3434/794/24
f 3489/849/53 3490/850/53 3491/851/53
f 3491/851/53 3490/850/53 3492/852/53
f 3493/853/211 3492/852/213 3494/854/212
f 3494/854/212 3492/852/213 3495/855/213
f 3421/781/214 3422/782/64 3489/849/214
f 3489/849/214 3422/782/64 3496/856/64
f 3490/850/215 3497/857/24 3498/858/215
f 3498/858/215 3497/857/24 3499/859/24
f 3418/778/5 3421/781/214 3491/851/5
f 3491/851/5 3421/781/214 3489/849/214
f 3500/860/216 3493/853/211 3445/805/217
f 3445/805/217 3493/853/211 3494/854/212
f 3489/849/53 3496/856/53 3490/850/53
f 3490/850/53 3496/856/53 3497/857/53
f 3418/778/5 3491/851/5 3417/777/218
f 3417/777/218 3491/851/5 3501/861/218
f 3502/862/219 3500/860/216 3442/802/219
f 3442/802/219 3500/860/216 3445/805/217
f 3491/851/53 3492/852/53 3501/861/53
f 3501/861/53 3492/852/53 3493/853/251
f 3501/861/53 3493/853/251 3503/863/53
f 3503/863/53 3493/853/251 3504/864/252
f 3417/777/218 3501/861/218 3420/780/220
f 3420/780/220 3501/861/218 3503/863/220
f 3505/865/253 3500/860/253 3506/866/254
f 3506/866/254 3500/860/253 3502/862/254
f 3493/853/251 3500/860/253 3504/864/252
f 3504/864/252 3500/860/253 3505/865/253
f 3507/867/139 3508/868/53 3441/801/140
f 3441/801/140 3508/868/53 3446/806/53
f 3509/869/255 3440/800/256 3510/870/257
f 3510/870/257 3440/800/256 3444/804/257
f 3507/867/139 3441/801/140 3509/869/255
f 3509/869/255 3441/801/140 3440/800/256
f 3492/852/213 3490/850/215 3495/855/213
f 3495/855/213 3490/850/215 3498/858/215
f 3504/864/221 3443/803/221 3503/863/220
f 3503/863/220 3443/803/221 3420/780/220
f 3502/862/24 3442/802/24 3506/866/24
f 3506/866/24 3442/802/24 3423/783/24
f 3505/865/221 3425/785/221 3504/864/221
f 3504/864/221 3425/785/221 3443/803/221
f 3506/866/221 3423/783/221 3505/865/221
f 3505/865/221 3423/783/221 3425/785/221
f 3511/871/53 3512/872/53 3513/873/53
f 3513/873/53 3512/872/53 3514/874/53
f 3515/875/231 3516/876/233 3511/871/232
f 3511/871/232 3516/876/233 3517/877/232
f 3471/831/234 3514/874/234 3422/782/64
f 3422/782/64 3514/874/234 3496/856/64
f 3512/872/235 3518/878/235 3497/857/24
f 3497/857/24 3518/878/235 3499/859/24
f 3467/827/6 3513/873/6 3471/831/234
f 3471/831/234 3513/873/6 3514/874/234
f 3519/879/236 3488/848/237 3515/875/231
f 3515/875/231 3488/848/237 3516/876/233
f 3514/874/53 3512/872/53 3496/856/53
f 3496/856/53 3512/872/53 3497/857/53
f 3520/880/238 3513/873/6 3468/828/238
f 3468/828/238 3513/873/6 3467/827/6
f 3521/881/239 3486/846/239 3519/879/236
f 3519/879/236 3486/846/239 3488/848/237
f 3515/875/52 3511/871/53 3520/880/53
f 3520/880/53 3511/871/53 3513/873/53
f 3522/882/258 3515/875/52 3523/883/53
f 3523/883/53 3515/875/52 3520/880/53
f 3523/883/240 3520/880/238 3470/830/240
f 3470/830/240 3520/880/238 3468/828/238
f 3524/884/259 3525/885/56 3519/879/259
f 3519/879/259 3525/885/56 3521/881/56
f 3524/884/259 3519/879/259 3522/882/258
f 3522/882/258 3519/879/259 3515/875/52
f 3526/886/141 3485/845/142 3508/868/53
f 3508/868/53 3485/845/142 3446/806/53
f 3487/847/260 3484/844/261 3527/887/260
f 3527/887/260 3484/844/261 3528/888/262
f 3484/844/261 3485/845/142 3528/888/262
f 3528/888/262 3485/845/142 3526/886/141
f 3511/871/232 3517/877/232 3512/872/235
f 3512/872/235 3517/877/232 3518/878/235
f 3522/882/230 3523/883/240 3448/808/230
f 3448/808/230 3523/883/240 3470/830/240
f 3521/881/24 3525/885/24 3486/846/24
f 3486/846/24 3525/885/24 3472/832/24
f 3524/884/230 3522/882/230 3447/807/230
f 3447/807/230 3522/882/230 3448/808/230
f 3525/885/230 3524/884/230 3472/832/230
f 3472/832/230 3524/884/230 3447/807/230
f 3425/785/221 3426/786/221 3443/803/221
f 3443/803/221 3426/786/221 3439/799/221
f 3529/757/14 3530/758/14 3531/759/14
f 3531/759/14 3530/758/14 3532/760/14
f 3533/761/211 3534/762/212 3529/757/213
f 3529/757/213 3534/762/212 3535/763/213
f 3536/764/214 3532/760/214 3537/765/64
f 3537/765/64 3532/760/214 3538/766/64
f 3530/758/215 3539/767/215 3540/768/24
f 3540/768/24 3539/767/215 3541/769/24
f 3542/770/5 3531/759/5 3536/764/214
f 3536/764/214 3531/759/5 3532/760/214
f 3543/771/216 3544/772/217 3533/761/211
f 3533/761/211 3544/772/217 3534/762/212
f 3532/760/14 3530/758/14 3538/766/14
f 3538/766/14 3530/758/14 3540/768/14
f 3545/773/218 3531/759/5 3546/774/218
f 3546/774/218 3531/759/5 3542/770/5
f 3547/775/219 3548/776/219 3543/771/216
f 3543/771/216 3548/776/219 3544/772/217
f 3546/774/218 3542/770/5 3549/777/218
f 3549/777/218 3542/770/5 3550/778/5
f 3551/779/220 3546/774/218 3552/780/220
f 3552/780/220 3546/774/218 3549/777/218
f 3536/764/214 3537/765/64 3553/781/214
f 3553/781/214 3537/765/64 3554/782/64
f 3533/761/13 3529/757/14 3545/773/14
f 3545/773/14 3529/757/14 3531/759/14
f 3555/783/221 3556/784/221 3557/785/221
f 3557/785/221 3556/784/221 3558/786/221
f 3559/787/222 3533/761/13 3560/788/14
f 3560/788/14 3533/761/13 3545/773/14
f 3560/788/220 3545/773/218 3551/779/220
f 3551/779/220 3545/773/218 3546/774/218
f 3561/789/223 3562/790/18 3543/771/223
f 3543/771/223 3562/790/18 3547/775/18
f 3561/789/223 3543/771/223 3559/787/222
f 3559/787/222 3543/771/223 3533/761/13
f 3563/791/131 3564/792/132 3565/793/14
f 3565/793/14 3564/792/132 3566/794/14
f 3567/795/224 3568/796/225 3569/797/224
f 3569/797/224 3568/796/225 3570/798/226
f 3568/796/225 3564/792/132 3570/798/226
f 3570/798/226 3564/792/132 3563/791/131
f 3529/757/213 3535/763/213 3530/758/215
f 3530/758/215 3535/763/213 3539/767/215
f 3542/770/5 3536/764/214 3550/778/5
f 3550/778/5 3536/764/214 3553/781/214
f 3559/787/221 3560/788/220 3571/799/221
f 3571/799/221 3560/788/220 3551/779/220
f 3547/775/24 3562/790/24 3548/776/24
f 3548/776/24 3562/790/24 3556/784/24
f 3561/789/221 3559/787/221 3558/786/221
f 3558/786/221 3559/787/221 3571/799/221
f 3562/790/221 3561/789/221 3556/784/221
f 3556/784/221 3561/789/221 3558/786/221
f 3572/800/227 3573/801/228 3568/796/227
f 3568/796/227 3573/801/228 3564/792/228
f 3574/802/24 3548/776/24 3555/783/24
f 3555/783/24 3548/776/24 3556/784/24
f 3575/803/221 3571/799/221 3552/780/220
f 3552/780/220 3571/799/221 3551/779/220
f 3576/804/229 3572/800/227 3567/795/229
f 3567/795/229 3572/800/227 3568/796/227
f 3574/802/219 3577/805/217 3548/776/219
f 3548/776/219 3577/805/217 3544/772/217
f 3573/801/228 3578/806/24 3564/792/228
f 3564/792/228 3578/806/24 3566/794/24
f 3579/807/230 3580/808/230 3581/809/230
f 3581/809/230 3580/808/230 3582/810/230
f 3583/811/14 3584/812/14 3585/813/14
f 3585/813/14 3584/812/14 3586/814/14
f 3587/815/231 3586/814/232 3588/816/233
f 3588/816/233 3586/814/232 3589/817/232
f 3590/818/234 3537/765/64 3583/811/234
f 3583/811/234 3537/765/64 3538/766/64
f 3584/812/235 3540/768/24 3591/819/235
f 3591/819/235 3540/768/24 3541/769/24
f 3592/820/6 3590/818/234 3585/813/6
f 3585/813/6 3590/818/234 3583/811/234
f 3593/821/236 3587/815/231 3594/822/237
f 3594/822/237 3587/815/231 3588/816/233
f 3583/811/14 3538/766/14 3584/812/14
f 3584/812/14 3538/766/14 3540/768/14
f 3592/820/6 3585/813/6 3595/823/238
f 3595/823/238 3585/813/6 3596/824/238
f 3597/825/239 3593/821/236 3598/826/239
f 3598/826/239 3593/821/236 3594/822/237
f 3592/820/6 3595/823/238 3599/827/6
f 3599/827/6 3595/823/238 3600/828/238
f 3595/823/238 3601/829/240 3600/828/238
f 3600/828/238 3601/829/240 3602/830/240
f 3537/765/64 3590/818/234 3554/782/64
f 3554/782/64 3590/818/234 3603/831/234
f 3585/813/14 3586/814/14 3596/824/14
f 3596/824/14 3586/814/14 3587/815/241
f 3604/832/230 3579/807/230 3605/833/230
f 3605/833/230 3579/807/230 3581/809/230
f 3596/824/14 3587/815/241 3606/834/14
f 3606/834/14 3587/815/241 3607/835/242
f 3595/823/238 3596/824/238 3601/829/240
f 3601/829/240 3596/824/238 3606/834/240
f 3608/836/243 3593/821/243 3609/837/244
f 3609/837/244 3593/821/243 3597/825/244
f 3587/815/241 3593/821/243 3607/835/242
f 3607/835/242 3593/821/243 3608/836/243
f 3610/838/136 3565/793/14 3611/839/137
f 3611/839/137 3565/793/14 3566/794/14
f 3612/840/245 3613/841/246 3614/842/247
f 3614/842/247 3613/841/246 3615/843/247
f 3610/838/136 3611/839/137 3612/840/245
f 3612/840/245 3611/839/137 3613/841/246
f 3586/814/232 3584/812/235 3589/817/232
f 3589/817/232 3584/812/235 3591/819/235
f 3590/818/234 3592/820/6 3603/831/234
f 3603/831/234 3592/820/6 3599/827/6
f 3607/835/230 3582/810/230 3606/834/240
f 3606/834/240 3582/810/230 3601/829/240
f 3597/825/24 3598/826/24 3609/837/24
f 3609/837/24 3598/826/24 3605/833/24
f 3608/836/230 3581/809/230 3607/835/230
f 3607/835/230 3581/809/230 3582/810/230
f 3609/837/230 3605/833/230 3608/836/230
f 3608/836/230 3605/833/230 3581/809/230
f 3616/844/248 3613/841/248 3617/845/249
f 3617/845/249 3613/841/248 3611/839/249
f 3618/846/24 3604/832/24 3598/826/24
f 3598/826/24 3604/832/24 3605/833/24
f 3580/808/230 3602/830/240 3582/810/230
f 3582/810/230 3602/830/240 3601/829/240
f 3619/847/250 3615/843/250 3616/844/248
f 3616/844/248 3615/843/250 3613/841/248
f 3618/846/239 3598/826/239 3620/848/237
f 3620/848/237 3598/826/239 3594/822/237
f 3617/845/249 3611/839/249 3578/806/24
f 3578/806/24 3611/839/249 3566/794/24
f 3621/849/53 3622/850/53 3623/851/53
f 3623/851/53 3622/850/53 3624/852/53
f 3625/853/211 3624/852/213 3626/854/212
f 3626/854/212 3624/852/213 3627/855/213
f 3553/781/214 3554/782/64 3621/849/214
f 3621/849/214 3554/782/64 3628/856/64
f 3622/850/215 3629/857/24 3630/858/215
f 3630/858/215 3629/857/24 3631/859/24
f 3550/778/5 3553/781/214 3623/851/5
f 3623/851/5 3553/781/214 3621/849/214
f 3632/860/216 3625/853/211 3577/805/217
f 3577/805/217 3625/853/211 3626/854/212
f 3621/849/53 3628/856/53 3622/850/53
f 3622/850/53 3628/856/53 3629/857/53
f 3550/778/5 3623/851/5 3549/777/218
f 3549/777/218 3623/851/5 3633/861/218
f 3634/862/219 3632/860/216 3574/802/219
f 3574/802/219 3632/860/216 3577/805/217
f 3623/851/53 3624/852/53 3633/861/53
f 3633/861/53 3624/852/53 3625/853/251
f 3633/861/53 3625/853/251 3635/863/53
f 3635/863/53 3625/853/251 3636/864/252
f 3549/777/218 3633/861/218 3552/780/220
f 3552/780/220 3633/861/218 3635/863/220
f 3637/865/253 3632/860/253 3638/866/254
f 3638/866/254 3632/860/253 3634/862/254
f 3625/853/251 3632/860/253 3636/864/252
f 3636/864/252 3632/860/253 3637/865/253
f 3639/867/139 3640/868/53 3573/801/140
f 3573/801/140 3640/868/53 3578/806/53
f 3641/869/255 3572/800/256 3642/870/257
f 3642/870/257 3572/800/256 3576/804/257
f 3639/867/139 3573/801/140 3641/869/255
f 3641/869/255 3573/801/140 3572/800/256
f 3624/852/213 3622/850/215 3627/855/213
f 3627/855/213 3622/850/215 3630/858/215
f 3636/864/221 3575/803/221 3635/863/220
f 3635/863/220 3575/803/221 3552/780/220
f 3634/862/24 3574/802/24 3638/866/24
f 3638/866/24 3574/802/24 3555/783/24
f 3637/865/221 3557/785/221 3636/864/221
f 3636/864/221 3557/785/221 3575/803/221
f 3638/866/221 3555/783/221 3637/865/221
f 3637/865/221 3555/783/221 3557/785/221
f 3643/871/53 3644/872/53 3645/873/53
f 3645/873/53 3644/872/53 3646/874/53
f 3647/875/231 3648/876/233 3643/871/232
f 3643/871/232 3648/876/233 3649/877/232
f 3603/831/234 3646/874/234 3554/782/64
f 3554/782/64 3646/874/234 3628/856/64
f 3644/872/235 3650/878/235 3629/857/24
f 3629/857/24 3650/878/235 3631/859/24
f 3599/827/6 3645/873/6 3603/831/234
f 3603/831/234 3645/873/6 3646/874/234
f 3651/879/236 3620/848/237 3647/875/231
f 3647/875/231 3620/848/237 3648/876/233
f 3646/874/53 3644/872/53 3628/856/53
f 3628/856/53 3644/872/53 3629/857/53
f 3652/880/238 3645/873/6 3600/828/238
f 3600/828/238 3645/873/6 3599/827/6
f 3653/881/239 3618/846/239 3651/879/236
f 3651/879/236 3618/846/239 3620/848/237
f 3647/875/52 3643/871/53 3652/880/53
f 3652/880/53 3643/871/53 3645/873/53
f 3654/882/258 3647/875/52 3655/883/53
f 3655/883/53 3647/875/52 3652/880/53
f 3655/883/240 3652/880/238 3602/830/240
f 3602/830/240 3652/880/238 3600/828/238
f 3656/884/259 3657/885/56 3651/879/259
f 3651/879/259 3657/885/56 3653/881/56
f 3656/884/259 3651/879/259 3654/882/258
f 3654/882/258 3651/879/259 3647/875/52
f 3658/886/141 3617/845/142 3640/868/53
f 3640/868/53 3617/845/142 3578/806/53
f 3619/847/260 3616/844/261 3659/887/260
f 3659/887/260 3616/844/261 3660/888/262
f 3616/844/261 3617/845/142 3660/888/262
f 3660/888/262 3617/845/142 3658/886/141
f 3643/871/232 3649/877/232 3644/872/235
f 3644/872/235 3649/877/232 3650/878/235
f 3654/882/230 3655/883/240 3580/808/230
f 3580/808/230 3655/883/240 3602/830/240
f 3653/881/24 3657/885/24 3618/846/24
f 3618/846/24 3657/885/24 3604/832/24
f 3656/884/230 3654/882/230 3579/807/230
f 3579/807/230 3654/882/230 3580/808/230
f 3657/885/230 3656/884/230 3604/832/230
f 3604/832/230 3656/884/230 3579/807/230
f 3557/785/221 3558/786/221 3575/803/221
f 3575/803/221 3558/786/221 3571/799/221
f 3661/757/14 3662/758/14 3663/759/14
f 3663/759/14 3662/758/14 3664/760/14
f 3665/761/211 3666/762/212 3661/757/213
f 3661/757/213 3666/762/212 3667/763/213
f 3668/764/214 3664/760/214 3669/765/64
f 3669/765/64 3664/760/214 3670/766/64
f 3662/758/215 3671/767/215 3672/768/24
f 3672/768/24 3671/767/215 3673/769/24
f 3674/770/5 3663/759/5 3668/764/214
f 3668/764/214 3663/759/5 3664/760/214
f 3675/771/216 3676/772/217 3665/761/211
f 3665/761/211 3676/772/217 3666/762/212
f 3664/760/14 3662/758/14 3670/766/14
f 3670/766/14 3662/758/14 3672/768/14
f 3677/773/218 3663/759/5 3678/774/218
f 3678/774/218 3663/759/5 3674/770/5
f 3679/775/219 3680/776/219 3675/771/216
f 3675/771/216 3680/776/219 3676/772/217
f 3678/774/218 3674/770/5 3681/777/218
f 3681/777/218 3674/770/5 3682/778/5
f 3683/779/220 3678/774/218 3684/780/220
f 3684/780/220 3678/774/218 3681/777/218
f 3668/764/214 3669/765/64 3685/781/214
f 3685/781/214 3669/765/64 3686/782/64
f 3665/761/13 3661/757/14 3677/773/14
f 3677/773/14 3661/757/14 3663/759/14
f 3687/783/221 3688/784/221 3689/785/221
f 3689/785/221 3688/784/221 3690/786/221
f 3691/787/222 3665/761/13 3692/788/14
f 3692/788/14 3665/761/13 3677/773/14
f 3692/788/220 3677/773/218 3683/779/220
f 3683/779/220 3677/773/218 3678/774/218
f 3693/789/223 3694/790/18 3675/771/223
f 3675/771/223 3694/790/18 3679/775/18
f 3693/789/223 3675/771/223 3691/787/222
f 3691/787/222 3675/771/223 3665/761/13
f 3695/791/131 3696/792/132 3697/793/14
f 3697/793/14 3696/792/132 3698/794/14
f 3699/795/224 3700/796/225 3701/797/224
f 3701/797/224 3700/796/225 3702/798/226
f 3700/796/225 3696/792/132 3702/798/226
f 3702/798/226 3696/792/132 3695/791/131
f 3661/757/213 3667/763/213 3662/758/215
f 3662/758/215 3667/763/213 3671/767/215
f 3674/770/5 3668/764/214 3682/778/5
f 3682/778/5 3668/764/214 3685/781/214
f 3691/787/221 3692/788/220 3703/799/221
f 3703/799/221 3692/788/220 3683/779/220
f 3679/775/24 3694/790/24 3680/776/24
f 3680/776/24 3694/790/24 3688/784/24
f 3693/789/221 3691/787/221 3690/786/221
f 3690/786/221 3691/787/221 3703/799/221
f 3694/790/221 3693/789/221 3688/784/221
f 3688/784/221 3693/789/221 3690/786/221
f 3704/800/227 3705/801/228 3700/796/227
f 3700/796/227 3705/801/228 3696/792/228
f 3706/802/24 3680/776/24 3687/783/24
f 3687/783/24 3680/776/24 3688/784/24
f 3707/803/221 3703/799/221 3684/780/220
f 3684/780/220 3703/799/221 3683/779/220
f 3708/804/229 3704/800/227 3699/795/229
f 3699/795/229 3704/800/227 3700/796/227
f 3706/802/219 3709/805/217 3680/776/219
f 3680/776/219 3709/805/217 3676/772/217
f 3705/801/228 3710/806/24 3696/792/228
f 3696/792/228 3710/806/24 3698/794/24
f 3711/807/230 3712/808/230 3713/809/230
f 3713/809/230 3712/808/230 3714/810/230
f 3715/811/14 3716/812/14 3717/813/14
f 3717/813/14 3716/812/14 3718/814/14
f 3719/815/231 3718/814/232 3720/816/233
f 3720/816/233 3718/814/232 3721/817/232
f 3722/818/234 3669/765/64 3715/811/234
f 3715/811/234 3669/765/64 3670/766/64
f 3716/812/235 3672/768/24 3723/819/235
f 3723/819/235 3672/768/24 3673/769/24
f 3724/820/6 3722/818/234 3717/813/6
f 3717/813/6 3722/818/234 3715/811/234
f 3725/821/236 3719/815/231 3726/822/237
f 3726/822/237 3719/815/231 3720/816/233
f 3715/811/14 3670/766/14 3716/812/14
f 3716/812/14 3670/766/14 3672/768/14
f 3724/820/6 3717/813/6 3727/823/238
f 3727/823/238 3717/813/6 3728/824/238
f 3729/825/239 3725/821/236 3730/826/239
f 3730/826/239 3725/821/236 3726/822/237
f 3724/820/6 3727/823/238 3731/827/6
f 3731/827/6 3727/823/238 3732/828/238
f 3727/823/238 3733/829/240 3732/828/238
f 3732/828/238 3733/829/240 3734/830/240
f 3669/765/64 3722/818/234 3686/782/64
f 3686/782/64 3722/818/234 3735/831/234
f 3717/813/14 3718/814/14 3728/824/14
f 3728/824/14 3718/814/14 3719/815/241
f 3736/832/230 3711/807/230 3737/833/230
f 3737/833/230 3711/807/230 3713/809/230
f 3728/824/14 3719/815/241 3738/834/14
f 3738/834/14 3719/815/241 3739/835/242
f 3727/823/238 3728/824/238 3733/829/240
f 3733/829/240 3728/824/238 3738/834/240
f 3740/836/243 3725/821/243 3741/837/244
f 3741/837/244 3725/821/243 3729/825/244
f 3719/815/241 3725/821/243 3739/835/242
f 3739/835/242 3725/821/243 3740/836/243
f 3742/838/136 3697/793/14 3743/839/137
f 3743/839/137 3697/793/14 3698/794/14
f 3744/840/245 3745/841/246 3746/842/247
f 3746/842/247 3745/841/246 3747/843/247
f 3742/838/136 3743/839/137 3744/840/245
f 3744/840/245 3743/839/137 3745/841/246
f 3718/814/232 3716/812/235 3721/817/232
f 3721/817/232 3716/812/235 3723/819/235
f 3722/818/234 3724/820/6 3735/831/234
f 3735/831/234 3724/820/6 3731/827/6
f 3739/835/230 3714/810/230 3738/834/240
f 3738/834/240 3714/810/230 3733/829/240
f 3729/825/24 3730/826/24 3741/837/24
f 3741/837/24 3730/826/24 3737/833/24
f 3740/836/230 3713/809/230 3739/835/230
f 3739/835/230 3713/809/230 3714/810/230
f 3741/837/230 3737/833/230 3740/836/230
f 3740/836/230 3737/833/230 3713/809/230
f 3748/844/248 3745/841/248 3749/845/249
f 3749/845/249 3745/841/248 3743/839/249
f 3750/846/24 3736/832/24 3730/826/24
f 3730/826/24 3736/832/24 3737/833/24
f 3712/808/230 3734/830/240 3714/810/230
f 3714/810/230 3734/830/240 3733/829/240
f 3751/847/250 3747/843/250 3748/844/248
f 3748/844/248 3747/843/250 3745/841/248
f 3750/846/239 3730/826/239 3752/848/237
f 3752/848/237 3730/826/239 3726/822/237
f 3749/845/249 3743/839/249 3710/806/24
f 3710/806/24 3743/839/249 3698/794/24
f 3753/849/53 3754/850/53 3755/851/53
f 3755/851/53 3754/850/53 3756/852/53
f 3757/853/211 3756/852/213 3758/854/212
f 3758/854/212 3756/852/213 3759/855/213
f 3685/781/214 3686/782/64 3753/849/214
f 3753/849/214 3686/782/64 3760/856/64
f 3754/850/215 3761/857/24 3762/858/215
f 3762/858/215 3761/857/24 3763/859/24
f 3682/778/5 3685/781/214 3755/851/5
f 3755/851/5 3685/781/214 3753/849/214
f 3764/860/216 3757/853/211 3709/805/217
f 3709/805/217 3757/853/211 3758/854/212
f 3753/849/53 3760/856/53 3754/850/53
f 3754/850/53 3760/856/53 3761/857/53
f 3682/778/5 3755/851/5 3681/777/218
f 3681/777/218 3755/851/5 3765/861/218
f 3766/862/219 3764/860/216 3706/802/219
f 3706/802/219 3764/860/216 3709/805/217
f 3755/851/53 3756/852/53 3765/861/53
f 3765/861/53 3756/852/53 3757/853/251
f 3765/861/53 3757/853/251 3767/863/53
f 3767/863/53 3757/853/251 3768/864/252
f 3681/777/218 3765/861/218 3684/780/220
f 3684/780/220 3765/861/218 3767/863/220
f 3769/865/253 3764/860/253 3770/866/254
f 3770/866/254 3764/860/253 3766/862/254
f 3757/853/251 3764/860/253 3768/864/252
f 3768/864/252 3764/860/253 3769/865/253
f 3771/867/139 3772/868/53 3705/801/140
f 3705/801/140 3772/868/53 3710/806/53
f 3773/869/255 3704/800/256 3774/870/257
f 3774/870/257 3704/800/256 3708/804/257
f 3771/867/139 3705/801/140 3773/869/255
f 3773/869/255 3705/801/140 3704/800/256
f 3756/852/213 3754/850/215 3759/855/213
f 3759/855/213 3754/850/215 3762/858/215
f 3768/864/221 3707/803/221 3767/863/220
f 3767/863/220 3707/803/221 3684/780/220
f 3766/862/24 3706/802/24 3770/866/24
f 3770/866/24 3706/802/24 3687/783/24
f 3769/865/221 3689/785/221 3768/864/221
f 3768/864/221 3689/785/221 3707/803/221
f 3770/866/221 3687/783/221 3769/865/221
f 3769/865/221 3687/783/221 3689/785/221
f 3775/871/53 3776/872/53 3777/873/53
f 3777/873/53 3776/872/53 3778/874/53
f 3779/875/231 3780/876/233 3775/871/232
f 3775/871/232 3780/876/233 3781/877/232
f 3735/831/234 3778/874/234 3686/782/64
f 3686/782/64 3778/874/234 3760/856/64
f 3776/872/235 3782/878/235 3761/857/24
f 3761/857/24 3782/878/235 3763/859/24
f 3731/827/6 3777/873/6 3735/831/234
f 3735/831/234 3777/873/6 3778/874/234
f 3783/879/236 3752/848/237 3779/875/231
f 3779/875/231 3752/848/237 3780/876/233
f 3778/874/53 3776/872/53 3760/856/53
f 3760/856/53 3776/872/53 3761/857/53
f 3784/880/238 3777/873/6 3732/828/238
f 3732/828/238 3777/873/6 3731/827/6
f 3785/881/239 3750/846/239 3783/879/236
f 3783/879/236 3750/846/239 3752/848/237
f 3779/875/52 3775/871/53 3784/880/53
f 3784/880/53 3775/871/53 3777/873/53
f 3786/882/258 3779/875/52 3787/883/53
f 3787/883/53 3779/875/52 3784/880/53
f 3787/883/240 3784/880/238 3734/830/240
f 3734/830/240 3784/880/238 3732/828/238
f 3788/884/259 3789/885/56 3783/879/259
f 3783/879/259 3789/885/56 3785/881/56
f 3788/884/259 3783/879/259 3786/882/258
f 3786/882/258 3783/879/259 3779/875/52
f 3790/886/141 3749/845/142 3772/868/53
f 3772/868/53 3749/845/142 3710/806/53
f 3751/847/260 3748/844/261 3791/887/260
f 3791/887/260 3748/844/261 3792/888/262
f 3748/844/261 3749/845/142 3792/888/262
f 3792/888/262 3749/845/142 3790/886/141
f 3775/871/232 3781/877/232 3776/872/235
f 3776/872/235 3781/877/232 3782/878/235
f 3786/882/230 3787/883/240 3712/808/230
f 3712/808/230 3787/883/240 3734/830/240
f 3785/881/24 3789/885/24 3750/846/24
f 3750/846/24 3789/885/24 3736/832/24
f 3788/884/230 3786/882/230 3711/807/230
f 3711/807/230 3786/882/230 3712/808/230
f 3789/885/230 3788/884/230 3736/832/230
f 3736/832/230 3788/884/230 3711/807/230
f 3689/785/221 3690/786/221 3707/803/221
f 3707/803/221 3690/786/221 3703/799/221
f 3793/1021/333 3794/1022/334 3795/1023/333
f 3795/1023/333 3794/1022/334 3796/1024/333
f 3797/1025/335 3798/1026/336 3793/1021/337
f 3793/1021/337 3798/1026/336 3799/1027/337
f 3800/1028/338 3796/1024/338 3801/1029/64
f 3801/1029/64 3796/1024/338 3802/1030/64
f 3794/1022/339 3803/1031/339 3804/1032/24
f 3804/1032/24 3803/1031/339 3805/1033/24
f 3806/1034/340 3795/1023/340 3800/1028/338
f 3800/1028/338 3795/1023/340 3796/1024/338
f 3807/1035/341 3808/1036/342 3797/1025/335
f 3797/1025/335 3808/1036/342 3798/1026/336
f 3796/1024/333 3794/1022/334 3802/1030/333
f 3802/1030/333 3794/1022/334 3804/1032/333
f 3809/1037/343 3795/1023/340 3810/1038/343
f 3810/1038/343 3795/1023/340 3806/1034/340
f 3811/1039/344 3812/1040/344 3807/1035/341
f 3807/1035/341 3812/1040/344 3808/1036/342
f 3810/1038/343 3806/1034/340 3813/1041/343
f 3813/1041/343 3806/1034/340 3814/1042/340
f 3815/1043/345 3810/1038/343 3816/1044/345
f 3816/1044/345 3810/1038/343 3813/1041/343
f 3800/1028/338 3801/1029/64 3817/1045/338
f 3817/1045/338 3801/1029/64 3818/1046/64
f 3797/1025/346 3793/1021/333 3809/1037/334
f 3809/1037/334 3793/1021/333 3795/1023/333
f 3819/1047/347 3820/1048/347 3821/1049/347
f 3821/1049/347 3820/1048/347 3822/1050/347
f 3823/1051/348 3797/1025/346 3824/1052/333
f 3824/1052/333 3797/1025/346 3809/1037/334
f 3824/1052/345 3809/1037/343 3815/1043/345
f 3815/1043/345 3809/1037/343 3810/1038/343
f 3825/1053/349 3826/1054/350 3807/1035/349
f 3807/1035/349 3826/1054/350 3811/1039/350
f 3825/1053/349 3807/1035/349 3823/1051/348
f 3823/1051/348 3807/1035/349 3797/1025/346
f 3827/1055/351 3828/1056/352 3829/1057/333
f 3829/1057/333 3828/1056/352 3830/1058/333
f 3831/1059/353 3832/1060/354 3833/1061/353
f 3833/1061/353 3832/1060/354 3834/1062/355
f 3832/1060/354 3828/1056/352 3834/1062/355
f 3834/1062/355 3828/1056/352 3827/1055/351
f 3793/1021/337 3799/1027/337 3794/1022/339
f 3794/1022/339 3799/1027/337 3803/1031/339
f 3806/1034/340 3800/1028/338 3814/1042/340
f 3814/1042/340 3800/1028/338 3817/1045/338
f 3823/1051/347 3824/1052/345 3835/1063/347
f 3835/1063/347 3824/1052/345 3815/1043/345
f 3811/1039/24 3826/1054/24 3812/1040/24
f 3812/1040/24 3826/1054/24 3820/1048/24
f 3825/1053/347 3823/1051/347 3822/1050/347
f 3822/1050/347 3823/1051/347 3835/1063/347
f 3826/1054/347 3825/1053/347 3820/1048/347
f 3820/1048/347 3825/1053/347 3822/1050/347
f 3836/1064/356 3837/1065/357 3832/1060/356
f 3832/1060/356 3837/1065/357 3828/1056/357
f 3838/1066/24 3812/1040/24 3819/1047/24
f 3819/1047/24 3812/1040/24 3820/1048/24
f 3839/1067/347 3835/1063/347 3816/1044/345
f 3816/1044/345 3835/1063/347 3815/1043/345
f 3840/1068/358 3836/1064/356 3831/1059/358
f 3831/1059/358 3836/1064/356 3832/1060/356
f 3838/1066/344 3841/1069/342 3812/1040/344
f 3812/1040/344 3841/1069/342 3808/1036/342
f 3837/1065/357 3842/1070/24 3828/1056/357
f 3828/1056/357 3842/1070/24 3830/1058/24
f 3843/1071/359 3844/1072/359 3845/1073/359
f 3845/1073/359 3844/1072/359 3846/1074/359
f 3847/1075/333 3848/1076/334 3849/1077/333
f 3849/1077/333 3848/1076/334 3850/1078/333
f 3851/1079/360 3850/1078/361 3852/1080/362
f 3852/1080/362 3850/1078/361 3853/1081/361
f 3854/1082/363 3801/1029/64 3847/1075/363
f 3847/1075/363 3801/1029/64 3802/1030/64
f 3848/1076/364 3804/1032/24 3855/1083/364
f 3855/1083/364 3804/1032/24 3805/1033/24
f 3856/1084/365 3854/1082/363 3849/1077/365
f 3849/1077/365 3854/1082/363 3847/1075/363
f 3857/1085/366 3851/1079/360 3858/1086/367
f 3858/1086/367 3851/1079/360 3852/1080/362
f 3847/1075/333 3802/1030/333 3848/1076/334
f 3848/1076/334 3802/1030/333 3804/1032/333
f 3856/1084/365 3849/1077/365 3859/1087/368
f 3859/1087/368 3849/1077/365 3860/1088/368
f 3861/1089/369 3857/1085/366 3862/1090/369
f 3862/1090/369 3857/1085/366 3858/1086/367
f 3856/1084/365 3859/1087/368 3863/1091/365
f 3863/1091/365 3859/1087/368 3864/1092/368
f 3859/1087/368 3865/1093/370 3864/1092/368
f 3864/1092/368 3865/1093/370 3866/1094/370
f 3801/1029/64 3854/1082/363 3818/1046/64
f 3818/1046/64 3854/1082/363 3867/1095/363
f 3849/1077/333 3850/1078/333 3860/1088/333
f 3860/1088/333 3850/1078/333 3851/1079/371
f 3868/1096/359 3843/1071/359 3869/1097/359
f 3869/1097/359 3843/1071/359 3845/1073/359
f 3860/1088/333 3851/1079/371 3870/1098/333
f 3870/1098/333 3851/1079/371 3871/1099/372
f 3859/1087/368 3860/1088/368 3865/1093/370
f 3865/1093/370 3860/1088/368 3870/1098/370
f 3872/1100/373 3857/1085/373 3873/1101/374
f 3873/1101/374 3857/1085/373 3861/1089/374
f 3851/1079/371 3857/1085/373 3871/1099/372
f 3871/1099/372 3857/1085/373 3872/1100/373
f 3874/1102/375 3829/1057/333 3875/1103/376
f 3875/1103/376 3829/1057/333 3830/1058/333
f 3876/1104/377 3877/1105/378 3878/1106/379
f 3878/1106/379 3877/1105/378 3879/1107/379
f 3874/1102/375 3875/1103/376 3876/1104/377
f 3876/1104/377 3875/1103/376 3877/1105/378
f 3850/1078/361 3848/1076/364 3853/1081/361
f 3853/1081/361 3848/1076/364 3855/1083/364
f 3854/1082/363 3856/1084/365 3867/1095/363
f 3867/1095/363 3856/1084/365 3863/1091/365
f 3871/1099/359 3846/1074/359 3870/1098/370
f 3870/1098/370 3846/1074/359 3865/1093/370
f 3861/1089/24 3862/1090/24 3873/1101/24
f 3873/1101/24 3862/1090/24 3869/1097/24
f 3872/1100/359 3845/1073/359 3871/1099/359
f 3871/1099/359 3845/1073/359 3846/1074/359
f 3873/1101/359 3869/1097/359 3872/1100/359
f 3872/1100/359 3869/1097/359 3845/1073/359
f 3880/1108/380 3877/1105/380 3881/1109/381
f 3881/1109/381 3877/1105/380 3875/1103/381
f 3882/1110/24 3868/1096/24 3862/1090/24
f 3862/1090/24 3868/1096/24 3869/1097/24
f 3844/1072/359 3866/1094/370 3846/1074/359
f 3846/1074/359 3866/1094/370 3865/1093/370
f 3883/1111/382 3879/1107/382 3880/1108/380
f 3880/1108/380 3879/1107/382 3877/1105/380
f 3882/1110/369 3862/1090/369 3884/1112/367
f 3884/1112/367 3862/1090/369 3858/1086/367
f 3881/1109/381 3875/1103/381 3842/1070/24
f 3842/1070/24 3875/1103/381 3830/1058/24
f 3885/1113/383 3886/1114/384 3887/1115/383
f 3887/1115/383 3886/1114/384 3888/1116/383
f 3889/1117/335 3888/1116/337 3890/1118/336
f 3890/1118/336 3888/1116/337 3891/1119/337
f 3817/1045/338 3818/1046/64 3885/1113/338
f 3885/1113/338 3818/1046/64 3892/1120/64
f 3886/1114/339 3893/1121/24 3894/1122/339
f 3894/1122/339 3893/1121/24 3895/1123/24
f 3814/1042/340 3817/1045/338 3887/1115/340
f 3887/1115/340 3817/1045/338 3885/1113/338
f 3896/1124/341 3889/1117/335 3841/1069/342
f 3841/1069/342 3889/1117/335 3890/1118/336
f 3885/1113/383 3892/1120/383 3886/1114/384
f 3886/1114/384 3892/1120/383 3893/1121/383
f 3814/1042/340 3887/1115/340 3813/1041/343
f 3813/1041/343 3887/1115/340 3897/1125/343
f 3898/1126/344 3896/1124/341 3838/1066/344
f 3838/1066/344 3896/1124/341 3841/1069/342
f 3887/1115/383 3888/1116/383 3897/1125/383
f 3897/1125/383 3888/1116/383 3889/1117/385
f 3897/1125/383 3889/1117/385 3899/1127/383
f 3899/1127/383 3889/1117/385 3900/1128/386
f 3813/1041/343 3897/1125/343 3816/1044/345
f 3816/1044/345 3897/1125/343 3899/1127/345
f 3901/1129/387 3896/1124/387 3902/1130/388
f 3902/1130/388 3896/1124/387 3898/1126/388
f 3889/1117/385 3896/1124/387 3900/1128/386
f 3900/1128/386 3896/1124/387 3901/1129/387
f 3903/1131/389 3904/1132/383 3837/1065/390
f 3837/1065/390 3904/1132/383 3842/1070/383
f 3905/1133/391 3836/1064/392 3906/1134/393
f 3906/1134/393 3836/1064/392 3840/1068/393
f 3903/1131/389 3837/1065/390 3905/1133/391
f 3905/1133/391 3837/1065/390 3836/1064/392
f 3888/1116/337 3886/1114/339 3891/1119/337
f 3891/1119/337 3886/1114/339 3894/1122/339
f 3900/1128/347 3839/1067/347 3899/1127/345
f 3899/1127/345 3839/1067/347 3816/1044/345
f 3898/1126/24 3838/1066/24 3902/1130/24
f 3902/1130/24 3838/1066/24 3819/1047/24
f 3901/1129/347 3821/1049/347 3900/1128/347
f 3900/1128/347 3821/1049/347 3839/1067/347
f 3902/1130/347 3819/1047/347 3901/1129/347
f 3901/1129/347 3819/1047/347 3821/1049/347
f 3907/1135/383 3908/1136/384 3909/1137/383
f 3909/1137/383 3908/1136/384 3910/1138/383
f 3911/1139/360 3912/1140/362 3907/1135/361
f 3907/1135/361 3912/1140/362 3913/1141/361
f 3867/1095/363 3910/1138/363 3818/1046/64
f 3818/1046/64 3910/1138/363 3892/1120/64
f 3908/1136/364 3914/1142/364 3893/1121/24
f 3893/1121/24 3914/1142/364 3895/1123/24
f 3863/1091/365 3909/1137/365 3867/1095/363
f 3867/1095/363 3909/1137/365 3910/1138/363
f 3915/1143/366 3884/1112/367 3911/1139/360
f 3911/1139/360 3884/1112/367 3912/1140/362
f 3910/1138/383 3908/1136/384 3892/1120/383
f 3892/1120/383 3908/1136/384 3893/1121/383
f 3916/1144/368 3909/1137/365 3864/1092/368
f 3864/1092/368 3909/1137/365 3863/1091/365
f 3917/1145/369 3882/1110/369 3915/1143/366
f 3915/1143/366 3882/1110/369 3884/1112/367
f 3911/1139/394 3907/1135/383 3916/1144/384
f 3916/1144/384 3907/1135/383 3909/1137/383
f 3918/1146/395 3911/1139/394 3919/1147/383
f 3919/1147/383 3911/1139/394 3916/1144/384
f 3919/1147/370 3916/1144/368 3866/1094/370
f 3866/1094/370 3916/1144/368 3864/1092/368
f 3920/1148/396 3921/1149/397 3915/1143/396
f 3915/1143/396 3921/1149/397 3917/1145/397
f 3920/1148/396 3915/1143/396 3918/1146/395
f 3918/1146/395 3915/1143/396 3911/1139/394
f 3922/1150/398 3881/1109/399 3904/1132/383
f 3904/1132/383 3881/1109/399 3842/1070/383
f 3883/1111/400 3880/1108/401 3923/1151/400
f 3923/1151/400 3880/1108/401 3924/1152/402
f 3880/1108/401 3881/1109/399 3924/1152/402
f 3924/1152/402 3881/1109/399 3922/1150/398
f 3907/1135/361 3913/1141/361 3908/1136/364
f 3908/1136/364 3913/1141/361 3914/1142/364
f 3918/1146/359 3919/1147/370 3844/1072/359
f 3844/1072/359 3919/1147/370 3866/1094/370
f 3917/1145/24 3921/1149/24 3882/1110/24
f 3882/1110/24 3921/1149/24 3868/1096/24
f 3920/1148/359 3918/1146/359 3843/1071/359
f 3843/1071/359 3918/1146/359 3844/1072/359
f 3921/1149/359 3920/1148/359 3868/1096/359
f 3868/1096/359 3920/1148/359 3843/1071/359
f 3821/1049/347 3822/1050/347 3839/1067/347
f 3839/1067/347 3822/1050/347 3835/1063/347
f 3925/1021/333 3926/1022/334 3927/1023/333
f 3927/1023/333 3926/1022/334 3928/1024/333
f 3929/1025/335 3930/1026/336 3925/1021/337
f 3925/1021/337 3930/1026/336 3931/1027/337
f 3932/1028/338 3928/1024/338 3933/1029/64
f 3933/1029/64 3928/1024/338 3934/1030/64
f 3926/1022/339 3935/1031/339 3936/1032/24
f 3936/1032/24 3935/1031/339 3937/1033/24
f 3938/1034/340 3927/1023/340 3932/1028/338
f 3932/1028/338 3927/1023/340 3928/1024/338
f 3939/1035/341 3940/1036/342 3929/1025/335
f 3929/1025/335 3940/1036/342 3930/1026/336
f 3928/1024/333 3926/1022/334 3934/1030/333
f 3934/1030/333 3926/1022/334 3936/1032/333
f 3941/1037/343 3927/1023/340 3942/1038/343
f 3942/1038/343 3927/1023/340 3938/1034/340
f 3943/1039/344 3944/1040/344 3939/1035/341
f 3939/1035/341 3944/1040/344 3940/1036/342
f 3942/1038/343 3938/1034/340 3945/1041/343
f 3945/1041/343 3938/1034/340 3946/1042/340
f 3947/1043/345 3942/1038/343 3948/1044/345
f 3948/1044/345 3942/1038/343 3945/1041/343
f 3932/1028/338 3933/1029/64 3949/1045/338
f 3949/1045/338 3933/1029/64 3950/1046/64
f 3929/1025/346 3925/1021/333 3941/1037/334
f 3941/1037/334 3925/1021/333 3927/1023/333
f 3951/1047/347 3952/1048/347 3953/1049/347
f 3953/1049/347 3952/1048/347 3954/1050/347
f 3955/1051/348 3929/1025/346 3956/1052/333
f 3956/1052/333 3929/1025/346 3941/1037/334
f 3956/1052/345 3941/1037/343 3947/1043/345
f 3947/1043/345 3941/1037/343 3942/1038/343
f 3957/1053/349 3958/1054/350 3939/1035/349
f 3939/1035/349 3958/1054/350 3943/1039/350
f 3957/1053/349 3939/1035/349 3955/1051/348
f 3955/1051/348 3939/1035/349 3929/1025/346
f 3959/1055/351 3960/1056/352 3961/1057/333
f 3961/1057/333 3960/1056/352 3962/1058/333
f 3963/1059/353 3964/1060/354 3965/1061/353
f 3965/1061/353 3964/1060/354 3966/1062/355
f 3964/1060/354 3960/1056/352 3966/1062/355
f 3966/1062/355 3960/1056/352 3959/1055/351
f 3925/1021/337 3931/1027/337 3926/1022/339
f 3926/1022/339 3931/1027/337 3935/1031/339
f 3938/1034/340 3932/1028/338 3946/1042/340
f 3946/1042/340 3932/1028/338 3949/1045/338
f 3955/1051/347 3956/1052/345 3967/1063/347
f 3967/1063/347 3956/1052/345 3947/1043/345
f 3943/1039/24 3958/1054/24 3944/1040/24
f 3944/1040/24 3958/1054/24 3952/1048/24
f 3957/1053/347 3955/1051/347 3954/1050/347
f 3954/1050/347 3955/1051/347 3967/1063/347
f 3958/1054/347 3957/1053/347 3952/1048/347
f 3952/1048/347 3957/1053/347 3954/1050/347
f 3968/1064/356 3969/1065/357 3964/1060/356
f 3964/1060/356 3969/1065/357 3960/1056/357
f 3970/1066/24 3944/1040/24 3951/1047/24
f 3951/1047/24 3944/1040/24 3952/1048/24
f 3971/1067/347 3967/1063/347 3948/1044/345
f 3948/1044/345 3967/1063/347 3947/1043/345
f 3972/1068/358 3968/1064/356 3963/1059/358
f 3963/1059/358 3968/1064/356 3964/1060/356
f 3970/1066/344 3973/1069/342 3944/1040/344
f 3944/1040/344 3973/1069/342 3940/1036/342
f 3969/1065/357 3974/1070/24 3960/1056/357
f 3960/1056/357 3974/1070/24 3962/1058/24
f 3975/1071/359 3976/1072/359 3977/1073/359
f 3977/1073/359 3976/1072/359 3978/1074/359
f 3979/1075/333 3980/1076/334 3981/1077/333
f 3981/1077/333 3980/1076/334 3982/1078/333
f 3983/1079/360 3982/1078/361 3984/1080/362
f 3984/1080/362 3982/1078/361 3985/1081/361
f 3986/1082/363 3933/1029/64 3979/1075/363
f 3979/1075/363 3933/1029/64 3934/1030/64
f 3980/1076/364 3936/1032/24 3987/1083/364
f 3987/1083/364 3936/1032/24 3937/1033/24
f 3988/1084/365 3986/1082/363 3981/1077/365
f 3981/1077/365 3986/1082/363 3979/1075/363
f 3989/1085/366 3983/1079/360 3990/1086/367
f 3990/1086/367 3983/1079/360 3984/1080/362
f 3979/1075/333 3934/1030/333 3980/1076/334
f 3980/1076/334 3934/1030/333 3936/1032/333
f 3988/1084/365 3981/1077/365 3991/1087/368
f 3991/1087/368 3981/1077/365 3992/1088/368
f 3993/1089/369 3989/1085/366 3994/1090/369
f 3994/1090/369 3989/1085/366 3990/1086/367
f 3988/1084/365 3991/1087/368 3995/1091/365
f 3995/1091/365 3991/1087/368 3996/1092/368
f 3991/1087/368 3997/1093/370 3996/1092/368
f 3996/1092/368 3997/1093/370 3998/1094/370
f 3933/1029/64 3986/1082/363 3950/1046/64
f 3950/1046/64 3986/1082/363 3999/1095/363
f 3981/1077/333 3982/1078/333 3992/1088/333
f 3992/1088/333 3982/1078/333 3983/1079/371
f 4000/1096/359 3975/1071/359 4001/1097/359
f 4001/1097/359 3975/1071/359 3977/1073/359
f 3992/1088/333 3983/1079/371 4002/1098/333
f 4002/1098/333 3983/1079/371 4003/1099/372
f 3991/1087/368 3992/1088/368 3997/1093/370
f 3997/1093/370 3992/1088/368 4002/1098/370
f 4004/1100/373 3989/1085/373 4005/1101/374
f 4005/1101/374 3989/1085/373 3993/1089/374
f 3983/1079/371 3989/1085/373 4003/1099/372
f 4003/1099/372 3989/1085/373 4004/1100/373
f 4006/1102/375 3961/1057/333 4007/1103/376
f 4007/1103/376 3961/1057/333 3962/1058/333
f 4008/1104/377 4009/1105/378 4010/1106/379
f 4010/1106/379 4009/1105/378 4011/1107/379
f 4006/1102/375 4007/1103/376 4008/1104/377
f 4008/1104/377 4007/1103/376 4009/1105/378
f 3982/1078/361 3980/1076/364 3985/1081/361
f 3985/1081/361 3980/1076/364 3987/1083/364
f 3986/1082/363 3988/1084/365 3999/1095/363
f 3999/1095/363 3988/1084/365 3995/1091/365
f 4003/1099/359 3978/1074/359 4002/1098/370
f 4002/1098/370 3978/1074/359 3997/1093/370
f 3993/1089/24 3994/1090/24 4005/1101/24
f 4005/1101/24 3994/1090/24 4001/1097/24
f 4004/1100/359 3977/1073/359 4003/1099/359
f 4003/1099/359 3977/1073/359 3978/1074/359
f 4005/1101/359 4001/1097/359 4004/1100/359
f 4004/1100/359 4001/1097/359 3977/1073/359
f 4012/1108/380 4009/1105/380 4013/1109/381
f 4013/1109/381 4009/1105/380 4007/1103/381
f 4014/1110/24 4000/1096/24 3994/1090/24
f 3994/1090/24 4000/1096/24 4001/1097/24
f 3976/1072/359 3998/1094/370 3978/1074/359
f 3978/1074/359 3998/1094/370 3997/1093/370
f 4015/1111/382 4011/1107/382 4012/1108/380
f 4012/1108/380 4011/1107/382 4009/1105/380
f 4014/1110/369 3994/1090/369 4016/1112/367
f 4016/1112/367 3994/1090/369 3990/1086/367
f 4013/1109/381 4007/1103/381 3974/1070/24
f 3974/1070/24 4007/1103/381 3962/1058/24
f 4017/1113/383 4018/1114/384 4019/1115/383
f 4019/1115/383 4018/1114/384 4020/1116/383
f 4021/1117/335 4020/1116/337 4022/1118/336
f 4022/1118/336 4020/1116/337 4023/1119/337
f 3949/1045/338 3950/1046/64 4017/1113/338
f 4017/1113/338 3950/1046/64 4024/1120/64
f 4018/1114/339 4025/1121/24 4026/1122/339
f 4026/1122/339 4025/1121/24 4027/1123/24
f 3946/1042/340 3949/1045/338 4019/1115/340
f 4019/1115/340 3949/1045/338 4017/1113/338
f 4028/1124/341 4021/1117/335 3973/1069/342
f 3973/1069/342 4021/1117/335 4022/1118/336
f 4017/1113/383 4024/1120/383 4018/1114/384
f 4018/1114/384 4024/1120/383 4025/1121/383
f 3946/1042/340 4019/1115/340 3945/1041/343
f 3945/1041/343 4019/1115/340 4029/1125/343
f 4030/1126/344 4028/1124/341 3970/1066/344
f 3970/1066/344 4028/1124/341 3973/1069/342
f 4019/1115/383 4020/1116/383 4029/1125/383
f 4029/1125/383 4020/1116/383 4021/1117/385
f 4029/1125/383 4021/1117/385 4031/1127/383
f 4031/1127/383 4021/1117/385 4032/1128/386
f 3945/1041/343 4029/1125/343 3948/1044/345
f 3948/1044/345 4029/1125/343 4031/1127/345
f 4033/1129/387 4028/1124/387 4034/1130/388
f 4034/1130/388 4028/1124/387 4030/1126/388
f 4021/1117/385 4028/1124/387 4032/1128/386
f 4032/1128/386 4028/1124/387 4033/1129/387
f 4035/1131/389 4036/1132/383 3969/1065/390
f 3969/1065/390 4036/1132/383 3974/1070/383
f 4037/1133/391 3968/1064/392 4038/1134/393
f 4038/1134/393 3968/1064/392 3972/1068/393
f 4035/1131/389 3969/1065/390 4037/1133/391
f 4037/1133/391 3969/1065/390 3968/1064/392
f 4020/1116/337 4018/1114/339 4023/1119/337
f 4023/1119/337 4018/1114/339 4026/1122/339
f 4032/1128/347 3971/1067/347 4031/1127/345
f 4031/1127/345 3971/1067/347 3948/1044/345
f 4030/1126/24 3970/1066/24 4034/1130/24
f 4034/1130/24 3970/1066/24 3951/1047/24
f 4033/1129/347 3953/1049/347 4032/1128/347
f 4032/1128/347 3953/1049/347 3971/1067/347
f 4034/1130/347 3951/1047/347 4033/1129/347
f 4033/1129/347 3951/1047/347 3953/1049/347
f 4039/1135/383 4040/1136/384 4041/1137/383
f 4041/1137/383 4040/1136/384 4042/1138/383
f 4043/1139/360 4044/1140/362 4039/1135/361
f 4039/1135/361 4044/1140/362 4045/1141/361
f 3999/1095/363 4042/1138/363 3950/1046/64
f 3950/1046/64 4042/1138/363 4024/1120/64
f 4040/1136/364 4046/1142/364 4025/1121/24
f 4025/1121/24 4046/1142/364 4027/1123/24
f 3995/1091/365 4041/1137/365 3999/1095/363
f 3999/1095/363 4041/1137/365 4042/1138/363
f 4047/1143/366 4016/1112/367 4043/1139/360
f 4043/1139/360 4016/1112/367 4044/1140/362
f 4042/1138/383 4040/1136/384 4024/1120/383
f 4024/1120/383 4040/1136/384 4025/1121/383
f 4048/1144/368 4041/1137/365 3996/1092/368
f 3996/1092/368 4041/1137/365 3995/1091/365
f 4049/1145/369 4014/1110/369 4047/1143/366
f 4047/1143/366 4014/1110/369 4016/1112/367
f 4043/1139/394 4039/1135/383 4048/1144/384
f 4048/1144/384 4039/1135/383 4041/1137/383
f 4050/1146/395 4043/1139/394 4051/1147/383
f 4051/1147/383 4043/1139/394 4048/1144/384
f 4051/1147/370 4048/1144/368 3998/1094/370
f 3998/1094/370 4048/1144/368 3996/1092/368
f 4052/1148/396 4053/1149/397 4047/1143/396
f 4047/1143/396 4053/1149/397 4049/1145/397
f 4052/1148/396 4047/1143/396 4050/1146/395
f 4050/1146/395 4047/1143/396 4043/1139/394
f 4054/1150/398 4013/1109/399 4036/1132/383
f 4036/1132/383 4013/1109/399 3974/1070/383
f 4015/1111/400 4012/1108/401 4055/1151/400
f 4055/1151/400 4012/1108/401 4056/1152/402
f 4012/1108/401 4013/1109/399 4056/1152/402
f 4056/1152/402 4013/1109/399 4054/1150/398
f 4039/1135/361 4045/1141/361 4040/1136/364
f 4040/1136/364 4045/1141/361 4046/1142/364
f 4050/1146/359 4051/1147/370 3976/1072/359
f 3976/1072/359 4051/1147/370 3998/1094/370
f 4049/1145/24 4053/1149/24 4014/1110/24
f 4014/1110/24 4053/1149/24 4000/1096/24
f 4052/1148/359 4050/1146/359 3975/1071/359
f 3975/1071/359 4050/1146/359 3976/1072/359
f 4053/1149/359 4052/1148/359 4000/1096/359
f 4000/1096/359 4052/1148/359 3975/1071/359
f 3953/1049/347 3954/1050/347 3971/1067/347
f 3971/1067/347 3954/1050/347 3967/1063/347
f 4057/757/14 4058/758/14 4059/759/14
f 4059/759/14 4058/758/14 4060/760/14
f 4061/761/211 4062/762/212 4057/757/213
f 4057/757/213 4062/762/212 4063/763/213
f 4064/764/214 4060/760/214 4065/765/64
f 4065/765/64 4060/760/214 4066/766/64
f 4058/758/215 4067/767/215 4068/768/24
f 4068/768/24 4067/767/215 4069/769/24
f 4070/770/5 4059/759/5 4064/764/214
f 4064/764/214 4059/759/5 4060/760/214
f 4071/771/216 4072/772/217 4061/761/211
f 4061/761/211 4072/772/217 4062/762/212
f 4060/760/14 4058/758/14 4066/766/14
f 4066/766/14 4058/758/14 4068/768/14
f 4073/773/218 4059/759/5 4074/774/218
f 4074/774/218 4059/759/5 4070/770/5
f 4075/775/219 4076/776/219 4071/771/216
f 4071/771/216 4076/776/219 4072/772/217
f 4074/774/218 4070/770/5 4077/777/218
f 4077/777/218 4070/770/5 4078/778/5
f 4079/779/220 4074/774/218 4080/780/220
f 4080/780/220 4074/774/218 4077/777/218
f 4064/764/214 4065/765/64 4081/781/214
f 4081/781/214 4065/765/64 4082/782/64
f 4061/761/13 4057/757/14 4073/773/14
f 4073/773/14 4057/757/14 4059/759/14
f 4083/783/221 4084/784/221 4085/785/221
f 4085/785/221 4084/784/221 4086/786/221
f 4087/787/222 4061/761/13 4088/788/14
f 4088/788/14 4061/761/13 4073/773/14
f 4088/788/220 4073/773/218 4079/779/220
f 4079/779/220 4073/773/218 4074/774/218
f 4089/789/223 4090/790/18 4071/771/223
f 4071/771/223 4090/790/18 4075/775/18
f 4089/789/223 4071/771/223 4087/787/222
f 4087/787/222 4071/771/223 4061/761/13
f 4091/791/131 4092/792/132 4093/793/14
f 4093/793/14 4092/792/132 4094/794/14
f 4095/795/224 4096/796/225 4097/797/224
f 4097/797/224 4096/796/225 4098/798/226
f 4096/796/225 4092/792/132 4098/798/226
f 4098/798/226 4092/792/132 4091/791/131
f 4057/757/213 4063/763/213 4058/758/215
f 4058/758/215 4063/763/213 4067/767/215
f 4070/770/5 4064/764/214 4078/778/5
f 4078/778/5 4064/764/214 4081/781/214
f 4087/787/221 4088/788/220 4099/799/221
f 4099/799/221 4088/788/220 4079/779/220
f 4075/775/24 4090/790/24 4076/776/24
f 4076/776/24 4090/790/24 4084/784/24
f 4089/789/221 4087/787/221 4086/786/221
f 4086/786/221 4087/787/221 4099/799/221
f 4090/790/221 4089/789/221 4084/784/221
f 4084/784/221 4089/789/221 4086/786/221
f 4100/800/227 4101/801/228 4096/796/227
f 4096/796/227 4101/801/228 4092/792/228
f 4102/802/24 4076/776/24 4083/783/24
f 4083/783/24 4076/776/24 4084/784/24
f 4103/803/221 4099/799/221 4080/780/220
f 4080/780/220 4099/799/221 4079/779/220
f 4104/804/229 4100/800/227 4095/795/229
f 4095/795/229 4100/800/227 4096/796/227
f 4102/802/219 4105/805/217 4076/776/219
f 4076/776/219 4105/805/217 4072/772/217
f 4101/801/228 4106/806/24 4092/792/228
f 4092/792/228 4106/806/24 4094/794/24
f 4107/807/230 4108/808/230 4109/809/230
f 4109/809/230 4108/808/230 4110/810/230
f 4111/811/14 4112/812/14 4113/813/14
f 4113/813/14 4112/812/14 4114/814/14
f 4115/815/231 4114/814/232 4116/816/233
f 4116/816/233 4114/814/232 4117/817/232
f 4118/818/234 4065/765/64 4111/811/234
f 4111/811/234 4065/765/64 4066/766/64
f 4112/812/235 4068/768/24 4119/819/235
f 4119/819/235 4068/768/24 4069/769/24
f 4120/820/6 4118/818/234 4113/813/6
f 4113/813/6 4118/818/234 4111/811/234
f 4121/821/236 4115/815/231 4122/822/237
f 4122/822/237 4115/815/231 4116/816/233
f 4111/811/14 4066/766/14 4112/812/14
f 4112/812/14 4066/766/14 4068/768/14
f 4120/820/6 4113/813/6 4123/823/238
f 4123/823/238 4113/813/6 4124/824/238
f 4125/825/239 4121/821/236 4126/826/239
f 4126/826/239 4121/821/236 4122/822/237
f 4120/820/6 4123/823/238 4127/827/6
f 4127/827/6 4123/823/238 4128/828/238
f 4123/823/238 4129/829/240 4128/828/238
f 4128/828/238 4129/829/240 4130/830/240
f 4065/765/64 4118/818/234 4082/782/64
f 4082/782/64 4118/818/234 4131/831/234
f 4113/813/14 4114/814/14 4124/824/14
f 4124/824/14 4114/814/14 4115/815/241
f 4132/832/230 4107/807/230 4133/833/230
f 4133/833/230 4107/807/230 4109/809/230
f 4124/824/14 4115/815/241 4134/834/14
f 4134/834/14 4115/815/241 4135/835/242
f 4123/823/238 4124/824/238 4129/829/240
f 4129/829/240 4124/824/238 4134/834/240
f 4136/836/243 4121/821/243 4137/837/244
f 4137/837/244 4121/821/243 4125/825/244
f 4115/815/241 4121/821/243 4135/835/242
f 4135/835/242 4121/821/243 4136/836/243
f 4138/838/136 4093/793/14 4139/839/137
f 4139/839/137 4093/793/14 4094/794/14
f 4140/840/245 4141/841/246 4142/842/247
f 4142/842/247 4141/841/246 4143/843/247
f 4138/838/136 4139/839/137 4140/840/245
f 4140/840/245 4139/839/137 4141/841/246
f 4114/814/232 4112/812/235 4117/817/232
f 4117/817/232 4112/812/235 4119/819/235
f 4118/818/234 4120/820/6 4131/831/234
f 4131/831/234 4120/820/6 4127/827/6
f 4135/835/230 4110/810/230 4134/834/240
f 4134/834/240 4110/810/230 4129/829/240
f 4125/825/24 4126/826/24 4137/837/24
f 4137/837/24 4126/826/24 4133/833/24
f 4136/836/230 4109/809/230 4135/835/230
f 4135/835/230 4109/809/230 4110/810/230
f 4137/837/230 4133/833/230 4136/836/230
f 4136/836/230 4133/833/230 4109/809/230
f 4144/844/248 4141/841/248 4145/845/249
f 4145/845/249 4141/841/248 4139/839/249
f 4146/846/24 4132/832/24 4126/826/24
f 4126/826/24 4132/832/24 4133/833/24
f 4108/808/230 4130/830/240 4110/810/230
f 4110/810/230 4130/830/240 4129/829/240
f 4147/847/250 4143/843/250 4144/844/248
f 4144/844/248 4143/843/250 4141/841/248
f 4146/846/239 4126/826/239 4148/848/237
f 4148/848/237 4126/826/239 4122/822/237
f 4145/845/249 4139/839/249 4106/806/24
f 4106/806/24 4139/839/249 4094/794/24
f 4149/849/53 4150/850/53 4151/851/53
f 4151/851/53 4150/850/53 4152/852/53
f 4153/853/211 4152/852/213 4154/854/212
f 4154/854/212 4152/852/213 4155/855/213
f 4081/781/214 4082/782/64 4149/849/214
f 4149/849/214 4082/782/64 4156/856/64
f 4150/850/215 4157/857/24 4158/858/215
f 4158/858/215 4157/857/24 4159/859/24
f 4078/778/5 4081/781/214 4151/851/5
f 4151/851/5 4081/781/214 4149/849/214
f 4160/860/216 4153/853/211 4105/805/217
f 4105/805/217 4153/853/211 4154/854/212
f 4149/849/53 4156/856/53 4150/850/53
f 4150/850/53 4156/856/53 4157/857/53
f 4078/778/5 4151/851/5 4077/777/218
f 4077/777/218 4151/851/5 4161/861/218
f 4162/862/219 4160/860/216 4102/802/219
f 4102/802/219 4160/860/216 4105/805/217
f 4151/851/53 4152/852/53 4161/861/53
f 4161/861/53 4152/852/53 4153/853/251
f 4161/861/53 4153/853/251 4163/863/53
f 4163/863/53 4153/853/251 4164/864/252
f 4077/777/218 4161/861/218 4080/780/220
f 4080/780/220 4161/861/218 4163/863/220
f 4165/865/253 4160/860/253 4166/866/254
f 4166/866/254 4160/860/253 4162/862/254
f 4153/853/251 4160/860/253 4164/864/252
f 4164/864/252 4160/860/253 4165/865/253
f 4167/867/139 4168/868/53 4101/801/140
f 4101/801/140 4168/868/53 4106/806/53
f 4169/869/255 4100/800/256 4170/870/257
f 4170/870/257 4100/800/256 4104/804/257
f 4167/867/139 4101/801/140 4169/869/255
f 4169/869/255 4101/801/140 4100/800/256
f 4152/852/213 4150/850/215 4155/855/213
f 4155/855/213 4150/850/215 4158/858/215
f 4164/864/221 4103/803/221 4163/863/220
f 4163/863/220 4103/803/221 4080/780/220
f 4162/862/24 4102/802/24 4166/866/24
f 4166/866/24 4102/802/24 4083/783/24
f 4165/865/221 4085/785/221 4164/864/221
f 4164/864/221 4085/785/221 4103/803/221
f 4166/866/221 4083/783/221 4165/865/221
f 4165/865/221 4083/783/221 4085/785/221
f 4171/871/53 4172/872/53 4173/873/53
f 4173/873/53 4172/872/53 4174/874/53
f 4175/875/231 4176/876/233 4171/871/232
f 4171/871/232 4176/876/233 4177/877/232
f 4131/831/234 4174/874/234 4082/782/64
f 4082/782/64 4174/874/234 4156/856/64
f 4172/872/235 4178/878/235 4157/857/24
f 4157/857/24 4178/878/235 4159/859/24
f 4127/827/6 4173/873/6 4131/831/234
f 4131/831/234 4173/873/6 4174/874/234
f 4179/879/236 4148/848/237 4175/875/231
f 4175/875/231 4148/848/237 4176/876/233
f 4174/874/53 4172/872/53 4156/856/53
f 4156/856/53 4172/872/53 4157/857/53
f 4180/880/238 4173/873/6 4128/828/238
f 4128/828/238 4173/873/6 4127/827/6
f 4181/881/239 4146/846/239 4179/879/236
f 4179/879/236 4146/846/239 4148/848/237
f 4175/875/52 4171/871/53 4180/880/53
f 4180/880/53 4171/871/53 4173/873/53
f 4182/882/258 4175/875/52 4183/883/53
f 4183/883/53 4175/875/52 4180/880/53
f 4183/883/240 4180/880/238 4130/830/240
f 4130/830/240 4180/880/238 4128/828/238
f 4184/884/259 4185/885/56 4179/879/259
f 4179/879/259 4185/885/56 4181/881/56
f 4184/884/259 4179/879/259 4182/882/258
f 4182/882/258 4179/879/259 4175/875/52
f 4186/886/141 4145/845/142 4168/868/53
f 4168/868/53 4145/845/142 4106/806/53
f 4147/847/260 4144/844/261 4187/887/260
f 4187/887/260 4144/844/261 4188/888/262
f 4144/844/261 4145/845/142 4188/888/262
f 4188/888/262 4145/845/142 4186/886/141
f 4171/871/232 4177/877/232 4172/872/235
f 4172/872/235 4177/877/232 4178/878/235
f 4182/882/230 4183/883/240 4108/808/230
f 4108/808/230 4183/883/240 4130/830/240
f 4181/881/24 4185/885/24 4146/846/24
f 4146/846/24 4185/885/24 4132/832/24
f 4184/884/230 4182/882/230 4107/807/230
f 4107/807/230 4182/882/230 4108/808/230
f 4185/885/230 4184/884/230 4132/832/230
f 4132/832/230 4184/884/230 4107/807/230
f 4085/785/221 4086/786/221 4103/803/221
f 4103/803/221 4086/786/221 4099/799/221
f 4189/889/263 4190/890/264 4191/891/263
f 4191/891/263 4190/890/264 4192/892/263
f 4193/893/265 4194/894/266 4189/889/267
f 4189/889/267 4194/894/266 4195/895/267
f 4196/896/268 4192/892/268 4197/897/64
f 4197/897/64 4192/892/268 4198/898/64
f 4190/890/269 4199/899/269 4200/900/24
f 4200/900/24 4199/899/269 4201/901/24
f 4202/902/270 4191/891/270 4196/896/268
f 4196/896/268 4191/891/270 4192/892/268
f 4203/903/271 4204/904/272 4193/893/265
f 4193/893/265 4204/904/272 4194/894/266
f 4192/892/263 4190/890/264 4198/898/263
f 4198/898/263 4190/890/264 4200/900/263
f 4205/905/273 4191/891/270 4206/906/273
f 4206/906/273 4191/891/270 4202/902/270
f 4207/907/274 4208/908/274 4203/903/271
f 4203/903/271 4208/908/274 4204/904/272
f 4206/906/273 4202/902/270 4209/909/273
f 4209/909/273 4202/902/270 4210/910/270
f 4211/911/275 4206/906/273 4212/912/275
f 4212/912/275 4206/906/273 4209/909/273
f 4196/896/268 4197/897/64 4213/913/268
f 4213/913/268 4197/897/64 4214/914/64
f 4193/893/276 4189/889/263 4205/905/264
f 4205/905/264 4189/889/263 4191/891/263
f 4215/915/277 4216/916/277 4217/917/277
f 4217/917/277 4216/916/277 4218/918/277
f 4219/919/278 4193/893/276 4220/920/263
f 4220/920/263 4193/893/276 4205/905/264
f 4220/920/275 4205/905/273 4211/911/275
f 4211/911/275 4205/905/273 4206/906/273
f 4221/921/279 4222/922/280 4203/903/279
f 4203/903/279 4222/922/280 4207/907/280
f 4221/921/279 4203/903/279 4219/919/278
f 4219/919/278 4203/903/279 4193/893/276
f 4223/923/281 4224/924/282 4225/925/263
f 4225/925/263 4224/924/282 4226/926/263
f 4227/927/283 4228/928/284 4229/929/283
f 4229/929/283 4228/928/284 4230/930/285
f 4228/928/284 4224/924/282 4230/930/285
f 4230/930/285 4224/924/282 4223/923/281
f 4189/889/267 4195/895/267 4190/890/269
f 4190/890/269 4195/895/267 4199/899/269
f 4202/902/270 4196/896/268 4210/910/270
f 4210/910/270 4196/896/268 4213/913/268
f 4219/919/277 4220/920/275 4231/931/277
f 4231/931/277 4220/920/275 4211/911/275
f 4207/907/24 4222/922/24 4208/908/24
f 4208/908/24 4222/922/24 4216/916/24
f 4221/921/277 4219/919/277 4218/918/277
f 4218/918/277 4219/919/277 4231/931/277
f 4222/922/277 4221/921/277 4216/916/277
f 4216/916/277 4221/921/277 4218/918/277
f 4232/932/286 4233/933/287 4228/928/286
f 4228/928/286 4233/933/287 4224/924/287
f 4234/934/24 4208/908/24 4215/915/24
f 4215/915/24 4208/908/24 4216/916/24
f 4235/935/277 4231/931/277 4212/912/275
f 4212/912/275 4231/931/277 4211/911/275
f 4236/936/288 4232/932/286 4227/927/288
f 4227/927/288 4232/932/286 4228/928/286
f 4234/934/274 4237/937/272 4208/908/274
f 4208/908/274 4237/937/272 4204/904/272
f 4233/933/287 4238/938/24 4224/924/287
f 4224/924/287 4238/938/24 4226/926/24
f 4239/939/289 4240/940/289 4241/941/289
f 4241/941/289 4240/940/289 4242/942/289
f 4243/943/263 4244/944/264 4245/945/263
f 4245/945/263 4244/944/264 4246/946/263
f 4247/947/290 4246/946/291 4248/948/292
f 4248/948/292 4246/946/291 4249/949/291
f 4250/950/293 4197/897/64 4243/943/293
f 4243/943/293 4197/897/64 4198/898/64
f 4244/944/294 4200/900/24 4251/951/294
f 4251/951/294 4200/900/24 4201/901/24
f 4252/952/295 4250/950/293 4245/945/295
f 4245/945/295 4250/950/293 4243/943/293
f 4253/953/296 4247/947/290 4254/954/297
f 4254/954/297 4247/947/290 4248/948/292
f 4243/943/263 4198/898/263 4244/944/264
f 4244/944/264 4198/898/263 4200/900/263
f 4252/952/295 4245/945/295 4255/955/298
f 4255/955/298 4245/945/295 4256/956/298
f 4257/957/299 4253/953/296 4258/958/299
f 4258/958/299 4253/953/296 4254/954/297
f 4252/952/295 4255/955/298 4259/959/295
f 4259/959/295 4255/955/298 4260/960/298
f 4255/955/298 4261/961/300 4260/960/298
f 4260/960/298 4261/961/300 4262/962/300
f 4197/897/64 4250/950/293 4214/914/64
f 4214/914/64 4250/950/293 4263/963/293
f 4245/945/263 4246/946/263 4256/956/263
f 4256/956/263 4246/946/263 4247/947/301
f 4264/964/289 4239/939/289 4265/965/289
f 4265/965/289 4239/939/289 4241/941/289
f 4256/956/263 4247/947/301 4266/966/263
f 4266/966/263 4247/947/301 4267/967/302
f 4255/955/298 4256/956/298 4261/961/300
f 4261/961/300 4256/956/298 4266/966/300
f 4268/968/303 4253/953/303 4269/969/304
f 4269/969/304 4253/953/303 4257/957/304
f 4247/947/301 4253/953/303 4267/967/302
f 4267/967/302 4253/953/303 4268/968/303
f 4270/970/305 4225/925/263 4271/971/306
f 4271/971/306 4225/925/263 4226/926/263
f 4272/972/307 4273/973/308 4274/974/309
f 4274/974/309 4273/973/308 4275/975/309
f 4270/970/305 4271/971/306 4272/972/307
f 4272/972/307 4271/971/306 4273/973/308
f 4246/946/291 4244/944/294 4249/949/291
f 4249/949/291 4244/944/294 4251/951/294
f 4250/950/293 4252/952/295 4263/963/293
f 4263/963/293 4252/952/295 4259/959/295
f 4267/967/289 4242/942/289 4266/966/300
f 4266/966/300 4242/942/289 4261/961/300
f 4257/957/24 4258/958/24 4269/969/24
f 4269/969/24 4258/958/24 4265/965/24
f 4268/968/289 4241/941/289 4267/967/289
f 4267/967/289 4241/941/289 4242/942/289
f 4269/969/289 4265/965/289 4268/968/289
f 4268/968/289 4265/965/289 4241/941/289
f 4276/976/310 4273/973/310 4277/977/311
f 4277/977/311 4273/973/310 4271/971/311
f 4278/978/24 4264/964/24 4258/958/24
f 4258/958/24 4264/964/24 4265/965/24
f 4240/940/289 4262/962/300 4242/942/289
f 4242/942/289 4262/962/300 4261/961/300
f 4279/979/312 4275/975/312 4276/976/310
f 4276/976/310 4275/975/312 4273/973/310
f 4278/978/299 4258/958/299 4280/980/297
f 4280/980/297 4258/958/299 4254/954/297
f 4277/977/311 4271/971/311 4238/938/24
f 4238/938/24 4271/971/311 4226/926/24
f 4281/981/313 4282/982/314 4283/983/313
f 4283/983/313 4282/982/314 4284/984/313
f 4285/985/265 4284/984/267 4286/986/266
f 4286/986/266 4284/984/267 4287/987/267
f 4213/913/268 4214/914/64 4281/981/268
f 4281/981/268 4214/914/64 4288/988/64
f 4282/982/269 4289/989/24 4290/990/269
f 4290/990/269 4289/989/24 4291/991/24
f 4210/910/270 4213/913/268 4283/983/270
f 4283/983/270 4213/913/268 4281/981/268
f 4292/992/271 4285/985/265 4237/937/272
f 4237/937/272 4285/985/265 4286/986/266
f 4281/981/313 4288/988/313 4282/982/314
f 4282/982/314 4288/988/313 4289/989/313
f 4210/910/270 4283/983/270 4209/909/273
f 4209/909/273 4283/983/270 4293/993/273
f 4294/994/274 4292/992/271 4234/934/274
f 4234/934/274 4292/992/271 4237/937/272
f 4283/983/313 4284/984/313 4293/993/313
f 4293/993/313 4284/984/313 4285/985/315
f 4293/993/313 4285/985/315 4295/995/313
f 4295/995/313 4285/985/315 4296/996/316
f 4209/909/273 4293/993/273 4212/912/275
f 4212/912/275 4293/993/273 4295/995/275
f 4297/997/317 4292/992/317 4298/998/318
f 4298/998/318 4292/992/317 4294/994/318
f 4285/985/315 4292/992/317 4296/996/316
f 4296/996/316 4292/992/317 4297/997/317
f 4299/999/319 4300/1000/313 4233/933/320
f 4233/933/320 4300/1000/313 4238/938/313
f 4301/1001/321 4232/932/322 4302/1002/323
f 4302/1002/323 4232/932/322 4236/936/323
f 4299/999/319 4233/933/320 4301/1001/321
f 4301/1001/321 4233/933/320 4232/932/322
f 4284/984/267 4282/982/269 4287/987/267
f 4287/987/267 4282/982/269 4290/990/269
f 4296/996/277 4235/935/277 4295/995/275
f 4295/995/275 4235/935/277 4212/912/275
f 4294/994/24 4234/934/24 4298/998/24
f 4298/998/24 4234/934/24 4215/915/24
f 4297/997/277 4217/917/277 4296/996/277
f 4296/996/277 4217/917/277 4235/935/277
f 4298/998/277 4215/915/277 4297/997/277
f 4297/997/277 4215/915/277 4217/917/277
f 4303/1003/313 4304/1004/314 4305/1005/313
f 4305/1005/313 4304/1004/314 4306/1006/313
f 4307/1007/290 4308/1008/292 4303/1003/291
f 4303/1003/291 4308/1008/292 4309/1009/291
f 4263/963/293 4306/1006/293 4214/914/64
f 4214/914/64 4306/1006/293 4288/988/64
f 4304/1004/294 4310/1010/294 4289/989/24
f 4289/989/24 4310/1010/294 4291/991/24
f 4259/959/295 4305/1005/295 4263/963/293
f 4263/963/293 4305/1005/295 4306/1006/293
f 4311/1011/296 4280/980/297 4307/1007/290
f 4307/1007/290 4280/980/297 4308/1008/292
f 4306/1006/313 4304/1004/314 4288/988/313
f 4288/988/313 4304/1004/314 4289/989/313
f 4312/1012/298 4305/1005/295 4260/960/298
f 4260/960/298 4305/1005/295 4259/959/295
f 4313/1013/299 4278/978/299 4311/1011/296
f 4311/1011/296 4278/978/299 4280/980/297
f 4307/1007/324 4303/1003/313 4312/1012/314
f 4312/1012/314 4303/1003/313 4305/1005/313
f 4314/1014/325 4307/1007/324 4315/1015/313
f 4315/1015/313 4307/1007/324 4312/1012/314
f 4315/1015/300 4312/1012/298 4262/962/300
f 4262/962/300 4312/1012/298 4260/960/298
f 4316/1016/326 4317/1017/327 4311/1011/326
f 4311/1011/326 4317/1017/327 4313/1013/327
f 4316/1016/326 4311/1011/326 4314/1014/325
f 4314/1014/325 4311/1011/326 4307/1007/324
f 4318/1018/328 4277/977/329 4300/1000/313
f 4300/1000/313 4277/977/329 4238/938/313
f 4279/979/330 4276/976/331 4319/1019/330
f 4319/1019/330 4276/976/331 4320/1020/332
f 4276/976/331 4277/977/329 4320/1020/332
f 4320/1020/332 4277/977/329 4318/1018/328
f 4303/1003/291 4309/1009/291 4304/1004/294
f 4304/1004/294 4309/1009/291 4310/1010/294
f 4314/1014/289 4315/1015/300 4240/940/289
f 4240/940/289 4315/1015/300 4262/962/300
f 4313/1013/24 4317/1017/24 4278/978/24
f 4278/978/24 4317/1017/24 4264/964/24
f 4316/1016/289 4314/1014/289 4239/939/289
f 4239/939/289 4314/1014/289 4240/940/289
f 4317/1017/289 4316/1016/289 4264/964/289
f 4264/964/289 4316/1016/289 4239/939/289
f 4217/917/277 4218/918/277 4235/935/277
f 4235/935/277 4218/918/277 4231/931/277
f 4321/889/263 4322/890/264 4323/891/263
f 4323/891/263 4322/890/264 4324/892/263
f 4325/893/265 4326/894/266 4321/889/267
f 4321/889/267 4326/894/266 4327/895/267
f 4328/896/268 4324/892/268 4329/897/64
f 4329/897/64 4324/892/268 4330/898/64
f 4322/890/269 4331/899/269 4332/900/24
f 4332/900/24 4331/899/269 4333/901/24
f 4334/902/270 4323/891/270 4328/896/268
f 4328/896/268 4323/891/270 4324/892/268
f 4335/903/271 4336/904/272 4325/893/265
f 4325/893/265 4336/904/272 4326/894/266
f 4324/892/263 4322/890/264 4330/898/263
f 4330/898/263 4322/890/264 4332/900/263
f 4337/905/273 4323/891/270 4338/906/273
f 4338/906/273 4323/891/270 4334/902/270
f 4339/907/274 4340/908/274 4335/903/271
f 4335/903/271 4340/908/274 4336/904/272
f 4338/906/273 4334/902/270 4341/909/273
f 4341/909/273 4334/902/270 4342/910/270
f 4343/911/275 4338/906/273 4344/912/275
f 4344/912/275 4338/906/273 4341/909/273
f 4328/896/268 4329/897/64 4345/913/268
f 4345/913/268 4329/897/64 4346/914/64
f 4325/893/276 4321/889/263 4337/905/264
f 4337/905/264 4321/889/263 4323/891/263
f 4347/915/277 4348/916/277 4349/917/277
f 4349/917/277 4348/916/277 4350/918/277
f 4351/919/278 4325/893/276 4352/920/263
f 4352/920/263 4325/893/276 4337/905/264
f 4352/920/275 4337/905/273 4343/911/275
f 4343/911/275 4337/905/273 4338/906/273
f 4353/921/279 4354/922/280 4335/903/279
f 4335/903/279 4354/922/280 4339/907/280
f 4353/921/279 4335/903/279 4351/919/278
f 4351/919/278 4335/903/279 4325/893/276
f 4355/923/281 4356/924/282 4357/925/263
f 4357/925/263 4356/924/282 4358/926/263
f 4359/927/283 4360/928/284 4361/929/283
f 4361/929/283 4360/928/284 4362/930/285
f 4360/928/284 4356/924/282 4362/930/285
f 4362/930/285 4356/924/282 4355/923/281
f 4321/889/267 4327/895/267 4322/890/269
f 4322/890/269 4327/895/267 4331/899/269
f 4334/902/270 4328/896/268 4342/910/270
f 4342/910/270 4328/896/268 4345/913/268
f 4351/919/277 4352/920/275 4363/931/277
f 4363/931/277 4352/920/275 4343/911/275
f 4339/907/24 4354/922/24 4340/908/24
f 4340/908/24 4354/922/24 4348/916/24
f 4353/921/277 4351/919/277 4350/918/277
f 4350/918/277 4351/919/277 4363/931/277
f 4354/922/277 4353/921/277 4348/916/277
f 4348/916/277 4353/921/277 4350/918/277
f 4364/932/286 4365/933/287 4360/928/286
f 4360/928/286 4365/933/287 4356/924/287
f 4366/934/24 4340/908/24 4347/915/24
f 4347/915/24 4340/908/24 4348/916/24
f 4367/935/277 4363/931/277 4344/912/275
f 4344/912/275 4363/931/277 4343/911/275
f 4368/936/288 4364/932/286 4359/927/288
f 4359/927/288 4364/932/286 4360/928/286
f 4366/934/274 4369/937/272 4340/908/274
f 4340/908/274 4369/937/272 4336/904/272
f 4365/933/287 4370/938/24 4356/924/287
f 4356/924/287 4370/938/24 4358/926/24
f 4371/939/289 4372/940/289 4373/941/289
f 4373/941/289 4372/940/289 4374/942/289
f 4375/943/263 4376/944/264 4377/945/263
f 4377/945/263 4376/944/264 4378/946/263
f 4379/947/290 4378/946/291 4380/948/292
f 4380/948/292 4378/946/291 4381/949/291
f 4382/950/293 4329/897/64 4375/943/293
f 4375/943/293 4329/897/64 4330/898/64
f 4376/944/294 4332/900/24 4383/951/294
f 4383/951/294 4332/900/24 4333/901/24
f 4384/952/295 4382/950/293 4377/945/295
f 4377/945/295 4382/950/293 4375/943/293
f 4385/953/296 4379/947/290 4386/954/297
f 4386/954/297 4379/947/290 4380/948/292
f 4375/943/263 4330/898/263 4376/944/264
f 4376/944/264 4330/898/263 4332/900/263
f 4384/952/295 4377/945/295 4387/955/298
f 4387/955/298 4377/945/295 4388/956/298
f 4389/957/299 4385/953/296 4390/958/299
f 4390/958/299 4385/953/296 4386/954/297
f 4384/952/295 4387/955/298 4391/959/295
f 4391/959/295 4387/955/298 4392/960/298
f 4387/955/298 4393/961/300 4392/960/298
f 4392/960/298 4393/961/300 4394/962/300
f 4329/897/64 4382/950/293 4346/914/64
f 4346/914/64 4382/950/293 4395/963/293
f 4377/945/263 4378/946/263 4388/956/263
f 4388/956/263 4378/946/263 4379/947/301
f 4396/964/289 4371/939/289 4397/965/289
f 4397/965/289 4371/939/289 4373/941/289
f 4388/956/263 4379/947/301 4398/966/263
f 4398/966/263 4379/947/301 4399/967/302
f 4387/955/298 4388/956/298 4393/961/300
f 4393/961/300 4388/956/298 4398/966/300
f 4400/968/303 4385/953/303 4401/969/304
f 4401/969/304 4385/953/303 4389/957/304
f 4379/947/301 4385/953/303 4399/967/302
f 4399/967/302 4385/953/303 4400/968/303
f 4402/970/305 4357/925/263 4403/971/306
f 4403/971/306 4357/925/263 4358/926/263
f 4404/972/307 4405/973/308 4406/974/309
f 4406/974/309 4405/973/308 4407/975/309
f 4402/970/305 4403/971/306 4404/972/307
f 4404/972/307 4403/971/306 4405/973/308
f 4378/946/291 4376/944/294 4381/949/291
f 4381/949/291 4376/944/294 4383/951/294
f 4382/950/293 4384/952/295 4395/963/293
f 4395/963/293 4384/952/295 4391/959/295
f 4399/967/289 4374/942/289 4398/966/300
f 4398/966/300 4374/942/289 4393/961/300
f 4389/957/24 4390/958/24 4401/969/24
f 4401/969/24 4390/958/24 4397/965/24
f 4400/968/289 4373/941/289 4399/967/289
f 4399/967/289 4373/941/289 4374/942/289
f 4401/969/289 4397/965/289 4400/968/289
f 4400/968/289 4397/965/289 4373/941/289
f 4408/976/310 4405/973/310 4409/977/311
f 4409/977/311 4405/973/310 4403/971/311
f 4410/978/24 4396/964/24 4390/958/24
f 4390/958/24 4396/964/24 4397/965/24
f 4372/940/289 4394/962/300 4374/942/289
f 4374/942/289 4394/962/300 4393/961/300
f 4411/979/312 4407/975/312 4408/976/310
f 4408/976/310 4407/975/312 4405/973/310
f 4410/978/299 4390/958/299 4412/980/297
f 4412/980/297 4390/958/299 4386/954/297
f 4409/977/311 4403/971/311 4370/938/24
f 4370/938/24 4403/971/311 4358/926/24
f 4413/981/313 4414/982/314 4415/983/313
f 4415/983/313 4414/982/314 4416/984/313
f 4417/985/265 4416/984/267 4418/986/266
f 4418/986/266 4416/984/267 4419/987/267
f 4345/913/268 4346/914/64 4413/981/268
f 4413/981/268 4346/914/64 4420/988/64
f 4414/982/269 4421/989/24 4422/990/269
f 4422/990/269 4421/989/24 4423/991/24
f 4342/910/270 4345/913/268 4415/983/270
f 4415/983/270 4345/913/268 4413/981/268
f 4424/992/271 4417/985/265 4369/937/272
f 4369/937/272 4417/985/265 4418/986/266
f 4413/981/313 4420/988/313 4414/982/314
f 4414/982/314 4420/988/313 4421/989/313
f 4342/910/270 4415/983/270 4341/909/273
f 4341/909/273 4415/983/270 4425/993/273
f 4426/994/274 4424/992/271 4366/934/274
f 4366/934/274 4424/992/271 4369/937/272
f 4415/983/313 4416/984/313 4425/993/313
f 4425/993/313 4416/984/313 4417/985/315
f 4425/993/313 4417/985/315 4427/995/313
f 4427/995/313 4417/985/315 4428/996/316
f 4341/909/273 4425/993/273 4344/912/275
f 4344/912/275 4425/993/273 4427/995/275
f 4429/997/317 4424/992/317 4430/998/318
f 4430/998/318 4424/992/317 4426/994/318
f 4417/985/315 4424/992/317 4428/996/316
f 4428/996/316 4424/992/317 4429/997/317
f 4431/999/319 4432/1000/313 4365/933/320
f 4365/933/320 4432/1000/313 4370/938/313
f 4433/1001/321 4364/932/322 4434/1002/323
f 4434/1002/323 4364/932/322 4368/936/323
f 4431/999/319 4365/933/320 4433/1001/321
f 4433/1001/321 4365/933/320 4364/932/322
f 4416/984/267 4414/982/269 4419/987/267
f 4419/987/267 4414/982/269 4422/990/269
f 4428/996/277 4367/935/277 4427/995/275
f 4427/995/275 4367/935/277 4344/912/275
f 4426/994/24 4366/934/24 4430/998/24
f 4430/998/24 4366/934/24 4347/915/24
f 4429/997/277 4349/917/277 4428/996/277
f 4428/996/277 4349/917/277 4367/935/277
f 4430/998/277 4347/915/277 4429/997/277
f 4429/997/277 4347/915/277 4349/917/277
f 4435/1003/313 4436/1004/314 4437/1005/313
f 4437/1005/313 4436/1004/314 4438/1006/313
f 4439/1007/290 4440/1008/292 4435/1003/291
f 4435/1003/291 4440/1008/292 4441/1009/291
f 4395/963/293 4438/1006/293 4346/914/64
f 4346/914/64 4438/1006/293 4420/988/64
f 4436/1004/294 4442/1010/294 4421/989/24
f 4421/989/24 4442/1010/294 4423/991/24
f 4391/959/295 4437/1005/295 4395/963/293
f 4395/963/293 4437/1005/295 4438/1006/293
f 4443/1011/296 4412/980/297 4439/1007/290
f 4439/1007/290 4412/980/297 4440/1008/292
f 4438/1006/313 4436/1004/314 4420/988/313
f 4420/988/313 4436/1004/314 4421/989/313
f 4444/1012/298 4437/1005/295 4392/960/298
f 4392/960/298 4437/1005/295 4391/959/295
f 4445/1013/299 4410/978/299 4443/1011/296
f 4443/1011/296 4410/978/299 4412/980/297
f 4439/1007/324 4435/1003/313 4444/1012/314
f 4444/1012/314 4435/1003/313 4437/1005/313
f 4446/1014/325 4439/1007/324 4447/1015/313
f 4447/1015/313 4439/1007/324 4444/1012/314
f 4447/1015/300 4444/1012/298 4394/962/300
f 4394/962/300 4444/1012/298 4392/960/298
f 4448/1016/326 4449/1017/327 4443/1011/326
f 4443/1011/326 4449/1017/327 4445/1013/327
f 4448/1016/326 4443/1011/326 4446/1014/325
f 4446/1014/325 4443/1011/326 4439/1007/324
f 4450/1018/328 4409/977/329 4432/1000/313
f 4432/1000/313 4409/977/329 4370/938/313
f 4411/979/330 4408/976/331 4451/1019/330
f 4451/1019/330 4408/976/331 4452/1020/332
f 4408/976/331 4409/977/329 4452/1020/332
f 4452/1020/332 4409/977/329 4450/1018/328
f 4435/1003/291 4441/1009/291 4436/1004/294
f 4436/1004/294 4441/1009/291 4442/1010/294
f 4446/1014/289 4447/1015/300 4372/940/289
f 4372/940/289 4447/1015/300 4394/962/300
f 4445/1013/24 4449/1017/24 4410/978/24
f 4410/978/24 4449/1017/24 4396/964/24
f 4448/1016/289 4446/1014/289 4371/939/289
f 4371/939/289 4446/1014/289 4372/940/289
f 4449/1017/289 4448/1016/289 4396/964/289
f 4396/964/289 4448/1016/289 4371/939/289
f 4349/917/277 4350/918/277 4367/935/277
f 4367/935/277 4350/918/277 4363/931/277
f 4453/889/263 4454/890/264 4455/891/263
f 4455/891/263 4454/890/264 4456/892/263
f 4457/893/265 4458/894/266 4453/889/267
f 4453/889/267 4458/894/266 4459/895/267
f 4460/896/268 4456/892/268 4461/897/64
f 4461/897/64 4456/892/268 4462/898/64
f 4454/890/269 4463/899/269 4464/900/24
f 4464/900/24 4463/899/269 4465/901/24
f 4466/902/270 4455/891/270 4460/896/268
f 4460/896/268 4455/891/270 4456/892/268
f 4467/903/271 4468/904/272 4457/893/265
f 4457/893/265 4468/904/272 4458/894/266
f 4456/892/263 4454/890/264 4462/898/263
f 4462/898/263 4454/890/264 4464/900/263
f 4469/905/273 4455/891/270 4470/906/273
f 4470/906/273 4455/891/270 4466/902/270
f 4471/907/274 4472/908/274 4467/903/271
f 4467/903/271 4472/908/274 4468/904/272
f 4470/906/273 4466/902/270 4473/909/273
f 4473/909/273 4466/902/270 4474/910/270
f 4475/911/275 4470/906/273 4476/912/275
f 4476/912/275 4470/906/273 4473/909/273
f 4460/896/268 4461/897/64 4477/913/268
f 4477/913/268 4461/897/64 4478/914/64
f 4457/893/276 4453/889/263 4469/905/264
f 4469/905/264 4453/889/263 4455/891/263
f 4479/915/277 4480/916/277 4481/917/277
f 4481/917/277 4480/916/277 4482/918/277
f 4483/919/278 4457/893/276 4484/920/263
f 4484/920/263 4457/893/276 4469/905/264
f 4484/920/275 4469/905/273 4475/911/275
f 4475/911/275 4469/905/273 4470/906/273
f 4485/921/279 4486/922/280 4467/903/279
f 4467/903/279 4486/922/280 4471/907/280
f 4485/921/279 4467/903/279 4483/919/278
f 4483/919/278 4467/903/279 4457/893/276
f 4487/923/281 4488/924/282 4489/925/263
f 4489/925/263 4488/924/282 4490/926/263
f 4491/927/283 4492/928/284 4493/929/283
f 4493/929/283 4492/928/284 4494/930/285
f 4492/928/284 4488/924/282 4494/930/285
f 4494/930/285 4488/924/282 4487/923/281
f 4453/889/267 4459/895/267 4454/890/269
f 4454/890/269 4459/895/267 4463/899/269
f 4466/902/270 4460/896/268 4474/910/270
f 4474/910/270 4460/896/268 4477/913/268
f 4483/919/277 4484/920/275 4495/931/277
f 4495/931/277 4484/920/275 4475/911/275
f 4471/907/24 4486/922/24 4472/908/24
f 4472/908/24 4486/922/24 4480/916/24
f 4485/921/277 4483/919/277 4482/918/277
f 4482/918/277 4483/919/277 4495/931/277
f 4486/922/277 4485/921/277 4480/916/277
f 4480/916/277 4485/921/277 4482/918/277
f 4496/932/286 4497/933/287 4492/928/286
f 4492/928/286 4497/933/287 4488/924/287
f 4498/934/24 4472/908/24 4479/915/24
f 4479/915/24 4472/908/24 4480/916/24
f 4499/935/277 4495/931/277 4476/912/275
f 4476/912/275 4495/931/277 4475/911/275
f 4500/936/288 4496/932/286 4491/927/288
f 4491/927/288 4496/932/286 4492/928/286
f 4498/934/274 4501/937/272 4472/908/274
f 4472/908/274 4501/937/272 4468/904/272
f 4497/933/287 4502/938/24 4488/924/287
f 4488/924/287 4502/938/24 4490/926/24
f 4503/939/289 4504/940/289 4505/941/289
f 4505/941/289 4504/940/289 4506/942/289
f 4507/943/263 4508/944/264 4509/945/263
f 4509/945/263 4508/944/264 4510/946/263
f 4511/947/290 4510/946/291 4512/948/292
f 4512/948/292 4510/946/291 4513/949/291
f 4514/950/293 4461/897/64 4507/943/293
f 4507/943/293 4461/897/64 4462/898/64
f 4508/944/294 4464/900/24 4515/951/294
f 4515/951/294 4464/900/24 4465/901/24
f 4516/952/295 4514/950/293 4509/945/295
f 4509/945/295 4514/950/293 4507/943/293
f 4517/953/296 4511/947/290 4518/954/297
f 4518/954/297 4511/947/290 4512/948/292
f 4507/943/263 4462/898/263 4508/944/264
f 4508/944/264 4462/898/263 4464/900/263
f 4516/952/295 4509/945/295 4519/955/298
f 4519/955/298 4509/945/295 4520/956/298
f 4521/957/299 4517/953/296 4522/958/299
f 4522/958/299 4517/953/296 4518/954/297
f 4516/952/295 4519/955/298 4523/959/295
f 4523/959/295 4519/955/298 4524/960/298
f 4519/955/298 4525/961/300 4524/960/298
f 4524/960/298 4525/961/300 4526/962/300
f 4461/897/64 4514/950/293 4478/914/64
f 4478/914/64 4514/950/293 4527/963/293
f 4509/945/263 4510/946/263 4520/956/263
f 4520/956/263 4510/946/263 4511/947/301
f 4528/964/289 4503/939/289 4529/965/289
f 4529/965/289 4503/939/289 4505/941/289
f 4520/956/263 4511/947/301 4530/966/263
f 4530/966/263 4511/947/301 4531/967/302
f 4519/955/298 4520/956/298 4525/961/300
f 4525/961/300 4520/956/298 4530/966/300
f 4532/968/303 4517/953/303 4533/969/304
f 4533/969/304 4517/953/303 4521/957/304
f 4511/947/301 4517/953/303 4531/967/302
f 4531/967/302 4517/953/303 4532/968/303
f 4534/970/305 4489/925/263 4535/971/306
f 4535/971/306 4489/925/263 4490/926/263
f 4536/972/307 4537/973/308 4538/974/309
f 4538/974/309 4537/973/308 4539/975/309
f 4534/970/305 4535/971/306 4536/972/307
f 4536/972/307 4535/971/306 4537/973/308
f 4510/946/291 4508/944/294 4513/949/291
f 4513/949/291 4508/944/294 4515/951/294
f 4514/950/293 4516/952/295 4527/963/293
f 4527/963/293 4516/952/295 4523/959/295
f 4531/967/289 4506/942/289 4530/966/300
f 4530/966/300 4506/942/289 4525/961/300
f 4521/957/24 4522/958/24 4533/969/24
f 4533/969/24 4522/958/24 4529/965/24
f 4532/968/289 4505/941/289 4531/967/289
f 4531/967/289 4505/941/289 4506/942/289
f 4533/969/289 4529/965/289 4532/968/289
f 4532/968/289 4529/965/289 4505/941/289
f 4540/976/310 4537/973/310 4541/977/311
f 4541/977/311 4537/973/310 4535/971/311
f 4542/978/24 4528/964/24 4522/958/24
f 4522/958/24 4528/964/24 4529/965/24
f 4504/940/289 4526/962/300 4506/942/289
f 4506/942/289 4526/962/300 4525/961/300
f 4543/979/312 4539/975/312 4540/976/310
f 4540/976/310 4539/975/312 4537/973/310
f 4542/978/299 4522/958/299 4544/980/297
f 4544/980/297 4522/958/299 4518/954/297
f 4541/977/311 4535/971/311 4502/938/24
f 4502/938/24 4535/971/311 4490/926/24
f 4545/981/313 4546/982/314 4547/983/313
f 4547/983/313 4546/982/314 4548/984/313
f 4549/985/265 4548/984/267 4550/986/266
f 4550/986/266 4548/984/267 4551/987/267
f 4477/913/268 4478/914/64 4545/981/268
f 4545/981/268 4478/914/64 4552/988/64
f 4546/982/269 4553/989/24 4554/990/269
f 4554/990/269 4553/989/24 4555/991/24
f 4474/910/270 4477/913/268 4547/983/270
f 4547/983/270 4477/913/268 4545/981/268
f 4556/992/271 4549/985/265 4501/937/272
f 4501/937/272 4549/985/265 4550/986/266
f 4545/981/313 4552/988/313 4546/982/314
f 4546/982/314 4552/988/313 4553/989/313
f 4474/910/270 4547/983/270 4473/909/273
f 4473/909/273 4547/983/270 4557/993/273
f 4558/994/274 4556/992/271 4498/934/274
f 4498/934/274 4556/992/271 4501/937/272
f 4547/983/313 4548/984/313 4557/993/313
f 4557/993/313 4548/984/313 4549/985/315
f 4557/993/313 4549/985/315 4559/995/313
f 4559/995/313 4549/985/315 4560/996/316
f 4473/909/273 4557/993/273 4476/912/275
f 4476/912/275 4557/993/273 4559/995/275
f 4561/997/317 4556/992/317 4562/998/318
f 4562/998/318 4556/992/317 4558/994/318
f 4549/985/315 4556/992/317 4560/996/316
f 4560/996/316 4556/992/317 4561/997/317
f 4563/999/319 4564/1000/313 4497/933/320
f 4497/933/320 4564/1000/313 4502/938/313
f 4565/1001/321 4496/932/322 4566/1002/323
f 4566/1002/323 4496/932/322 4500/936/323
f 4563/999/319 4497/933/320 4565/1001/321
f 4565/1001/321 4497/933/320 4496/932/322
f 4548/984/267 4546/982/269 4551/987/267
f 4551/987/267 4546/982/269 4554/990/269
f 4560/996/277 4499/935/277 4559/995/275
f 4559/995/275 4499/935/277 4476/912/275
f 4558/994/24 4498/934/24 4562/998/24
f 4562/998/24 4498/934/24 4479/915/24
f 4561/997/277 4481/917/277 4560/996/277
f 4560/996/277 4481/917/277 4499/935/277
f 4562/998/277 4479/915/277 4561/997/277
f 4561/997/277 4479/915/277 4481/917/277
f 4567/1003/313 4568/1004/314 4569/1005/313
f 4569/1005/313 4568/1004/314 4570/1006/313
f 4571/1007/290 4572/1008/292 4567/1003/291
f 4567/1003/291 4572/1008/292 4573/1009/291
f 4527/963/293 4570/1006/293 4478/914/64
f 4478/914/64 4570/1006/293 4552/988/64
f 4568/1004/294 4574/1010/294 4553/989/24
f 4553/989/24 4574/1010/294 4555/991/24
f 4523/959/295 4569/1005/295 4527/963/293
f 4527/963/293 4569/1005/295 4570/1006/293
f 4575/1011/296 4544/980/297 4571/1007/290
f 4571/1007/290 4544/980/297 4572/1008/292
f 4570/1006/313 4568/1004/314 4552/988/313
f 4552/988/313 4568/1004/314 4553/989/313
f 4576/1012/298 4569/1005/295 4524/960/298
f 4524/960/298 4569/1005/295 4523/959/295
f 4577/1013/299 4542/978/299 4575/1011/296
f 4575/1011/296 4542/978/299 4544/980/297
f 4571/1007/324 4567/1003/313 4576/1012/314
f 4576/1012/314 4567/1003/313 4569/1005/313
f 4578/1014/325 4571/1007/324 4579/1015/313
f 4579/1015/313 4571/1007/324 4576/1012/314
f 4579/1015/300 4576/1012/298 4526/962/300
f 4526/962/300 4576/1012/298 4524/960/298
f 4580/1016/326 4581/1017/327 4575/1011/326
f 4575/1011/326 4581/1017/327 4577/1013/327
f 4580/1016/326 4575/1011/326 4578/1014/325
f 4578/1014/325 4575/1011/326 4571/1007/324
f 4582/1018/328 4541/977/329 4564/1000/313
f 4564/1000/313 4541/977/329 4502/938/313
f 4543/979/330 4540/976/331 4583/1019/330
f 4583/1019/330 4540/976/331 4584/1020/332
f 4540/976/331 4541/977/329 4584/1020/332
f 4584/1020/332 4541/977/329 4582/1018/328
f 4567/1003/291 4573/1009/291 4568/1004/294
f 4568/1004/294 4573/1009/291 4574/1010/294
f 4578/1014/289 4579/1015/300 4504/940/289
f 4504/940/289 4579/1015/300 4526/962/300
f 4577/1013/24 4581/1017/24 4542/978/24
f 4542/978/24 4581/1017/24 4528/964/24
f 4580/1016/289 4578/1014/289 4503/939/289
f 4503/939/289 4578/1014/289 4504/940/289
f 4581/1017/289 4580/1016/289 4528/964/289
f 4528/964/289 4580/1016/289 4503/939/289
f 4481/917/277 4482/918/277 4499/935/277
f 4499/935/277 4482/918/277 4495/931/277
f 4585/1/427 4586/2/427 4587/3/427
f 4587/3/427 4586/2/427 4588/4/427
f 4589/5/428 4590/6/429 4586/2/430
f 4586/2/430 4590/6/429 4591/7/430
f 4585/1/431 4587/3/432 4592/8/431
f 4592/8/431 4587/3/432 4593/9/432
f 4591/7/430 4594/10/433 4586/2/430
f 4586/2/430 4594/10/433 4588/4/433
f 4595/11/434 4596/12/435 4589/5/428
f 4589/5/428 4596/12/435 4590/6/429
f 4597/13/436 4585/1/431 4598/14/436
f 4598/14/436 4585/1/431 4592/8/431
f 4599/15/437 4600/16/437 4595/11/434
f 4595/11/434 4600/16/437 4596/12/435
f 4598/14/436 4592/8/431 4601/17/436
f 4601/17/436 4592/8/431 4602/18/431
f 4603/19/438 4598/14/436 4604/20/438
f 4604/20/438 4598/14/436 4601/17/436
f 4592/8/431 4593/9/432 4602/18/431
f 4602/18/431 4593/9/432 4605/21/432
f 4589/5/439 4586/2/427 4597/13/440
f 4597/13/440 4586/2/427 4585/1/427
f 4606/22/441 4607/23/441 4608/24/441
f 4608/24/441 4607/23/441 4609/25/441
f 4610/26/442 4589/5/439 4611/27/427
f 4611/27/427 4589/5/439 4597/13/440
f 4611/27/438 4597/13/436 4603/19/438
f 4603/19/438 4597/13/436 4598/14/436
f 4612/28/443 4613/29/444 4595/11/443
f 4595/11/443 4613/29/444 4599/15/444
f 4612/28/443 4595/11/443 4610/26/442
f 4610/26/442 4595/11/443 4589/5/439
f 4614/30/445 4615/31/446 4616/32/447
f 4616/32/447 4615/31/446 4617/33/448
f 4618/34/449 4614/30/445 4619/35/449
f 4619/35/449 4614/30/445 4616/32/447
f 4610/26/441 4611/27/438 4620/36/441
f 4620/36/441 4611/27/438 4603/19/438
f 4599/15/450 4613/29/450 4600/16/450
f 4600/16/450 4613/29/450 4607/23/450
f 4612/28/441 4610/26/441 4609/25/441
f 4609/25/441 4610/26/441 4620/36/441
f 4613/29/441 4612/28/441 4607/23/441
f 4607/23/441 4612/28/441 4609/25/441
f 4614/30/451 4621/37/451 4615/31/452
f 4615/31/452 4621/37/451 4622/38/452
f 4623/39/450 4600/16/450 4606/22/450
f 4606/22/450 4600/16/450 4607/23/450
f 4624/40/441 4620/36/441 4604/20/438
f 4604/20/438 4620/36/441 4603/19/438
f 4625/41/453 4621/37/451 4618/34/453
f 4618/34/453 4621/37/451 4614/30/451
f 4623/39/437 4626/42/435 4600/16/437
f 4600/16/437 4626/42/435 4596/12/435
f 4627/43/454 4628/44/454 4629/45/454
f 4629/45/454 4628/44/454 4630/46/454
f 4631/47/455 4588/4/433 4632/48/456
f 4632/48/456 4588/4/433 4594/10/433
f 4633/49/457 4631/47/455 4634/50/458
f 4634/50/458 4631/47/455 4632/48/456
f 4593/9/432 4587/3/432 4635/51/459
f 4635/51/459 4587/3/432 4636/52/459
f 4637/53/460 4633/49/457 4638/54/460
f 4638/54/460 4633/49/457 4634/50/458
f 4593/9/432 4635/51/459 4605/21/432
f 4605/21/432 4635/51/459 4639/55/459
f 4635/51/459 4640/56/461 4639/55/459
f 4639/55/459 4640/56/461 4641/57/461
f 4587/3/427 4588/4/427 4636/52/427
f 4636/52/427 4588/4/427 4631/47/462
f 4642/58/454 4627/43/454 4643/59/454
f 4643/59/454 4627/43/454 4629/45/454
f 4636/52/427 4631/47/462 4644/60/427
f 4644/60/427 4631/47/462 4645/61/463
f 4635/51/459 4636/52/459 4640/56/461
f 4640/56/461 4636/52/459 4644/60/461
f 4646/62/464 4633/49/464 4647/63/465
f 4647/63/465 4633/49/464 4637/53/465
f 4631/47/462 4633/49/464 4645/61/463
f 4645/61/463 4633/49/464 4646/62/464
f 4617/33/448 4615/31/446 4648/64/466
f 4648/64/466 4615/31/446 4649/65/466
f 4645/61/454 4630/46/454 4644/60/461
f 4644/60/461 4630/46/454 4640/56/461
f 4637/53/450 4638/54/450 4647/63/450
f 4647/63/450 4638/54/450 4643/59/450
f 4646/62/454 4629/45/454 4645/61/454
f 4645/61/454 4629/45/454 4630/46/454
f 4647/63/454 4643/59/454 4646/62/454
f 4646/62/454 4643/59/454 4629/45/454
f 4650/66/450 4642/58/450 4638/54/450
f 4638/54/450 4642/58/450 4643/59/450
f 4628/44/454 4641/57/461 4630/46/454
f 4630/46/454 4641/57/461 4640/56/461
f 4651/67/467 4649/65/467 4622/38/452
f 4622/38/452 4649/65/467 4615/31/452
f 4650/66/460 4638/54/460 4652/68/458
f 4652/68/458 4638/54/460 4634/50/458
f 4653/69/468 4654/70/468 4655/71/468
f 4655/71/468 4654/70/468 4656/72/468
f 4657/73/428 4653/69/430 4658/74/429
f 4658/74/429 4653/69/430 4659/75/430
f 4602/18/431 4605/21/432 4654/70/431
f 4654/70/431 4605/21/432 4656/72/432
f 4653/69/430 4655/71/433 4659/75/430
f 4659/75/430 4655/71/433 4660/76/433
f 4661/77/434 4657/73/428 4626/42/435
f 4626/42/435 4657/73/428 4658/74/429
f 4602/18/431 4654/70/431 4601/17/436
f 4601/17/436 4654/70/431 4662/78/436
f 4663/79/437 4661/77/434 4623/39/437
f 4623/39/437 4661/77/434 4626/42/435
f 4654/70/468 4653/69/468 4662/78/468
f 4662/78/468 4653/69/468 4657/73/469
f 4662/78/468 4657/73/469 4664/80/468
f 4664/80/468 4657/73/469 4665/81/470
f 4601/17/436 4662/78/436 4604/20/438
f 4604/20/438 4662/78/436 4664/80/438
f 4666/82/471 4661/77/471 4667/83/472
f 4667/83/472 4661/77/471 4663/79/472
f 4657/73/469 4661/77/471 4665/81/470
f 4665/81/470 4661/77/471 4666/82/471
f 4668/84/473 4669/85/474 4621/37/475
f 4621/37/475 4669/85/474 4622/38/476
f 4668/84/473 4621/37/475 4670/86/477
f 4670/86/477 4621/37/475 4625/41/477
f 4665/81/441 4624/40/441 4664/80/438
f 4664/80/438 4624/40/441 4604/20/438
f 4663/79/450 4623/39/450 4667/83/450
f 4667/83/450 4623/39/450 4606/22/450
f 4666/82/441 4608/24/441 4665/81/441
f 4665/81/441 4608/24/441 4624/40/441
f 4667/83/441 4606/22/441 4666/82/441
f 4666/82/441 4606/22/441 4608/24/441
f 4671/87/455 4672/88/456 4655/71/433
f 4655/71/433 4672/88/456 4660/76/433
f 4673/89/457 4652/68/458 4671/87/455
f 4671/87/455 4652/68/458 4672/88/456
f 4674/90/459 4656/72/432 4639/55/459
f 4639/55/459 4656/72/432 4605/21/432
f 4675/91/460 4650/66/460 4673/89/457
f 4673/89/457 4650/66/460 4652/68/458
f 4671/87/478 4655/71/468 4674/90/479
f 4674/90/479 4655/71/468 4656/72/468
f 4676/92/480 4671/87/478 4677/93/468
f 4677/93/468 4671/87/478 4674/90/479
f 4677/93/461 4674/90/459 4641/57/461
f 4641/57/461 4674/90/459 4639/55/459
f 4678/94/481 4679/95/482 4673/89/481
f 4673/89/481 4679/95/482 4675/91/482
f 4678/94/481 4673/89/481 4676/92/480
f 4676/92/480 4673/89/481 4671/87/478
f 4651/67/483 4622/38/476 4680/96/483
f 4680/96/483 4622/38/476 4669/85/474
f 4676/92/454 4677/93/461 4628/44/454
f 4628/44/454 4677/93/461 4641/57/461
f 4675/91/450 4679/95/450 4650/66/450
f 4650/66/450 4679/95/450 4642/58/450
f 4678/94/454 4676/92/454 4627/43/454
f 4627/43/454 4676/92/454 4628/44/454
f 4679/95/454 4678/94/454 4642/58/454
f 4642/58/454 4678/94/454 4627/43/454
f 4608/24/441 4609/25/441 4624/40/441
f 4624/40/441 4609/25/441 4620/36/441
f 4681/625/143 4682/626/144 4683/627/143
f 4683/627/143 4682/626/144 4684/628/143
f 4685/629/145 4686/630/146 4681/625/147
f 4681/625/147 4686/630/146 4687/631/147
f 4688/632/148 4684/628/148 4689/633/64
f 4689/633/64 4684/628/148 4690/634/64
f 4682/626/149 4691/635/149 4692/636/24
f 4692/636/24 4691/635/149 4693/637/24
f 4694/638/150 4683/627/150 4688/632/148
f 4688/632/148 4683/627/150 4684/628/148
f 4695/639/151 4696/640/152 4685/629/145
f 4685/629/145 4696/640/152 4686/630/146
f 4684/628/143 4682/626/144 4690/634/143
f 4690/634/143 4682/626/144 4692/636/143
f 4697/641/153 4683/627/150 4698/642/153
f 4698/642/153 4683/627/150 4694/638/150
f 4699/643/154 4700/644/154 4695/639/151
f 4695/639/151 4700/644/154 4696/640/152
f 4698/642/153 4694/638/150 4701/645/153
f 4701/645/153 4694/638/150 4702/646/150
f 4703/647/155 4698/642/153 4704/648/155
f 4704/648/155 4698/642/153 4701/645/153
f 4688/632/148 4689/633/64 4705/649/148
f 4705/649/148 4689/633/64 4706/650/64
f 4685/629/156 4681/625/143 4697/641/144
f 4697/641/144 4681/625/143 4683/627/143
f 4707/651/157 4708/652/157 4709/653/157
f 4709/653/157 4708/652/157 4710/654/157
f 4711/655/74 4685/629/156 4712/656/143
f 4712/656/143 4685/629/156 4697/641/144
f 4712/656/155 4697/641/153 4703/647/155
f 4703/647/155 4697/641/153 4698/642/153
f 4713/657/158 4714/658/159 4695/639/158
f 4695/639/158 4714/658/159 4699/643/159
f 4713/657/158 4695/639/158 4711/655/74
f 4711/655/74 4695/639/158 4685/629/156
f 4715/659/160 4716/660/161 4717/661/143
f 4717/661/143 4716/660/161 4718/662/143
f 4719/663/162 4720/664/163 4721/665/162
f 4721/665/162 4720/664/163 4722/666/164
f 4720/664/163 4716/660/161 4722/666/164
f 4722/666/164 4716/660/161 4715/659/160
f 4681/625/147 4687/631/147 4682/626/149
f 4682/626/149 4687/631/147 4691/635/149
f 4694/638/150 4688/632/148 4702/646/150
f 4702/646/150 4688/632/148 4705/649/148
f 4711/655/157 4712/656/155 4723/667/157
f 4723/667/157 4712/656/155 4703/647/155
f 4699/643/24 4714/658/24 4700/644/24
f 4700/644/24 4714/658/24 4708/652/24
f 4713/657/157 4711/655/157 4710/654/157
f 4710/654/157 4711/655/157 4723/667/157
f 4714/658/157 4713/657/157 4708/652/157
f 4708/652/157 4713/657/157 4710/654/157
f 4724/668/165 4725/669/166 4720/664/165
f 4720/664/165 4725/669/166 4716/660/166
f 4726/670/24 4700/644/24 4707/651/24
f 4707/651/24 4700/644/24 4708/652/24
f 4727/671/157 4723/667/157 4704/648/155
f 4704/648/155 4723/667/157 4703/647/155
f 4728/672/167 4724/668/165 4719/663/167
f 4719/663/167 4724/668/165 4720/664/165
f 4726/670/154 4729/673/152 4700/644/154
f 4700/644/154 4729/673/152 4696/640/152
f 4725/669/166 4730/674/24 4716/660/166
f 4716/660/166 4730/674/24 4718/662/24
f 4731/675/168 4732/676/168 4733/677/168
f 4733/677/168 4732/676/168 4734/678/168
f 4735/679/143 4736/680/144 4737/681/143
f 4737/681/143 4736/680/144 4738/682/143
f 4739/683/169 4738/682/170 4740/684/171
f 4740/684/171 4738/682/170 4741/685/170
f 4742/686/172 4689/633/64 4735/679/172
f 4735/679/172 4689/633/64 4690/634/64
f 4736/680/173 4692/636/24 4743/687/173
f 4743/687/173 4692/636/24 4693/637/24
f 4744/688/174 4742/686/172 4737/681/174
f 4737/681/174 4742/686/172 4735/679/172
f 4745/689/175 4739/683/169 4746/690/176
f 4746/690/176 4739/683/169 4740/684/171
f 4735/679/143 4690/634/143 4736/680/144
f 4736/680/144 4690/634/143 4692/636/143
f 4744/688/174 4737/681/174 4747/691/177
f 4747/691/177 4737/681/174 4748/692/177
f 4749/693/178 4745/689/175 4750/694/178
f 4750/694/178 4745/689/175 4746/690/176
f 4744/688/174 4747/691/177 4751/695/174
f 4751/695/174 4747/691/177 4752/696/177
f 4747/691/177 4753/697/179 4752/696/177
f 4752/696/177 4753/697/179 4754/698/179
f 4689/633/64 4742/686/172 4706/650/64
f 4706/650/64 4742/686/172 4755/699/172
f 4737/681/143 4738/682/143 4748/692/143
f 4748/692/143 4738/682/143 4739/683/180
f 4756/700/168 4731/675/168 4757/701/168
f 4757/701/168 4731/675/168 4733/677/168
f 4748/692/143 4739/683/180 4758/702/143
f 4758/702/143 4739/683/180 4759/703/181
f 4747/691/177 4748/692/177 4753/697/179
f 4753/697/179 4748/692/177 4758/702/179
f 4760/704/182 4745/689/182 4761/705/183
f 4761/705/183 4745/689/182 4749/693/183
f 4739/683/180 4745/689/182 4759/703/181
f 4759/703/181 4745/689/182 4760/704/182
f 4762/706/184 4717/661/143 4763/707/185
f 4763/707/185 4717/661/143 4718/662/143
f 4764/708/186 4765/709/187 4766/710/188
f 4766/710/188 4765/709/187 4767/711/188
f 4762/706/184 4763/707/185 4764/708/186
f 4764/708/186 4763/707/185 4765/709/187
f 4738/682/170 4736/680/173 4741/685/170
f 4741/685/170 4736/680/173 4743/687/173
f 4742/686/172 4744/688/174 4755/699/172
f 4755/699/172 4744/688/174 4751/695/174
f 4759/703/168 4734/678/168 4758/702/179
f 4758/702/179 4734/678/168 4753/697/179
f 4749/693/24 4750/694/24 4761/705/24
f 4761/705/24 4750/694/24 4757/701/24
f 4760/704/168 4733/677/168 4759/703/168
f 4759/703/168 4733/677/168 4734/678/168
f 4761/705/168 4757/701/168 4760/704/168
f 4760/704/168 4757/701/168 4733/677/168
f 4768/712/189 4765/709/189 4769/713/190
f 4769/713/190 4765/709/189 4763/707/190
f 4770/714/24 4756/700/24 4750/694/24
f 4750/694/24 4756/700/24 4757/701/24
f 4732/676/168 4754/698/179 4734/678/168
f 4734/678/168 4754/698/179 4753/697/179
f 4771/715/191 4767/711/191 4768/712/189
f 4768/712/189 4767/711/191 4765/709/189
f 4770/714/178 4750/694/178 4772/716/176
f 4772/716/176 4750/694/178 4746/690/176
f 4769/713/190 4763/707/190 4730/674/24
f 4730/674/24 4763/707/190 4718/662/24
f 4773/717/192 4774/718/193 4775/719/192
f 4775/719/192 4774/718/193 4776/720/192
f 4777/721/145 4776/720/147 4778/722/146
f 4778/722/146 4776/720/147 4779/723/147
f 4705/649/148 4706/650/64 4773/717/148
f 4773/717/148 4706/650/64 4780/724/64
f 4774/718/149 4781/725/24 4782/726/149
f 4782/726/149 4781/725/24 4783/727/24
f 4702/646/150 4705/649/148 4775/719/150
f 4775/719/150 4705/649/148 4773/717/148
f 4784/728/151 4777/721/145 4729/673/152
f 4729/673/152 4777/721/145 4778/722/146
f 4773/717/192 4780/724/192 4774/718/193
f 4774/718/193 4780/724/192 4781/725/192
f 4702/646/150 4775/719/150 4701/645/153
f 4701/645/153 4775/719/150 4785/729/153
f 4786/730/154 4784/728/151 4726/670/154
f 4726/670/154 4784/728/151 4729/673/152
f 4775/719/192 4776/720/192 4785/729/192
f 4785/729/192 4776/720/192 4777/721/194
f 4785/729/192 4777/721/194 4787/731/192
f 4787/731/192 4777/721/194 4788/732/195
f 4701/645/153 4785/729/153 4704/648/155
f 4704/648/155 4785/729/153 4787/731/155
f 4789/733/196 4784/728/196 4790/734/197
f 4790/734/197 4784/728/196 4786/730/197
f 4777/721/194 4784/728/196 4788/732/195
f 4788/732/195 4784/728/196 4789/733/196
f 4791/735/198 4792/736/192 4725/669/199
f 4725/669/199 4792/736/192 4730/674/192
f 4793/737/200 4724/668/201 4794/738/202
f 4794/738/202 4724/668/201 4728/672/202
f 4791/735/198 4725/669/199 4793/737/200
f 4793/737/200 4725/669/199 4724/668/201
f 4776/720/147 4774/718/149 4779/723/147
f 4779/723/147 4774/718/149 4782/726/149
f 4788/732/157 4727/671/157 4787/731/155
f 4787/731/155 4727/671/157 4704/648/155
f 4786/730/24 4726/670/24 4790/734/24
f 4790/734/24 4726/670/24 4707/651/24
f 4789/733/157 4709/653/157 4788/732/157
f 4788/732/157 4709/653/157 4727/671/157
f 4790/734/157 4707/651/157 4789/733/157
f 4789/733/157 4707/651/157 4709/653/157
f 4795/739/192 4796/740/193 4797/741/192
f 4797/741/192 4796/740/193 4798/742/192
f 4799/743/169 4800/744/171 4795/739/170
f 4795/739/170 4800/744/171 4801/745/170
f 4755/699/172 4798/742/172 4706/650/64
f 4706/650/64 4798/742/172 4780/724/64
f 4796/740/173 4802/746/173 4781/725/24
f 4781/725/24 4802/746/173 4783/727/24
f 4751/695/174 4797/741/174 4755/699/172
f 4755/699/172 4797/741/174 4798/742/172
f 4803/747/175 4772/716/176 4799/743/169
f 4799/743/169 4772/716/176 4800/744/171
f 4798/742/192 4796/740/193 4780/724/192
f 4780/724/192 4796/740/193 4781/725/192
f 4804/748/177 4797/741/174 4752/696/177
f 4752/696/177 4797/741/174 4751/695/174
f 4805/749/178 4770/714/178 4803/747/175
f 4803/747/175 4770/714/178 4772/716/176
f 4799/743/203 4795/739/192 4804/748/193
f 4804/748/193 4795/739/192 4797/741/192
f 4806/750/121 4799/743/203 4807/751/192
f 4807/751/192 4799/743/203 4804/748/193
f 4807/751/179 4804/748/177 4754/698/179
f 4754/698/179 4804/748/177 4752/696/177
f 4808/752/204 4809/753/205 4803/747/204
f 4803/747/204 4809/753/205 4805/749/205
f 4808/752/204 4803/747/204 4806/750/121
f 4806/750/121 4803/747/204 4799/743/203
f 4810/754/206 4769/713/207 4792/736/192
f 4792/736/192 4769/713/207 4730/674/192
f 4771/715/208 4768/712/209 4811/755/208
f 4811/755/208 4768/712/209 4812/756/210
f 4768/712/209 4769/713/207 4812/756/210
f 4812/756/210 4769/713/207 4810/754/206
f 4795/739/170 4801/745/170 4796/740/173
f 4796/740/173 4801/745/170 4802/746/173
f 4806/750/168 4807/751/179 4732/676/168
f 4732/676/168 4807/751/179 4754/698/179
f 4805/749/24 4809/753/24 4770/714/24
f 4770/714/24 4809/753/24 4756/700/24
f 4808/752/168 4806/750/168 4731/675/168
f 4731/675/168 4806/750/168 4732/676/168
f 4809/753/168 4808/752/168 4756/700/168
f 4756/700/168 4808/752/168 4731/675/168
f 4709/653/157 4710/654/157 4727/671/157
f 4727/671/157 4710/654/157 4723/667/157
f 4813/625/143 4814/626/144 4815/627/143
f 4815/627/143 4814/626/144 4816/628/143
f 4817/629/145 4818/630/146 4813/625/147
f 4813/625/147 4818/630/146 4819/631/147
f 4820/632/148 4816/628/148 4821/633/64
f 4821/633/64 4816/628/148 4822/634/64
f 4814/626/149 4823/635/149 4824/636/24
f 4824/636/24 4823/635/149 4825/637/24
f 4826/638/150 4815/627/150 4820/632/148
f 4820/632/148 4815/627/150 4816/628/148
f 4827/639/151 4828/640/152 4817/629/145
f 4817/629/145 4828/640/152 4818/630/146
f 4816/628/143 4814/626/144 4822/634/143
f 4822/634/143 4814/626/144 4824/636/143
f 4829/641/153 4815/627/150 4830/642/153
f 4830/642/153 4815/627/150 4826/638/150
f 4831/643/154 4832/644/154 4827/639/151
f 4827/639/151 4832/644/154 4828/640/152
f 4830/642/153 4826/638/150 4833/645/153
f 4833/645/153 4826/638/150 4834/646/150
f 4835/647/155 4830/642/153 4836/648/155
f 4836/648/155 4830/642/153 4833/645/153
f 4820/632/148 4821/633/64 4837/649/148
f 4837/649/148 4821/633/64 4838/650/64
f 4817/629/156 4813/625/143 4829/641/144
f 4829/641/144 4813/625/143 4815/627/143
f 4839/651/157 4840/652/157 4841/653/157
f 4841/653/157 4840/652/157 4842/654/157
f 4843/655/74 4817/629/156 4844/656/143
f 4844/656/143 4817/629/156 4829/641/144
f 4844/656/155 4829/641/153 4835/647/155
f 4835/647/155 4829/641/153 4830/642/153
f 4845/657/158 4846/658/159 4827/639/158
f 4827/639/158 4846/658/159 4831/643/159
f 4845/657/158 4827/639/158 4843/655/74
f 4843/655/74 4827/639/158 4817/629/156
f 4847/659/160 4848/660/161 4849/661/143
f 4849/661/143 4848/660/161 4850/662/143
f 4851/663/162 4852/664/163 4853/665/162
f 4853/665/162 4852/664/163 4854/666/164
f 4852/664/163 4848/660/161 4854/666/164
f 4854/666/164 4848/660/161 4847/659/160
f 4813/625/147 4819/631/147 4814/626/149
f 4814/626/149 4819/631/147 4823/635/149
f 4826/638/150 4820/632/148 4834/646/150
f 4834/646/150 4820/632/148 4837/649/148
f 4843/655/157 4844/656/155 4855/667/157
f 4855/667/157 4844/656/155 4835/647/155
f 4831/643/24 4846/658/24 4832/644/24
f 4832/644/24 4846/658/24 4840/652/24
f 4845/657/157 4843/655/157 4842/654/157
f 4842/654/157 4843/655/157 4855/667/157
f 4846/658/157 4845/657/157 4840/652/157
f 4840/652/157 4845/657/157 4842/654/157
f 4856/668/165 4857/669/166 4852/664/165
f 4852/664/165 4857/669/166 4848/660/166
f 4858/670/24 4832/644/24 4839/651/24
f 4839/651/24 4832/644/24 4840/652/24
f 4859/671/157 4855/667/157 4836/648/155
f 4836/648/155 4855/667/157 4835/647/155
f 4860/672/167 4856/668/165 4851/663/167
f 4851/663/167 4856/668/165 4852/664/165
f 4858/670/154 4861/673/152 4832/644/154
f 4832/644/154 4861/673/152 4828/640/152
f 4857/669/166 4862/674/24 4848/660/166
f 4848/660/166 4862/674/24 4850/662/24
f 4863/675/168 4864/676/168 4865/677/168
f 4865/677/168 4864/676/168 4866/678/168
f 4867/679/143 4868/680/144 4869/681/143
f 4869/681/143 4868/680/144 4870/682/143
f 4871/683/169 4870/682/170 4872/684/171
f 4872/684/171 4870/682/170 4873/685/170
f 4874/686/172 4821/633/64 4867/679/172
f 4867/679/172 4821/633/64 4822/634/64
f 4868/680/173 4824/636/24 4875/687/173
f 4875/687/173 4824/636/24 4825/637/24
f 4876/688/174 4874/686/172 4869/681/174
f 4869/681/174 4874/686/172 4867/679/172
f 4877/689/175 4871/683/169 4878/690/176
f 4878/690/176 4871/683/169 4872/684/171
f 4867/679/143 4822/634/143 4868/680/144
f 4868/680/144 4822/634/143 4824/636/143
f 4876/688/174 4869/681/174 4879/691/177
f 4879/691/177 4869/681/174 4880/692/177
f 4881/693/178 4877/689/175 4882/694/178
f 4882/694/178 4877/689/175 4878/690/176
f 4876/688/174 4879/691/177 4883/695/174
f 4883/695/174 4879/691/177 4884/696/177
f 4879/691/177 4885/697/179 4884/696/177
f 4884/696/177 4885/697/179 4886/698/179
f 4821/633/64 4874/686/172 4838/650/64
f 4838/650/64 4874/686/172 4887/699/172
f 4869/681/143 4870/682/143 4880/692/143
f 4880/692/143 4870/682/143 4871/683/180
f 4888/700/168 4863/675/168 4889/701/168
f 4889/701/168 4863/675/168 4865/677/168
f 4880/692/143 4871/683/180 4890/702/143
f 4890/702/143 4871/683/180 4891/703/181
f 4879/691/177 4880/692/177 4885/697/179
f 4885/697/179 4880/692/177 4890/702/179
f 4892/704/182 4877/689/182 4893/705/183
f 4893/705/183 4877/689/182 4881/693/183
f 4871/683/180 4877/689/182 4891/703/181
f 4891/703/181 4877/689/182 4892/704/182
f 4894/706/184 4849/661/143 4895/707/185
f 4895/707/185 4849/661/143 4850/662/143
f 4896/708/186 4897/709/187 4898/710/188
f 4898/710/188 4897/709/187 4899/711/188
f 4894/706/184 4895/707/185 4896/708/186
f 4896/708/186 4895/707/185 4897/709/187
f 4870/682/170 4868/680/173 4873/685/170
f 4873/685/170 4868/680/173 4875/687/173
f 4874/686/172 4876/688/174 4887/699/172
f 4887/699/172 4876/688/174 4883/695/174
f 4891/703/168 4866/678/168 4890/702/179
f 4890/702/179 4866/678/168 4885/697/179
f 4881/693/24 4882/694/24 4893/705/24
f 4893/705/24 4882/694/24 4889/701/24
f 4892/704/168 4865/677/168 4891/703/168
f 4891/703/168 4865/677/168 4866/678/168
f 4893/705/168 4889/701/168 4892/704/168
f 4892/704/168 4889/701/168 4865/677/168
f 4900/712/189 4897/709/189 4901/713/190
f 4901/713/190 4897/709/189 4895/707/190
f 4902/714/24 4888/700/24 4882/694/24
f 4882/694/24 4888/700/24 4889/701/24
f 4864/676/168 4886/698/179 4866/678/168
f 4866/678/168 4886/698/179 4885/697/179
f 4903/715/191 4899/711/191 4900/712/189
f 4900/712/189 4899/711/191 4897/709/189
f 4902/714/178 4882/694/178 4904/716/176
f 4904/716/176 4882/694/178 4878/690/176
f 4901/713/190 4895/707/190 4862/674/24
f 4862/674/24 4895/707/190 4850/662/24
f 4905/717/192 4906/718/193 4907/719/192
f 4907/719/192 4906/718/193 4908/720/192
f 4909/721/145 4908/720/147 4910/722/146
f 4910/722/146 4908/720/147 4911/723/147
f 4837/649/148 4838/650/64 4905/717/148
f 4905/717/148 4838/650/64 4912/724/64
f 4906/718/149 4913/725/24 4914/726/149
f 4914/726/149 4913/725/24 4915/727/24
f 4834/646/150 4837/649/148 4907/719/150
f 4907/719/150 4837/649/148 4905/717/148
f 4916/728/151 4909/721/145 4861/673/152
f 4861/673/152 4909/721/145 4910/722/146
f 4905/717/192 4912/724/192 4906/718/193
f 4906/718/193 4912/724/192 4913/725/192
f 4834/646/150 4907/719/150 4833/645/153
f 4833/645/153 4907/719/150 4917/729/153
f 4918/730/154 4916/728/151 4858/670/154
f 4858/670/154 4916/728/151 4861/673/152
f 4907/719/192 4908/720/192 4917/729/192
f 4917/729/192 4908/720/192 4909/721/194
f 4917/729/192 4909/721/194 4919/731/192
f 4919/731/192 4909/721/194 4920/732/195
f 4833/645/153 4917/729/153 4836/648/155
f 4836/648/155 4917/729/153 4919/731/155
f 4921/733/196 4916/728/196 4922/734/197
f 4922/734/197 4916/728/196 4918/730/197
f 4909/721/194 4916/728/196 4920/732/195
f 4920/732/195 4916/728/196 4921/733/196
f 4923/735/198 4924/736/192 4857/669/199
f 4857/669/199 4924/736/192 4862/674/192
f 4925/737/200 4856/668/201 4926/738/202
f 4926/738/202 4856/668/201 4860/672/202
f 4923/735/198 4857/669/199 4925/737/200
f 4925/737/200 4857/669/199 4856/668/201
f 4908/720/147 4906/718/149 4911/723/147
f 4911/723/147 4906/718/149 4914/726/149
f 4920/732/157 4859/671/157 4919/731/155
f 4919/731/155 4859/671/157 4836/648/155
f 4918/730/24 4858/670/24 4922/734/24
f 4922/734/24 4858/670/24 4839/651/24
f 4921/733/157 4841/653/157 4920/732/157
f 4920/732/157 4841/653/157 4859/671/157
f 4922/734/157 4839/651/157 4921/733/157
f 4921/733/157 4839/651/157 4841/653/157
f 4927/739/192 4928/740/193 4929/741/192
f 4929/741/192 4928/740/193 4930/742/192
f 4931/743/169 4932/744/171 4927/739/170
f 4927/739/170 4932/744/171 4933/745/170
f 4887/699/172 4930/742/172 4838/650/64
f 4838/650/64 4930/742/172 4912/724/64
f 4928/740/173 4934/746/173 4913/725/24
f 4913/725/24 4934/746/173 4915/727/24
f 4883/695/174 4929/741/174 4887/699/172
f 4887/699/172 4929/741/174 4930/742/172
f 4935/747/175 4904/716/176 4931/743/169
f 4931/743/169 4904/716/176 4932/744/171
f 4930/742/192 4928/740/193 4912/724/192
f 4912/724/192 4928/740/193 4913/725/192
f 4936/748/177 4929/741/174 4884/696/177
f 4884/696/177 4929/741/174 4883/695/174
f 4937/749/178 4902/714/178 4935/747/175
f 4935/747/175 4902/714/178 4904/716/176
f 4931/743/203 4927/739/192 4936/748/193
f 4936/748/193 4927/739/192 4929/741/192
f 4938/750/121 4931/743/203 4939/751/192
f 4939/751/192 4931/743/203 4936/748/193
f 4939/751/179 4936/748/177 4886/698/179
f 4886/698/179 4936/748/177 4884/696/177
f 4940/752/204 4941/753/205 4935/747/204
f 4935/747/204 4941/753/205 4937/749/205
f 4940/752/204 4935/747/204 4938/750/121
f 4938/750/121 4935/747/204 4931/743/203
f 4942/754/206 4901/713/207 4924/736/192
f 4924/736/192 4901/713/207 4862/674/192
f 4903/715/208 4900/712/209 4943/755/208
f 4943/755/208 4900/712/209 4944/756/210
f 4900/712/209 4901/713/207 4944/756/210
f 4944/756/210 4901/713/207 4942/754/206
f 4927/739/170 4933/745/170 4928/740/173
f 4928/740/173 4933/745/170 4934/746/173
f 4938/750/168 4939/751/179 4864/676/168
f 4864/676/168 4939/751/179 4886/698/179
f 4937/749/24 4941/753/24 4902/714/24
f 4902/714/24 4941/753/24 4888/700/24
f 4940/752/168 4938/750/168 4863/675/168
f 4863/675/168 4938/750/168 4864/676/168
f 4941/753/168 4940/752/168 4888/700/168
f 4888/700/168 4940/752/168 4863/675/168
f 4841/653/157 4842/654/157 4859/671/157
f 4859/671/157 4842/654/157 4855/667/157
f 4945/229/1 4946/230/14 4947/231/1
f 4947/231/1 4946/230/14 4948/232/1
f 4949/233/2 4950/234/3 4945/229/4
f 4945/229/4 4950/234/3 4951/235/4
f 4952/236/129 4948/232/129 4953/237/64
f 4953/237/64 4948/232/129 4954/238/64
f 4946/230/130 4955/239/130 4956/240/24
f 4956/240/24 4955/239/130 4957/241/24
f 4958/242/5 4947/231/5 4952/236/129
f 4952/236/129 4947/231/5 4948/232/129
f 4959/243/8 4960/244/9 4949/233/2
f 4949/233/2 4960/244/9 4950/234/3
f 4948/232/1 4946/230/14 4954/238/1
f 4954/238/1 4946/230/14 4956/240/1
f 4961/245/10 4947/231/5 4962/246/10
f 4962/246/10 4947/231/5 4958/242/5
f 4963/247/11 4964/248/11 4959/243/8
f 4959/243/8 4964/248/11 4960/244/9
f 4962/246/10 4958/242/5 4965/249/10
f 4965/249/10 4958/242/5 4966/250/5
f 4967/251/12 4962/246/10 4968/252/12
f 4968/252/12 4962/246/10 4965/249/10
f 4952/236/129 4953/237/64 4969/253/129
f 4969/253/129 4953/237/64 4970/254/64
f 4949/233/13 4945/229/1 4961/245/14
f 4961/245/14 4945/229/1 4947/231/1
f 4971/255/15 4972/256/15 4973/257/15
f 4973/257/15 4972/256/15 4974/258/15
f 4975/259/16 4949/233/13 4976/260/1
f 4976/260/1 4949/233/13 4961/245/14
f 4976/260/12 4961/245/10 4967/251/12
f 4967/251/12 4961/245/10 4962/246/10
f 4977/261/17 4978/262/18 4959/243/17
f 4959/243/17 4978/262/18 4963/247/18
f 4977/261/17 4959/243/17 4975/259/16
f 4975/259/16 4959/243/17 4949/233/13
f 4979/263/131 4980/264/132 4981/265/1
f 4981/265/1 4980/264/132 4982/266/1
f 4983/267/23 4984/268/19 4985/269/23
f 4985/269/23 4984/268/19 4986/270/21
f 4984/268/19 4980/264/132 4986/270/21
f 4986/270/21 4980/264/132 4979/263/131
f 4945/229/4 4951/235/4 4946/230/130
f 4946/230/130 4951/235/4 4955/239/130
f 4958/242/5 4952/236/129 4966/250/5
f 4966/250/5 4952/236/129 4969/253/129
f 4975/259/15 4976/260/12 4987/271/15
f 4987/271/15 4976/260/12 4967/251/12
f 4963/247/24 4978/262/24 4964/248/24
f 4964/248/24 4978/262/24 4972/256/24
f 4977/261/15 4975/259/15 4974/258/15
f 4974/258/15 4975/259/15 4987/271/15
f 4978/262/15 4977/261/15 4972/256/15
f 4972/256/15 4977/261/15 4974/258/15
f 4988/272/25 4989/273/133 4984/268/25
f 4984/268/25 4989/273/133 4980/264/133
f 4990/274/24 4964/248/24 4971/255/24
f 4971/255/24 4964/248/24 4972/256/24
f 4991/275/15 4987/271/15 4968/252/12
f 4968/252/12 4987/271/15 4967/251/12
f 4992/276/27 4988/272/25 4983/267/27
f 4983/267/27 4988/272/25 4984/268/25
f 4990/274/11 4993/277/9 4964/248/11
f 4964/248/11 4993/277/9 4960/244/9
f 4989/273/133 4994/278/24 4980/264/133
f 4980/264/133 4994/278/24 4982/266/24
f 4995/279/28 4996/280/28 4997/281/28
f 4997/281/28 4996/280/28 4998/282/28
f 4999/283/1 5000/284/14 5001/285/1
f 5001/285/1 5000/284/14 5002/286/1
f 5003/287/29 5002/286/7 5004/288/30
f 5004/288/30 5002/286/7 5005/289/7
f 5006/290/134 4953/237/64 4999/283/134
f 4999/283/134 4953/237/64 4954/238/64
f 5000/284/135 4956/240/24 5007/291/135
f 5007/291/135 4956/240/24 4957/241/24
f 5008/292/6 5006/290/134 5001/285/6
f 5001/285/6 5006/290/134 4999/283/134
f 5009/293/31 5003/287/29 5010/294/32
f 5010/294/32 5003/287/29 5004/288/30
f 4999/283/1 4954/238/1 5000/284/14
f 5000/284/14 4954/238/1 4956/240/1
f 5008/292/6 5001/285/6 5011/295/33
f 5011/295/33 5001/285/6 5012/296/33
f 5013/297/34 5009/293/31 5014/298/34
f 5014/298/34 5009/293/31 5010/294/32
f 5008/292/6 5011/295/33 5015/299/6
f 5015/299/6 5011/295/33 5016/300/33
f 5011/295/33 5017/301/35 5016/300/33
f 5016/300/33 5017/301/35 5018/302/35
f 4953/237/64 5006/290/134 4970/254/64
f 4970/254/64 5006/290/134 5019/303/134
f 5001/285/1 5002/286/1 5012/296/1
f 5012/296/1 5002/286/1 5003/287/36
f 5020/304/28 4995/279/28 5021/305/28
f 5021/305/28 4995/279/28 4997/281/28
f 5012/296/1 5003/287/36 5022/306/1
f 5022/306/1 5003/287/36 5023/307/37
f 5011/295/33 5012/296/33 5017/301/35
f 5017/301/35 5012/296/33 5022/306/35
f 5024/308/38 5009/293/38 5025/309/39
f 5025/309/39 5009/293/38 5013/297/39
f 5003/287/36 5009/293/38 5023/307/37
f 5023/307/37 5009/293/38 5024/308/38
f 5026/310/136 4981/265/1 5027/311/137
f 5027/311/137 4981/265/1 4982/266/1
f 5028/312/22 5029/313/20 5030/314/40
f 5030/314/40 5029/313/20 5031/315/40
f 5026/310/136 5027/311/137 5028/312/22
f 5028/312/22 5027/311/137 5029/313/20
f 5002/286/7 5000/284/135 5005/289/7
f 5005/289/7 5000/284/135 5007/291/135
f 5006/290/134 5008/292/6 5019/303/134
f 5019/303/134 5008/292/6 5015/299/6
f 5023/307/28 4998/282/28 5022/306/35
f 5022/306/35 4998/282/28 5017/301/35
f 5013/297/24 5014/298/24 5025/309/24
f 5025/309/24 5014/298/24 5021/305/24
f 5024/308/28 4997/281/28 5023/307/28
f 5023/307/28 4997/281/28 4998/282/28
f 5025/309/28 5021/305/28 5024/308/28
f 5024/308/28 5021/305/28 4997/281/28
f 5032/316/26 5029/313/26 5033/317/138
f 5033/317/138 5029/313/26 5027/311/138
f 5034/318/24 5020/304/24 5014/298/24
f 5014/298/24 5020/304/24 5021/305/24
f 4996/280/28 5018/302/35 4998/282/28
f 4998/282/28 5018/302/35 5017/301/35
f 5035/319/41 5031/315/41 5032/316/26
f 5032/316/26 5031/315/41 5029/313/26
f 5034/318/34 5014/298/34 5036/320/32
f 5036/320/32 5014/298/34 5010/294/32
f 5033/317/138 5027/311/138 4994/278/24
f 4994/278/24 5027/311/138 4982/266/24
f 5037/321/42 5038/322/53 5039/323/42
f 5039/323/42 5038/322/53 5040/324/42
f 5041/325/2 5040/324/4 5042/326/3
f 5042/326/3 5040/324/4 5043/327/4
f 4969/253/129 4970/254/64 5037/321/129
f 5037/321/129 4970/254/64 5044/328/64
f 5038/322/130 5045/329/24 5046/330/130
f 5046/330/130 5045/329/24 5047/331/24
f 4966/250/5 4969/253/129 5039/323/5
f 5039/323/5 4969/253/129 5037/321/129
f 5048/332/8 5041/325/2 4993/277/9
f 4993/277/9 5041/325/2 5042/326/3
f 5037/321/42 5044/328/42 5038/322/53
f 5038/322/53 5044/328/42 5045/329/42
f 4966/250/5 5039/323/5 4965/249/10
f 4965/249/10 5039/323/5 5049/333/10
f 5050/334/11 5048/332/8 4990/274/11
f 4990/274/11 5048/332/8 4993/277/9
f 5039/323/42 5040/324/42 5049/333/42
f 5049/333/42 5040/324/42 5041/325/43
f 5049/333/42 5041/325/43 5051/335/42
f 5051/335/42 5041/325/43 5052/336/44
f 4965/249/10 5049/333/10 4968/252/12
f 4968/252/12 5049/333/10 5051/335/12
f 5053/337/45 5048/332/45 5054/338/46
f 5054/338/46 5048/332/45 5050/334/46
f 5041/325/43 5048/332/45 5052/336/44
f 5052/336/44 5048/332/45 5053/337/45
f 5055/339/139 5056/340/42 4989/273/140
f 4989/273/140 5056/340/42 4994/278/42
f 5057/341/47 4988/272/49 5058/342/51
f 5058/342/51 4988/272/49 4992/276/51
f 5055/339/139 4989/273/140 5057/341/47
f 5057/341/47 4989/273/140 4988/272/49
f 5040/324/4 5038/322/130 5043/327/4
f 5043/327/4 5038/322/130 5046/330/130
f 5052/336/15 4991/275/15 5051/335/12
f 5051/335/12 4991/275/15 4968/252/12
f 5050/334/24 4990/274/24 5054/338/24
f 5054/338/24 4990/274/24 4971/255/24
f 5053/337/15 4973/257/15 5052/336/15
f 5052/336/15 4973/257/15 4991/275/15
f 5054/338/15 4971/255/15 5053/337/15
f 5053/337/15 4971/255/15 4973/257/15
f 5059/343/42 5060/344/53 5061/345/42
f 5061/345/42 5060/344/53 5062/346/42
f 5063/347/29 5064/348/30 5059/343/7
f 5059/343/7 5064/348/30 5065/349/7
f 5019/303/134 5062/346/134 4970/254/64
f 4970/254/64 5062/346/134 5044/328/64
f 5060/344/135 5066/350/135 5045/329/24
f 5045/329/24 5066/350/135 5047/331/24
f 5015/299/6 5061/345/6 5019/303/134
f 5019/303/134 5061/345/6 5062/346/134
f 5067/351/31 5036/320/32 5063/347/29
f 5063/347/29 5036/320/32 5064/348/30
f 5062/346/42 5060/344/53 5044/328/42
f 5044/328/42 5060/344/53 5045/329/42
f 5068/352/33 5061/345/6 5016/300/33
f 5016/300/33 5061/345/6 5015/299/6
f 5069/353/34 5034/318/34 5067/351/31
f 5067/351/31 5034/318/34 5036/320/32
f 5063/347/52 5059/343/42 5068/352/53
f 5068/352/53 5059/343/42 5061/345/42
f 5070/354/54 5063/347/52 5071/355/42
f 5071/355/42 5063/347/52 5068/352/53
f 5071/355/35 5068/352/33 5018/302/35
f 5018/302/35 5068/352/33 5016/300/33
f 5072/356/55 5073/357/56 5067/351/55
f 5067/351/55 5073/357/56 5069/353/56
f 5072/356/55 5067/351/55 5070/354/54
f 5070/354/54 5067/351/55 5063/347/52
f 5074/358/141 5033/317/142 5056/340/42
f 5056/340/42 5033/317/142 4994/278/42
f 5035/319/57 5032/316/50 5075/359/57
f 5075/359/57 5032/316/50 5076/360/48
f 5032/316/50 5033/317/142 5076/360/48
f 5076/360/48 5033/317/142 5074/358/141
f 5059/343/7 5065/349/7 5060/344/135
f 5060/344/135 5065/349/7 5066/350/135
f 5070/354/28 5071/355/35 4996/280/28
f 4996/280/28 5071/355/35 5018/302/35
f 5069/353/24 5073/357/24 5034/318/24
f 5034/318/24 5073/357/24 5020/304/24
f 5072/356/28 5070/354/28 4995/279/28
f 4995/279/28 5070/354/28 4996/280/28
f 5073/357/28 5072/356/28 5020/304/28
f 5020/304/28 5072/356/28 4995/279/28
f 4973/257/15 4974/258/15 4991/275/15
f 4991/275/15 4974/258/15 4987/271/15
f 5077/361/58 5078/362/59 5079/363/58
f 5079/363/58 5078/362/59 5080/364/58
f 5081/365/60 5082/366/61 5077/361/62
f 5077/361/62 5082/366/61 5083/367/62
f 5084/368/63 5080/364/63 5085/369/64
f 5085/369/64 5080/364/63 5086/370/64
f 5078/362/65 5087/371/65 5088/372/24
f 5088/372/24 5087/371/65 5089/373/24
f 5090/374/66 5079/363/66 5084/368/63
f 5084/368/63 5079/363/66 5080/364/63
f 5091/375/67 5092/376/68 5081/365/60
f 5081/365/60 5092/376/68 5082/366/61
f 5080/364/58 5078/362/59 5086/370/58
f 5086/370/58 5078/362/59 5088/372/58
f 5093/377/69 5079/363/66 5094/378/69
f 5094/378/69 5079/363/66 5090/374/66
f 5095/379/70 5096/380/70 5091/375/67
f 5091/375/67 5096/380/70 5092/376/68
f 5094/378/69 5090/374/66 5097/381/69
f 5097/381/69 5090/374/66 5098/382/66
f 5099/383/71 5094/378/69 5100/384/71
f 5100/384/71 5094/378/69 5097/381/69
f 5084/368/63 5085/369/64 5101/385/63
f 5101/385/63 5085/369/64 5102/386/64
f 5081/365/72 5077/361/58 5093/377/59
f 5093/377/59 5077/361/58 5079/363/58
f 5103/387/73 5104/388/73 5105/389/73
f 5105/389/73 5104/388/73 5106/390/73
f 5107/391/74 5081/365/72 5108/392/58
f 5108/392/58 5081/365/72 5093/377/59
f 5108/392/71 5093/377/69 5099/383/71
f 5099/383/71 5093/377/69 5094/378/69
f 5109/393/75 5110/394/76 5091/375/75
f 5091/375/75 5110/394/76 5095/379/76
f 5109/393/75 5091/375/75 5107/391/74
f 5107/391/74 5091/375/75 5081/365/72
f 5111/395/77 5112/396/78 5113/397/58
f 5113/397/58 5112/396/78 5114/398/58
f 5115/399/79 5116/400/80 5117/401/79
f 5117/401/79 5116/400/80 5118/402/81
f 5116/400/80 5112/396/78 5118/402/81
f 5118/402/81 5112/396/78 5111/395/77
f 5077/361/62 5083/367/62 5078/362/65
f 5078/362/65 5083/367/62 5087/371/65
f 5090/374/66 5084/368/63 5098/382/66
f 5098/382/66 5084/368/63 5101/385/63
f 5107/391/73 5108/392/71 5119/403/73
f 5119/403/73 5108/392/71 5099/383/71
f 5095/379/24 5110/394/24 5096/380/24
f 5096/380/24 5110/394/24 5104/388/24
f 5109/393/73 5107/391/73 5106/390/73
f 5106/390/73 5107/391/73 5119/403/73
f 5110/394/73 5109/393/73 5104/388/73
f 5104/388/73 5109/393/73 5106/390/73
f 5120/404/82 5121/405/83 5116/400/82
f 5116/400/82 5121/405/83 5112/396/83
f 5122/406/24 5096/380/24 5103/387/24
f 5103/387/24 5096/380/24 5104/388/24
f 5123/407/73 5119/403/73 5100/384/71
f 5100/384/71 5119/403/73 5099/383/71
f 5124/408/84 5120/404/82 5115/399/84
f 5115/399/84 5120/404/82 5116/400/82
f 5122/406/70 5125/409/68 5096/380/70
f 5096/380/70 5125/409/68 5092/376/68
f 5121/405/83 5126/410/24 5112/396/83
f 5112/396/83 5126/410/24 5114/398/24
f 5127/411/85 5128/412/85 5129/413/85
f 5129/413/85 5128/412/85 5130/414/85
f 5131/415/58 5132/416/59 5133/417/58
f 5133/417/58 5132/416/59 5134/418/58
f 5135/419/86 5134/418/87 5136/420/88
f 5136/420/88 5134/418/87 5137/421/87
f 5138/422/89 5085/369/64 5131/415/89
f 5131/415/89 5085/369/64 5086/370/64
f 5132/416/90 5088/372/24 5139/423/90
f 5139/423/90 5088/372/24 5089/373/24
f 5140/424/91 5138/422/89 5133/417/91
f 5133/417/91 5138/422/89 5131/415/89
f 5141/425/92 5135/419/86 5142/426/93
f 5142/426/93 5135/419/86 5136/420/88
f 5131/415/58 5086/370/58 5132/416/59
f 5132/416/59 5086/370/58 5088/372/58
f 5140/424/91 5133/417/91 5143/427/94
f 5143/427/94 5133/417/91 5144/428/94
f 5145/429/95 5141/425/92 5146/430/95
f 5146/430/95 5141/425/92 5142/426/93
f 5140/424/91 5143/427/94 5147/431/91
f 5147/431/91 5143/427/94 5148/432/94
f 5143/427/94 5149/433/96 5148/432/94
f 5148/432/94 5149/433/96 5150/434/96
f 5085/369/64 5138/422/89 5102/386/64
f 5102/386/64 5138/422/89 5151/435/89
f 5133/417/58 5134/418/58 5144/428/58
f 5144/428/58 5134/418/58 5135/419/97
f 5152/436/85 5127/411/85 5153/437/85
f 5153/437/85 5127/411/85 5129/413/85
f 5144/428/58 5135/419/97 5154/438/58
f 5154/438/58 5135/419/97 5155/439/98
f 5143/427/94 5144/428/94 5149/433/96
f 5149/433/96 5144/428/94 5154/438/96
f 5156/440/99 5141/425/99 5157/441/100
f 5157/441/100 5141/425/99 5145/429/100
f 5135/419/97 5141/425/99 5155/439/98
f 5155/439/98 5141/425/99 5156/440/99
f 5158/442/101 5113/397/58 5159/443/102
f 5159/443/102 5113/397/58 5114/398/58
f 5160/444/103 5161/445/104 5162/446/105
f 5162/446/105 5161/445/104 5163/447/105
f 5158/442/101 5159/443/102 5160/444/103
f 5160/444/103 5159/443/102 5161/445/104
f 5134/418/87 5132/416/90 5137/421/87
f 5137/421/87 5132/416/90 5139/423/90
f 5138/422/89 5140/424/91 5151/435/89
f 5151/435/89 5140/424/91 5147/431/91
f 5155/439/85 5130/414/85 5154/438/96
f 5154/438/96 5130/414/85 5149/433/96
f 5145/429/24 5146/430/24 5157/441/24
f 5157/441/24 5146/430/24 5153/437/24
f 5156/440/85 5129/413/85 5155/439/85
f 5155/439/85 5129/413/85 5130/414/85
f 5157/441/85 5153/437/85 5156/440/85
f 5156/440/85 5153/437/85 5129/413/85
f 5164/448/106 5161/445/106 5165/449/107
f 5165/449/107 5161/445/106 5159/443/107
f 5166/450/24 5152/436/24 5146/430/24
f 5146/430/24 5152/436/24 5153/437/24
f 5128/412/85 5150/434/96 5130/414/85
f 5130/414/85 5150/434/96 5149/433/96
f 5167/451/108 5163/447/108 5164/448/106
f 5164/448/106 5163/447/108 5161/445/106
f 5166/450/95 5146/430/95 5168/452/93
f 5168/452/93 5146/430/95 5142/426/93
f 5165/449/107 5159/443/107 5126/410/24
f 5126/410/24 5159/443/107 5114/398/24
f 5169/453/109 5170/454/110 5171/455/109
f 5171/455/109 5170/454/110 5172/456/109
f 5173/457/60 5172/456/62 5174/458/61
f 5174/458/61 5172/456/62 5175/459/62
f 5101/385/63 5102/386/64 5169/453/63
f 5169/453/63 5102/386/64 5176/460/64
f 5170/454/65 5177/461/24 5178/462/65
f 5178/462/65 5177/461/24 5179/463/24
f 5098/382/66 5101/385/63 5171/455/66
f 5171/455/66 5101/385/63 5169/453/63
f 5180/464/67 5173/457/60 5125/409/68
f 5125/409/68 5173/457/60 5174/458/61
f 5169/453/109 5176/460/109 5170/454/110
f 5170/454/110 5176/460/109 5177/461/109
f 5098/382/66 5171/455/66 5097/381/69
f 5097/381/69 5171/455/66 5181/465/69
f 5182/466/70 5180/464/67 5122/406/70
f 5122/406/70 5180/464/67 5125/409/68
f 5171/455/109 5172/456/109 5181/465/109
f 5181/465/109 5172/456/109 5173/457/111
f 5181/465/109 5173/457/111 5183/467/109
f 5183/467/109 5173/457/111 5184/468/112
f 5097/381/69 5181/465/69 5100/384/71
f 5100/384/71 5181/465/69 5183/467/71
f 5185/469/113 5180/464/113 5186/470/114
f 5186/470/114 5180/464/113 5182/466/114
f 5173/457/111 5180/464/113 5184/468/112
f 5184/468/112 5180/464/113 5185/469/113
f 5187/471/115 5188/472/109 5121/405/116
f 5121/405/116 5188/472/109 5126/410/109
f 5189/473/117 5120/404/118 5190/474/119
f 5190/474/119 5120/404/118 5124/408/119
f 5187/471/115 5121/405/116 5189/473/117
f 5189/473/117 5121/405/116 5120/404/118
f 5172/456/62 5170/454/65 5175/459/62
f 5175/459/62 5170/454/65 5178/462/65
f 5184/468/73 5123/407/73 5183/467/71
f 5183/467/71 5123/407/73 5100/384/71
f 5182/466/24 5122/406/24 5186/470/24
f 5186/470/24 5122/406/24 5103/387/24
f 5185/469/73 5105/389/73 5184/468/73
f 5184/468/73 5105/389/73 5123/407/73
f 5186/470/73 5103/387/73 5185/469/73
f 5185/469/73 5103/387/73 5105/389/73
f 5191/475/109 5192/476/110 5193/477/109
f 5193/477/109 5192/476/110 5194/478/109
f 5195/479/86 5196/480/88 5191/475/87
f 5191/475/87 5196/480/88 5197/481/87
f 5151/435/89 5194/478/89 5102/386/64
f 5102/386/64 5194/478/89 5176/460/64
f 5192/476/90 5198/482/90 5177/461/24
f 5177/461/24 5198/482/90 5179/463/24
f 5147/431/91 5193/477/91 5151/435/89
f 5151/435/89 5193/477/91 5194/478/89
f 5199/483/92 5168/452/93 5195/479/86
f 5195/479/86 5168/452/93 5196/480/88
f 5194/478/109 5192/476/110 5176/460/109
f 5176/460/109 5192/476/110 5177/461/109
f 5200/484/94 5193/477/91 5148/432/94
f 5148/432/94 5193/477/91 5147/431/91
f 5201/485/95 5166/450/95 5199/483/92
f 5199/483/92 5166/450/95 5168/452/93
f 5195/479/120 5191/475/109 5200/484/110
f 5200/484/110 5191/475/109 5193/477/109
f 5202/486/121 5195/479/120 5203/487/109
f 5203/487/109 5195/479/120 5200/484/110
f 5203/487/96 5200/484/94 5150/434/96
f 5150/434/96 5200/484/94 5148/432/94
f 5204/488/122 5205/489/123 5199/483/122
f 5199/483/122 5205/489/123 5201/485/123
f 5204/488/122 5199/483/122 5202/486/121
f 5202/486/121 5199/483/122 5195/479/120
f 5206/490/124 5165/449/125 5188/472/109
f 5188/472/109 5165/449/125 5126/410/109
f 5167/451/126 5164/448/127 5207/491/126
f 5207/491/126 5164/448/127 5208/492/128
f 5164/448/127 5165/449/125 5208/492/128
f 5208/492/128 5165/449/125 5206/490/124
f 5191/475/87 5197/481/87 5192/476/90
f 5192/476/90 5197/481/87 5198/482/90
f 5202/486/85 5203/487/96 5128/412/85
f 5128/412/85 5203/487/96 5150/434/96
f 5201/485/24 5205/489/24 5166/450/24
f 5166/450/24 5205/489/24 5152/436/24
f 5204/488/85 5202/486/85 5127/411/85
f 5127/411/85 5202/486/85 5128/412/85
f 5205/489/85 5204/488/85 5152/436/85
f 5152/436/85 5204/488/85 5127/411/85
f 5105/389/73 5106/390/73 5123/407/73
f 5123/407/73 5106/390/73 5119/403/73
f 5209/97/58 5210/98/59 5211/99/58
f 5211/99/58 5210/98/59 5212/100/58
f 5213/101/60 5214/102/61 5209/97/62
f 5209/97/62 5214/102/61 5215/103/62
f 5216/104/63 5212/100/63 5217/105/64
f 5217/105/64 5212/100/63 5218/106/64
f 5210/98/65 5219/107/65 5220/108/24
f 5220/108/24 5219/107/65 5221/109/24
f 5222/110/66 5211/99/66 5216/104/63
f 5216/104/63 5211/99/66 5212/100/63
f 5223/111/67 5224/112/68 5213/101/60
f 5213/101/60 5224/112/68 5214/102/61
f 5212/100/58 5210/98/59 5218/106/58
f 5218/106/58 5210/98/59 5220/108/58
f 5225/113/69 5211/99/66 5226/114/69
f 5226/114/69 5211/99/66 5222/110/66
f 5227/115/70 5228/116/70 5223/111/67
f 5223/111/67 5228/116/70 5224/112/68
f 5226/114/69 5222/110/66 5229/117/69
f 5229/117/69 5222/110/66 5230/118/66
f 5231/119/71 5226/114/69 5232/120/71
f 5232/120/71 5226/114/69 5229/117/69
f 5216/104/63 5217/105/64 5233/121/63
f 5233/121/63 5217/105/64 5234/122/64
f 5213/101/72 5209/97/58 5225/113/59
f 5225/113/59 5209/97/58 5211/99/58
f 5235/123/73 5236/124/73 5237/125/73
f 5237/125/73 5236/124/73 5238/126/73
f 5239/127/74 5213/101/72 5240/128/58
f 5240/128/58 5213/101/72 5225/113/59
f 5240/128/71 5225/113/69 5231/119/71
f 5231/119/71 5225/113/69 5226/114/69
f 5241/129/75 5242/130/76 5223/111/75
f 5223/111/75 5242/130/76 5227/115/76
f 5241/129/75 5223/111/75 5239/127/74
f 5239/127/74 5223/111/75 5213/101/72
f 5243/131/77 5244/132/78 5245/133/58
f 5245/133/58 5244/132/78 5246/134/58
f 5247/135/79 5248/136/80 5249/137/79
f 5249/137/79 5248/136/80 5250/138/81
f 5248/136/80 5244/132/78 5250/138/81
f 5250/138/81 5244/132/78 5243/131/77
f 5209/97/62 5215/103/62 5210/98/65
f 5210/98/65 5215/103/62 5219/107/65
f 5222/110/66 5216/104/63 5230/118/66
f 5230/118/66 5216/104/63 5233/121/63
f 5239/127/73 5240/128/71 5251/139/73
f 5251/139/73 5240/128/71 5231/119/71
f 5227/115/24 5242/130/24 5228/116/24
f 5228/116/24 5242/130/24 5236/124/24
f 5241/129/73 5239/127/73 5238/126/73
f 5238/126/73 5239/127/73 5251/139/73
f 5242/130/73 5241/129/73 5236/124/73
f 5236/124/73 5241/129/73 5238/126/73
f 5252/140/82 5253/141/83 5248/136/82
f 5248/136/82 5253/141/83 5244/132/83
f 5254/142/24 5228/116/24 5235/123/24
f 5235/123/24 5228/116/24 5236/124/24
f 5255/143/73 5251/139/73 5232/120/71
f 5232/120/71 5251/139/73 5231/119/71
f 5256/144/84 5252/140/82 5247/135/84
f 5247/135/84 5252/140/82 5248/136/82
f 5254/142/70 5257/145/68 5228/116/70
f 5228/116/70 5257/145/68 5224/112/68
f 5253/141/83 5258/146/24 5244/132/83
f 5244/132/83 5258/146/24 5246/134/24
f 5259/147/85 5260/148/85 5261/149/85
f 5261/149/85 5260/148/85 5262/150/85
f 5263/151/58 5264/152/59 5265/153/58
f 5265/153/58 5264/152/59 5266/154/58
f 5267/155/86 5266/154/87 5268/156/88
f 5268/156/88 5266/154/87 5269/157/87
f 5270/158/89 5217/105/64 5263/151/89
f 5263/151/89 5217/105/64 5218/106/64
f 5264/152/90 5220/108/24 5271/159/90
f 5271/159/90 5220/108/24 5221/109/24
f 5272/160/91 5270/158/89 5265/153/91
f 5265/153/91 5270/158/89 5263/151/89
f 5273/161/92 5267/155/86 5274/162/93
f 5274/162/93 5267/155/86 5268/156/88
f 5263/151/58 5218/106/58 5264/152/59
f 5264/152/59 5218/106/58 5220/108/58
f 5272/160/91 5265/153/91 5275/163/94
f 5275/163/94 5265/153/91 5276/164/94
f 5277/165/95 5273/161/92 5278/166/95
f 5278/166/95 5273/161/92 5274/162/93
f 5272/160/91 5275/163/94 5279/167/91
f 5279/167/91 5275/163/94 5280/168/94
f 5275/163/94 5281/169/96 5280/168/94
f 5280/168/94 5281/169/96 5282/170/96
f 5217/105/64 5270/158/89 5234/122/64
f 5234/122/64 5270/158/89 5283/171/89
f 5265/153/58 5266/154/58 5276/164/58
f 5276/164/58 5266/154/58 5267/155/97
f 5284/172/85 5259/147/85 5285/173/85
f 5285/173/85 5259/147/85 5261/149/85
f 5276/164/58 5267/155/97 5286/174/58
f 5286/174/58 5267/155/97 5287/175/98
f 5275/163/94 5276/164/94 5281/169/96
f 5281/169/96 5276/164/94 5286/174/96
f 5288/176/99 5273/161/99 5289/177/100
f 5289/177/100 5273/161/99 5277/165/100
f 5267/155/97 5273/161/99 5287/175/98
f 5287/175/98 5273/161/99 5288/176/99
f 5290/178/101 5245/133/58 5291/179/102
f 5291/179/102 5245/133/58 5246/134/58
f 5292/180/103 5293/181/104 5294/182/105
f 5294/182/105 5293/181/104 5295/183/105
f 5290/178/101 5291/179/102 5292/180/103
f 5292/180/103 5291/179/102 5293/181/104
f 5266/154/87 5264/152/90 5269/157/87
f 5269/157/87 5264/152/90 5271/159/90
f 5270/158/89 5272/160/91 5283/171/89
f 5283/171/89 5272/160/91 5279/167/91
f 5287/175/85 5262/150/85 5286/174/96
f 5286/174/96 5262/150/85 5281/169/96
f 5277/165/24 5278/166/24 5289/177/24
f 5289/177/24 5278/166/24 5285/173/24
f 5288/176/85 5261/149/85 5287/175/85
f 5287/175/85 5261/149/85 5262/150/85
f 5289/177/85 5285/173/85 5288/176/85
f 5288/176/85 5285/173/85 5261/149/85
f 5296/184/106 5293/181/106 5297/185/107
f 5297/185/107 5293/181/106 5291/179/107
f 5298/186/24 5284/172/24 5278/166/24
f 5278/166/24 5284/172/24 5285/173/24
f 5260/148/85 5282/170/96 5262/150/85
f 5262/150/85 5282/170/96 5281/169/96
f 5299/187/108 5295/183/108 5296/184/106
f 5296/184/106 5295/183/108 5293/181/106
f 5298/186/95 5278/166/95 5300/188/93
f 5300/188/93 5278/166/95 5274/162/93
f 5297/185/107 5291/179/107 5258/146/24
f 5258/146/24 5291/179/107 5246/134/24
f 5301/189/109 5302/190/110 5303/191/109
f 5303/191/109 5302/190/110 5304/192/109
f 5305/193/60 5304/192/62 5306/194/61
f 5306/194/61 5304/192/62 5307/195/62
f 5233/121/63 5234/122/64 5301/189/63
f 5301/189/63 5234/122/64 5308/196/64
f 5302/190/65 5309/197/24 5310/198/65
f 5310/198/65 5309/197/24 5311/199/24
f 5230/118/66 5233/121/63 5303/191/66
f 5303/191/66 5233/121/63 5301/189/63
f 5312/200/67 5305/193/60 5257/145/68
f 5257/145/68 5305/193/60 5306/194/61
f 5301/189/109 5308/196/109 5302/190/110
f 5302/190/110 5308/196/109 5309/197/109
f 5230/118/66 5303/191/66 5229/117/69
f 5229/117/69 5303/191/66 5313/201/69
f 5314/202/70 5312/200/67 5254/142/70
f 5254/142/70 5312/200/67 5257/145/68
f 5303/191/109 5304/192/109 5313/201/109
f 5313/201/109 5304/192/109 5305/193/111
f 5313/201/109 5305/193/111 5315/203/109
f 5315/203/109 5305/193/111 5316/204/112
f 5229/117/69 5313/201/69 5232/120/71
f 5232/120/71 5313/201/69 5315/203/71
f 5317/205/113 5312/200/113 5318/206/114
f 5318/206/114 5312/200/113 5314/202/114
f 5305/193/111 5312/200/113 5316/204/112
f 5316/204/112 5312/200/113 5317/205/113
f 5319/207/115 5320/208/109 5253/141/116
f 5253/141/116 5320/208/109 5258/146/109
f 5321/209/117 5252/140/118 5322/210/119
f 5322/210/119 5252/140/118 5256/144/119
f 5319/207/115 5253/141/116 5321/209/117
f 5321/209/117 5253/141/116 5252/140/118
f 5304/192/62 5302/190/65 5307/195/62
f 5307/195/62 5302/190/65 5310/198/65
f 5316/204/73 5255/143/73 5315/203/71
f 5315/203/71 5255/143/73 5232/120/71
f 5314/202/24 5254/142/24 5318/206/24
f 5318/206/24 5254/142/24 5235/123/24
f 5317/205/73 5237/125/73 5316/204/73
f 5316/204/73 5237/125/73 5255/143/73
f 5318/206/73 5235/123/73 5317/205/73
f 5317/205/73 5235/123/73 5237/125/73
f 5323/211/109 5324/212/110 5325/213/109
f 5325/213/109 5324/212/110 5326/214/109
f 5327/215/86 5328/216/88 5323/211/87
f 5323/211/87 5328/216/88 5329/217/87
f 5283/171/89 5326/214/89 5234/122/64
f 5234/122/64 5326/214/89 5308/196/64
f 5324/212/90 5330/218/90 5309/197/24
f 5309/197/24 5330/218/90 5311/199/24
f 5279/167/91 5325/213/91 5283/171/89
f 5283/171/89 5325/213/91 5326/214/89
f 5331/219/92 5300/188/93 5327/215/86
f 5327/215/86 5300/188/93 5328/216/88
f 5326/214/109 5324/212/110 5308/196/109
f 5308/196/109 5324/212/110 5309/197/109
f 5332/220/94 5325/213/91 5280/168/94
f 5280/168/94 5325/213/91 5279/167/91
f 5333/221/95 5298/186/95 5331/219/92
f 5331/219/92 5298/186/95 5300/188/93
f 5327/215/120 5323/211/109 5332/220/110
f 5332/220/110 5323/211/109 5325/213/109
f 5334/222/121 5327/215/120 5335/223/109
f 5335/223/109 5327/215/120 5332/220/110
f 5335/223/96 5332/220/94 5282/170/96
f 5282/170/96 5332/220/94 5280/168/94
f 5336/224/122 5337/225/123 5331/219/122
f 5331/219/122 5337/225/123 5333/221/123
f 5336/224/122 5331/219/122 5334/222/121
f 5334/222/121 5331/219/122 5327/215/120
f 5338/226/124 5297/185/125 5320/208/109
f 5320/208/109 5297/185/125 5258/146/109
f 5299/187/126 5296/184/127 5339/227/126
f 5339/227/126 5296/184/127 5340/228/128
f 5296/184/127 5297/185/125 5340/228/128
f 5340/228/128 5297/185/125 5338/226/124
f 5323/211/87 5329/217/87 5324/212/90
f 5324/212/90 5329/217/87 5330/218/90
f 5334/222/85 5335/223/96 5260/148/85
f 5260/148/85 5335/223/96 5282/170/96
f 5333/221/24 5337/225/24 5298/186/24
f 5298/186/24 5337/225/24 5284/172/24
f 5336/224/85 5334/222/85 5259/147/85
f 5259/147/85 5334/222/85 5260/148/85
f 5337/225/85 5336/224/85 5284/172/85
f 5284/172/85 5336/224/85 5259/147/85
f 5237/125/73 5238/126/73 5255/143/73
f 5255/143/73 5238/126/73 5251/139/73
f 5341/97/58 5342/98/59 5343/99/58
f 5343/99/58 5342/98/59 5344/100/58
f 5345/101/60 5346/102/61 5341/97/62
f 5341/97/62 5346/102/61 5347/103/62
f 5348/104/63 5344/100/63 5349/105/64
f 5349/105/64 5344/100/63 5350/106/64
f 5342/98/65 5351/107/65 5352/108/24
f 5352/108/24 5351/107/65 5353/109/24
f 5354/110/66 5343/99/66 5348/104/63
f 5348/104/63 5343/99/66 5344/100/63
f 5355/111/67 5356/112/68 5345/101/60
f 5345/101/60 5356/112/68 5346/102/61
f 5344/100/58 5342/98/59 5350/106/58
f 5350/106/58 5342/98/59 5352/108/58
f 5357/113/69 5343/99/66 5358/114/69
f 5358/114/69 5343/99/66 5354/110/66
f 5359/115/70 5360/116/70 5355/111/67
f 5355/111/67 5360/116/70 5356/112/68
f 5358/114/69 5354/110/66 5361/117/69
f 5361/117/69 5354/110/66 5362/118/66
f 5363/119/71 5358/114/69 5364/120/71
f 5364/120/71 5358/114/69 5361/117/69
f 5348/104/63 5349/105/64 5365/121/63
f 5365/121/63 5349/105/64 5366/122/64
f 5345/101/72 5341/97/58 5357/113/59
f 5357/113/59 5341/97/58 5343/99/58
f 5367/123/73 5368/124/73 5369/125/73
f 5369/125/73 5368/124/73 5370/126/73
f 5371/127/74 5345/101/72 5372/128/58
f 5372/128/58 5345/101/72 5357/113/59
f 5372/128/71 5357/113/69 5363/119/71
f 5363/119/71 5357/113/69 5358/114/69
f 5373/129/75 5374/130/76 5355/111/75
f 5355/111/75 5374/130/76 5359/115/76
f 5373/129/75 5355/111/75 5371/127/74
f 5371/127/74 5355/111/75 5345/101/72
f 5375/131/77 5376/132/78 5377/133/58
f 5377/133/58 5376/132/78 5378/134/58
f 5379/135/79 5380/136/80 5381/137/79
f 5381/137/79 5380/136/80 5382/138/81
f 5380/136/80 5376/132/78 5382/138/81
f 5382/138/81 5376/132/78 5375/131/77
f 5341/97/62 5347/103/62 5342/98/65
f 5342/98/65 5347/103/62 5351/107/65
f 5354/110/66 5348/104/63 5362/118/66
f 5362/118/66 5348/104/63 5365/121/63
f 5371/127/73 5372/128/71 5383/139/73
f 5383/139/73 5372/128/71 5363/119/71
f 5359/115/24 5374/130/24 5360/116/24
f 5360/116/24 5374/130/24 5368/124/24
f 5373/129/73 5371/127/73 5370/126/73
f 5370/126/73 5371/127/73 5383/139/73
f 5374/130/73 5373/129/73 5368/124/73
f 5368/124/73 5373/129/73 5370/126/73
f 5384/140/82 5385/141/83 5380/136/82
f 5380/136/82 5385/141/83 5376/132/83
f 5386/142/24 5360/116/24 5367/123/24
f 5367/123/24 5360/116/24 5368/124/24
f 5387/143/73 5383/139/73 5364/120/71
f 5364/120/71 5383/139/73 5363/119/71
f 5388/144/84 5384/140/82 5379/135/84
f 5379/135/84 5384/140/82 5380/136/82
f 5386/142/70 5389/145/68 5360/116/70
f 5360/116/70 5389/145/68 5356/112/68
f 5385/141/83 5390/146/24 5376/132/83
f 5376/132/83 5390/146/24 5378/134/24
f 5391/147/85 5392/148/85 5393/149/85
f 5393/149/85 5392/148/85 5394/150/85
f 5395/151/58 5396/152/59 5397/153/58
f 5397/153/58 5396/152/59 5398/154/58
f 5399/155/86 5398/154/87 5400/156/88
f 5400/156/88 5398/154/87 5401/157/87
f 5402/158/89 5349/105/64 5395/151/89
f 5395/151/89 5349/105/64 5350/106/64
f 5396/152/90 5352/108/24 5403/159/90
f 5403/159/90 5352/108/24 5353/109/24
f 5404/160/91 5402/158/89 5397/153/91
f 5397/153/91 5402/158/89 5395/151/89
f 5405/161/92 5399/155/86 5406/162/93
f 5406/162/93 5399/155/86 5400/156/88
f 5395/151/58 5350/106/58 5396/152/59
f 5396/152/59 5350/106/58 5352/108/58
f 5404/160/91 5397/153/91 5407/163/94
f 5407/163/94 5397/153/91 5408/164/94
f 5409/165/95 5405/161/92 5410/166/95
f 5410/166/95 5405/161/92 5406/162/93
f 5404/160/91 5407/163/94 5411/167/91
f 5411/167/91 5407/163/94 5412/168/94
f 5407/163/94 5413/169/96 5412/168/94
f 5412/168/94 5413/169/96 5414/170/96
f 5349/105/64 5402/158/89 5366/122/64
f 5366/122/64 5402/158/89 5415/171/89
f 5397/153/58 5398/154/58 5408/164/58
f 5408/164/58 5398/154/58 5399/155/97
f 5416/172/85 5391/147/85 5417/173/85
f 5417/173/85 5391/147/85 5393/149/85
f 5408/164/58 5399/155/97 5418/174/58
f 5418/174/58 5399/155/97 5419/175/98
f 5407/163/94 5408/164/94 5413/169/96
f 5413/169/96 5408/164/94 5418/174/96
f 5420/176/99 5405/161/99 5421/177/100
f 5421/177/100 5405/161/99 5409/165/100
f 5399/155/97 5405/161/99 5419/175/98
f 5419/175/98 5405/161/99 5420/176/99
f 5422/178/101 5377/133/58 5423/179/102
f 5423/179/102 5377/133/58 5378/134/58
f 5424/180/103 5425/181/104 5426/182/105
f 5426/182/105 5425/181/104 5427/183/105
f 5422/178/101 5423/179/102 5424/180/103
f 5424/180/103 5423/179/102 5425/181/104
f 5398/154/87 5396/152/90 5401/157/87
f 5401/157/87 5396/152/90 5403/159/90
f 5402/158/89 5404/160/91 5415/171/89
f 5415/171/89 5404/160/91 5411/167/91
f 5419/175/85 5394/150/85 5418/174/96
f 5418/174/96 5394/150/85 5413/169/96
f 5409/165/24 5410/166/24 5421/177/24
f 5421/177/24 5410/166/24 5417/173/24
f 5420/176/85 5393/149/85 5419/175/85
f 5419/175/85 5393/149/85 5394/150/85
f 5421/177/85 5417/173/85 5420/176/85
f 5420/176/85 5417/173/85 5393/149/85
f 5428/184/106 5425/181/106 5429/185/107
f 5429/185/107 5425/181/106 5423/179/107
f 5430/186/24 5416/172/24 5410/166/24
f 5410/166/24 5416/172/24 5417/173/24
f 5392/148/85 5414/170/96 5394/150/85
f 5394/150/85 5414/170/96 5413/169/96
f 5431/187/108 5427/183/108 5428/184/106
f 5428/184/106 5427/183/108 5425/181/106
f 5430/186/95 5410/166/95 5432/188/93
f 5432/188/93 5410/166/95 5406/162/93
f 5429/185/107 5423/179/107 5390/146/24
f 5390/146/24 5423/179/107 5378/134/24
f 5433/189/109 5434/190/110 5435/191/109
f 5435/191/109 5434/190/110 5436/192/109
f 5437/193/60 5436/192/62 5438/194/61
f 5438/194/61 5436/192/62 5439/195/62
f 5365/121/63 5366/122/64 5433/189/63
f 5433/189/63 5366/122/64 5440/196/64
f 5434/190/65 5441/197/24 5442/198/65
f 5442/198/65 5441/197/24 5443/199/24
f 5362/118/66 5365/121/63 5435/191/66
f 5435/191/66 5365/121/63 5433/189/63
f 5444/200/67 5437/193/60 5389/145/68
f 5389/145/68 5437/193/60 5438/194/61
f 5433/189/109 5440/196/109 5434/190/110
f 5434/190/110 5440/196/109 5441/197/109
f 5362/118/66 5435/191/66 5361/117/69
f 5361/117/69 5435/191/66 5445/201/69
f 5446/202/70 5444/200/67 5386/142/70
f 5386/142/70 5444/200/67 5389/145/68
f 5435/191/109 5436/192/109 5445/201/109
f 5445/201/109 5436/192/109 5437/193/111
f 5445/201/109 5437/193/111 5447/203/109
f 5447/203/109 5437/193/111 5448/204/112
f 5361/117/69 5445/201/69 5364/120/71
f 5364/120/71 5445/201/69 5447/203/71
f 5449/205/113 5444/200/113 5450/206/114
f 5450/206/114 5444/200/113 5446/202/114
f 5437/193/111 5444/200/113 5448/204/112
f 5448/204/112 5444/200/113 5449/205/113
f 5451/207/115 5452/208/109 5385/141/116
f 5385/141/116 5452/208/109 5390/146/109
f 5453/209/117 5384/140/118 5454/210/119
f 5454/210/119 5384/140/118 5388/144/119
f 5451/207/115 5385/141/116 5453/209/117
f 5453/209/117 5385/141/116 5384/140/118
f 5436/192/62 5434/190/65 5439/195/62
f 5439/195/62 5434/190/65 5442/198/65
f 5448/204/73 5387/143/73 5447/203/71
f 5447/203/71 5387/143/73 5364/120/71
f 5446/202/24 5386/142/24 5450/206/24
f 5450/206/24 5386/142/24 5367/123/24
f 5449/205/73 5369/125/73 5448/204/73
f 5448/204/73 5369/125/73 5387/143/73
f 5450/206/73 5367/123/73 5449/205/73
f 5449/205/73 5367/123/73 5369/125/73
f 5455/211/109 5456/212/110 5457/213/109
f 5457/213/109 5456/212/110 5458/214/109
f 5459/215/86 5460/216/88 5455/211/87
f 5455/211/87 5460/216/88 5461/217/87
f 5415/171/89 5458/214/89 5366/122/64
f 5366/122/64 5458/214/89 5440/196/64
f 5456/212/90 5462/218/90 5441/197/24
f 5441/197/24 5462/218/90 5443/199/24
f 5411/167/91 5457/213/91 5415/171/89
f 5415/171/89 5457/213/91 5458/214/89
f 5463/219/92 5432/188/93 5459/215/86
f 5459/215/86 5432/188/93 5460/216/88
f 5458/214/109 5456/212/110 5440/196/109
f 5440/196/109 5456/212/110 5441/197/109
f 5464/220/94 5457/213/91 5412/168/94
f 5412/168/94 5457/213/91 5411/167/91
f 5465/221/95 5430/186/95 5463/219/92
f 5463/219/92 5430/186/95 5432/188/93
f 5459/215/120 5455/211/109 5464/220/110
f 5464/220/110 5455/211/109 5457/213/109
f 5466/222/121 5459/215/120 5467/223/109
f 5467/223/109 5459/215/120 5464/220/110
f 5467/223/96 5464/220/94 5414/170/96
f 5414/170/96 5464/220/94 5412/168/94
f 5468/224/122 5469/225/123 5463/219/122
f 5463/219/122 5469/225/123 5465/221/123
f 5468/224/122 5463/219/122 5466/222/121
f 5466/222/121 5463/219/122 5459/215/120
f 5470/226/124 5429/185/125 5452/208/109
f 5452/208/109 5429/185/125 5390/146/109
f 5431/187/126 5428/184/127 5471/227/126
f 5471/227/126 5428/184/127 5472/228/128
f 5428/184/127 5429/185/125 5472/228/128
f 5472/228/128 5429/185/125 5470/226/124
f 5455/211/87 5461/217/87 5456/212/90
f 5456/212/90 5461/217/87 5462/218/90
f 5466/222/85 5467/223/96 5392/148/85
f 5392/148/85 5467/223/96 5414/170/96
f 5465/221/24 5469/225/24 5430/186/24
f 5430/186/24 5469/225/24 5416/172/24
f 5468/224/85 5466/222/85 5391/147/85
f 5391/147/85 5466/222/85 5392/148/85
f 5469/225/85 5468/224/85 5416/172/85
f 5416/172/85 5468/224/85 5391/147/85
f 5369/125/73 5370/126/73 5387/143/73
f 5387/143/73 5370/126/73 5383/139/73
f 5473/1285/484 5474/1286/484 5475/1287/485
f 5475/1287/485 5474/1286/484 5476/1288/485
f 5475/1287/485 5476/1288/485 5477/1289/486
f 5477/1289/486 5476/1288/485 5478/1290/486
f 5477/1289/486 5478/1290/486 5479/1291/487
f 5479/1291/487 5478/1290/486 5480/1292/487
f 5479/1291/487 5480/1292/487 5481/1293/488
f 5481/1293/488 5480/1292/487 5482/1294/488
f 5483/1295/489 5484/1296/489 5485/1297/490
f 5485/1297/490 5484/1296/489 5486/1298/490
f 5485/1297/490 5486/1298/490 5487/1299/491
f 5487/1299/491 5486/1298/490 5488/1300/491
f 5489/1301/491 5490/1302/491 5491/1303/492
f 5491/1303/492 5490/1302/491 5492/1304/492
f 5491/1303/492 5492/1304/492 5493/1305/493
f 5493/1305/493 5492/1304/492 5494/1306/493
f 5493/1305/493 5494/1306/493 5495/1307/494
f 5495/1307/494 5494/1306/493 5496/1308/494
f 5495/1307/494 5496/1308/494 5473/1285/484
f 5473/1285/484 5496/1308/494 5474/1286/484
f 5497/1309/495 5498/1310/496 5499/1311/497
f 5500/1312/498 5498/1310/496 5497/1309/495
f 5501/1313/499 5498/1310/496 5500/1312/498
f 5481/1293/500 5498/1310/496 5501/1313/499
f 5502/1314/501 5498/1310/496 5483/1295/500
f 5503/1315/502 5498/1310/496 5502/1314/501
f 5504/1316/503 5498/1310/496 5503/1315/502
f 5505/1317/504 5498/1310/496 5504/1316/503
f 5506/1318/500 5498/1310/496 5505/1317/504
f 5499/1311/497 5498/1310/496 5506/1318/500
f 5507/1319/505 5508/1320/506 5509/1321/507
f 5509/1321/507 5508/1320/506 5510/1322/508
f 5510/1322/508 5508/1320/506 5511/1323/509
f 5511/1323/509 5508/1320/506 5482/1294/510
f 5484/1296/510 5508/1320/506 5512/1324/511
f 5512/1324/511 5508/1320/506 5513/1325/512
f 5513/1325/512 5508/1320/506 5514/1326/513
f 5514/1326/513 5508/1320/506 5515/1327/514
f 5515/1327/514 5508/1320/506 5516/1328/510
f 5516/1328/510 5508/1320/506 5507/1319/505
f 5481/1293/515 5482/1294/515 5498/1310/515
f 5498/1310/515 5482/1294/515 5508/1320/515
f 5498/1310/515 5508/1320/515 5483/1295/515
f 5483/1295/515 5508/1320/515 5484/1296/515
f 5517/1329/516 5518/1330/517 5519/1331/516
f 5519/1331/516 5518/1330/517 5520/1332/517
f 5518/1330/517 5521/1333/518 5520/1332/517
f 5520/1332/517 5521/1333/518 5522/1334/518
f 5521/1333/518 5523/1335/519 5522/1334/518
f 5522/1334/518 5523/1335/519 5524/1336/519
f 5523/1335/519 5525/1337/520 5524/1336/519
f 5524/1336/519 5525/1337/520 5526/1338/520
f 5527/1339/521 5528/1340/522 5529/1341/521
f 5529/1341/521 5528/1340/522 5530/1342/522
f 5528/1340/522 5531/1343/523 5530/1342/522
f 5530/1342/522 5531/1343/523 5532/1344/523
f 5533/1345/523 5534/1346/524 5535/1347/523
f 5535/1347/523 5534/1346/524 5536/1348/524
f 5534/1346/524 5537/1349/525 5536/1348/524
f 5536/1348/524 5537/1349/525 5538/1350/525
f 5537/1349/525 5539/1351/515 5538/1350/525
f 5538/1350/525 5539/1351/515 5540/1352/515
f 5539/1351/515 5517/1329/516 5540/1352/515
f 5540/1352/515 5517/1329/516 5519/1331/516
f 5541/1353/500 5542/1354/526 5543/1355/527
f 5544/1356/528 5541/1353/500 5543/1355/527
f 5545/1357/529 5544/1356/528 5543/1355/527
f 5525/1337/500 5545/1357/529 5543/1355/527
f 5546/1358/500 5527/1339/500 5543/1355/527
f 5547/1359/500 5546/1358/500 5543/1355/527
f 5548/1360/500 5547/1359/500 5543/1355/527
f 5549/1361/530 5548/1360/500 5543/1355/527
f 5550/1362/531 5549/1361/530 5543/1355/527
f 5542/1354/526 5550/1362/531 5543/1355/527
f 5551/1363/510 5552/1364/532 5553/1365/533
f 5552/1364/532 5554/1366/534 5553/1365/533
f 5554/1366/534 5555/1367/510 5553/1365/533
f 5555/1367/510 5526/1338/510 5553/1365/533
f 5529/1341/510 5556/1368/535 5553/1365/533
f 5556/1368/535 5557/1369/536 5553/1365/533
f 5557/1369/536 5558/1370/537 5553/1365/533
f 5558/1370/537 5559/1371/510 5553/1365/533
f 5559/1371/510 5560/1372/510 5553/1365/533
f 5560/1372/510 5551/1363/510 5553/1365/533
f 5525/1337/538 5543/1355/538 5526/1338/538
f 5526/1338/538 5543/1355/538 5553/1365/538
f 5543/1355/538 5527/1339/538 5553/1365/538
f 5553/1365/538 5527/1339/538 5529/1341/538
f 5561/1373/539 5562/1374/540 5563/1375/539
f 5563/1375/539 5562/1374/540 5564/1376/540
f 5562/1374/541 5565/1377/542 5564/1376/541
f 5564/1376/541 5565/1377/542 5566/1378/543
f 5567/1379/544 5568/1380/545 5569/1381/546
f 5569/1381/546 5568/1380/545 5570/1382/545
f 5568/1380/547 5571/1383/548 5570/1382/547
f 5570/1382/547 5571/1383/548 5572/1384/548
f 5573/1385/549 5574/1386/550 5575/1387/551
f 5575/1387/551 5574/1386/550 5576/1388/550
f 5577/1389/552 5578/1390/553 5579/1391/552
f 5579/1391/552 5578/1390/553 5580/1392/553
f 5561/1373/539 5563/1375/539 5571/1383/548
f 5571/1383/548 5563/1375/539 5572/1384/548
f 5567/1379/544 5569/1381/546 5581/1393/554
f 5581/1393/554 5569/1381/546 5582/1394/555
f 5583/1395/556 5584/1396/556 5578/1390/553
f 5578/1390/553 5584/1396/556 5580/1392/553
f 5573/1385/549 5575/1387/551 5565/1377/542
f 5565/1377/542 5575/1387/551 5566/1378/543
f 5585/1397/557 5586/1398/558 5587/1399/559
f 5587/1399/559 5586/1398/558 5588/1400/560
f 5589/1401/561 5590/1402/562 5591/1403/563
f 5591/1403/563 5590/1402/562 5592/1404/564
f 5569/1381/546 5570/1382/565 5582/1394/555
f 5582/1394/555 5570/1382/565 5593/1405/566
f 5570/1382/567 5587/1399/559 5593/1405/568
f 5593/1405/568 5587/1399/559 5588/1400/560
f 5592/1404/564 5568/1380/569 5591/1403/563
f 5591/1403/563 5568/1380/569 5594/1406/569
f 5568/1380/570 5567/1379/544 5594/1406/571
f 5594/1406/571 5567/1379/544 5581/1393/554
f 5583/1395/556 5594/1406/572 5584/1396/556
f 5584/1396/556 5594/1406/572 5593/1405/572
f 5594/1406/573 5581/1393/554 5593/1405/573
f 5593/1405/573 5581/1393/554 5582/1394/555
f 5565/1377/542 5562/1374/574 5573/1385/549
f 5573/1385/549 5562/1374/574 5574/1386/575
f 5595/1407/576 5590/1402/562 5596/1408/576
f 5596/1408/576 5590/1402/562 5589/1401/561
f 5585/1397/557 5597/1409/577 5586/1398/558
f 5586/1398/558 5597/1409/577 5598/1410/578
f 5564/1376/579 5566/1378/543 5576/1388/580
f 5576/1388/580 5566/1378/543 5575/1387/551
f 5599/1411/538 5600/1412/538 5601/1413/581
f 5601/1413/581 5600/1412/538 5602/1414/582
f 5603/1415/583 5604/1416/583 5605/1417/583
f 5605/1417/583 5604/1416/583 5606/1418/583
f 5607/1419/583 5608/1420/583 5603/1415/583
f 5603/1415/583 5608/1420/583 5604/1416/583
f 5606/1418/515 5604/1416/515 5609/1421/515
f 5609/1421/515 5604/1416/515 5610/1422/515
f 5611/1423/515 5610/1422/515 5608/1420/515
f 5608/1420/515 5610/1422/515 5604/1416/515
f 5612/1424/538 5613/1425/538 5614/1426/538
f 5614/1426/538 5613/1425/538 5615/1427/538
f 5613/1425/538 5612/1424/538 5616/1428/538
f 5616/1428/538 5612/1424/538 5617/1429/538
f 5618/1430/583 5619/1431/583 5613/1425/583
f 5613/1425/583 5619/1431/583 5615/1427/583
f 5616/1428/583 5620/1432/583 5613/1425/583
f 5613/1425/583 5620/1432/583 5618/1430/583
f 5621/1433/584 5622/1434/585 5623/1435/515
f 5623/1435/515 5622/1434/585 5624/1436/515
f 5625/1437/510 5626/1438/586 5627/1439/587
f 5627/1439/587 5626/1438/586 5628/1440/588
f 5629/1441/589 5630/1442/510 5631/1443/590
f 5631/1443/590 5630/1442/510 5632/1444/591
f 5633/1445/510 5634/1446/510 5635/1447/510
f 5635/1447/510 5634/1446/510 5636/1448/510
f 5615/1427/583 5619/1431/583 5606/1418/583
f 5606/1418/583 5619/1431/583 5605/1417/583
f 5637/1449/592 5638/1450/592 5639/1451/592
f 5639/1451/592 5638/1450/592 5640/1452/592
f 5607/1419/583 5603/1415/583 5620/1432/583
f 5620/1432/583 5603/1415/583 5618/1430/583
f 5619/1431/583 5618/1430/583 5605/1417/583
f 5605/1417/583 5618/1430/583 5603/1415/583
f 5632/1444/591 5630/1442/510 5627/1439/587
f 5627/1439/587 5630/1442/510 5625/1437/510
f 5641/1453/593 5642/1454/593 5643/1455/593
f 5643/1455/593 5642/1454/593 5644/1456/593
f 5645/1457/594 5641/1453/594 5646/1458/594
f 5646/1458/594 5641/1453/594 5643/1455/594
f 5614/1426/595 5645/1457/595 5647/1459/595
f 5647/1459/595 5645/1457/595 5646/1458/595
f 5648/1460/596 5612/1424/596 5647/1459/597
f 5647/1459/597 5612/1424/596 5614/1426/597
f 5617/1429/598 5612/1424/598 5649/1461/598
f 5649/1461/598 5612/1424/598 5648/1460/598
f 5650/1462/599 5651/1463/600 5652/1464/599
f 5652/1464/599 5651/1463/600 5653/1465/600
f 5653/1465/601 5654/1466/602 5655/1467/601
f 5655/1467/601 5654/1466/602 5656/1468/602
f 5657/1469/603 5658/1470/604 5659/1471/603
f 5659/1471/603 5658/1470/604 5660/1472/604
f 5659/1471/605 5661/1473/606 5657/1469/605
f 5657/1469/605 5661/1473/606 5662/1474/606
f 5663/1475/607 5662/1474/608 5664/1476/607
f 5664/1476/607 5662/1474/608 5661/1473/608
f 5665/1477/609 5666/1478/610 5655/1467/609
f 5655/1467/609 5666/1478/610 5667/1479/611
f 5666/1478/610 5663/1475/607 5667/1479/611
f 5667/1479/611 5663/1475/607 5664/1476/607
f 5658/1470/604 5650/1462/599 5660/1472/604
f 5660/1472/604 5650/1462/599 5652/1464/599
f 5668/1480/500 5669/1481/612 5650/1462/500
f 5650/1462/500 5669/1481/612 5651/1463/613
f 5625/1437/510 5652/1464/510 5626/1438/586
f 5626/1438/586 5652/1464/510 5653/1465/614
f 5651/1463/613 5669/1481/612 5670/1482/615
f 5670/1482/615 5669/1481/612 5671/1483/616
f 5659/1471/617 5629/1441/589 5661/1473/618
f 5661/1473/618 5629/1441/589 5631/1443/590
f 5672/1484/619 5658/1470/619 5673/1485/620
f 5673/1485/620 5658/1470/619 5657/1469/621
f 5630/1442/510 5629/1441/589 5660/1472/510
f 5660/1472/510 5629/1441/589 5659/1471/617
f 5657/1469/621 5674/1486/622 5673/1485/620
f 5673/1485/620 5674/1486/622 5675/1487/623
f 5676/1488/624 5675/1487/623 5677/1489/624
f 5677/1489/624 5675/1487/623 5674/1486/622
f 5632/1444/591 5664/1476/625 5631/1443/590
f 5631/1443/590 5664/1476/625 5661/1473/618
f 5678/1490/626 5679/1491/626 5671/1483/616
f 5671/1483/616 5679/1491/626 5670/1482/615
f 5627/1439/587 5628/1440/588 5667/1479/627
f 5667/1479/627 5628/1440/588 5655/1467/628
f 5653/1465/614 5655/1467/628 5626/1438/586
f 5626/1438/586 5655/1467/628 5628/1440/588
f 5678/1490/626 5676/1488/624 5679/1491/626
f 5679/1491/626 5676/1488/624 5677/1489/624
f 5632/1444/591 5627/1439/587 5664/1476/625
f 5664/1476/625 5627/1439/587 5667/1479/627
f 5672/1484/619 5668/1480/500 5658/1470/619
f 5658/1470/619 5668/1480/500 5650/1462/500
f 5625/1437/510 5630/1442/510 5652/1464/510
f 5652/1464/510 5630/1442/510 5660/1472/510
f 5680/1492/629 5681/1493/630 5682/1494/631
f 5682/1494/631 5681/1493/630 5683/1495/632
f 5684/1496/633 5685/1497/634 5686/1498/635
f 5686/1498/635 5685/1497/634 5687/1499/636
f 5688/1500/634 5680/1492/629 5689/1501/636
f 5689/1501/636 5680/1492/629 5682/1494/631
f 5681/1493/630 5684/1496/633 5683/1495/632
f 5683/1495/632 5684/1496/633 5686/1498/635
f 5690/1502/637 5691/1503/638 5692/1504/639
f 5692/1504/639 5691/1503/638 5693/1505/640
f 5694/1506/641 5695/1507/642 5696/1508/643
f 5696/1508/643 5695/1507/642 5697/1509/644
f 5698/1510/645 5690/1502/646 5699/1511/647
f 5699/1511/647 5690/1502/646 5692/1504/648
f 5691/1503/649 5694/1506/650 5693/1505/651
f 5693/1505/651 5694/1506/650 5696/1508/652
f 5682/1494/631 5700/1512/653 5689/1501/636
f 5689/1501/636 5700/1512/653 5701/1513/654
f 5700/1512/653 5702/1514/655 5701/1513/654
f 5701/1513/654 5702/1514/655 5703/1515/656
f 5702/1514/657 5700/1512/658 5704/1516/659
f 5704/1516/659 5700/1512/658 5705/1517/660
f 5700/1512/658 5682/1494/631 5705/1517/660
f 5705/1517/660 5682/1494/631 5683/1495/632
f 5687/1499/636 5706/1518/661 5686/1498/635
f 5686/1498/635 5706/1518/661 5707/1519/662
f 5706/1518/661 5708/1520/663 5707/1519/662
f 5707/1519/662 5708/1520/663 5709/1521/664
f 5704/1516/665 5705/1517/666 5709/1521/667
f 5709/1521/667 5705/1517/666 5707/1519/668
f 5705/1517/666 5683/1495/632 5707/1519/668
f 5707/1519/668 5683/1495/632 5686/1498/635
f 5710/1522/669 5711/1523/670 5712/1524/671
f 5712/1524/671 5711/1523/670 5713/1525/672
f 5711/1523/670 5690/1502/646 5713/1525/672
f 5713/1525/672 5690/1502/646 5698/1510/645
f 5690/1502/637 5711/1523/673 5691/1503/638
f 5691/1503/638 5711/1523/673 5714/1526/674
f 5711/1523/673 5710/1522/675 5714/1526/674
f 5714/1526/674 5710/1522/675 5715/1527/676
f 5716/1528/677 5717/1529/678 5718/1530/679
f 5718/1530/679 5717/1529/678 5719/1531/680
f 5717/1529/678 5695/1507/642 5719/1531/680
f 5719/1531/680 5695/1507/642 5694/1506/641
f 5691/1503/649 5714/1526/681 5694/1506/650
f 5694/1506/650 5714/1526/681 5719/1531/682
f 5714/1526/681 5715/1527/683 5719/1531/682
f 5719/1531/682 5715/1527/683 5718/1530/684
f 5720/1532/685 5721/1533/686 5722/1534/687
f 5722/1534/687 5721/1533/686 5723/1535/688
f 5724/1536/689 5725/1537/690 5726/1538/691
f 5726/1538/691 5725/1537/690 5727/1539/692
f 5728/1540/690 5720/1532/685 5729/1541/692
f 5729/1541/692 5720/1532/685 5722/1534/687
f 5721/1533/686 5724/1536/689 5723/1535/688
f 5723/1535/688 5724/1536/689 5726/1538/691
f 5730/1542/693 5731/1543/694 5680/1492/695
f 5680/1492/695 5731/1543/694 5681/1493/696
f 5732/1544/697 5733/1545/698 5684/1496/699
f 5684/1496/699 5733/1545/698 5685/1497/699
f 5734/1546/700 5730/1542/701 5688/1500/702
f 5688/1500/702 5730/1542/701 5680/1492/703
f 5731/1543/704 5732/1544/705 5681/1493/706
f 5681/1493/706 5732/1544/705 5684/1496/707
f 5722/1534/687 5735/1547/708 5729/1541/692
f 5729/1541/692 5735/1547/708 5736/1548/709
f 5735/1547/710 5730/1542/701 5736/1548/711
f 5736/1548/711 5730/1542/701 5734/1546/700
f 5730/1542/693 5735/1547/712 5731/1543/694
f 5731/1543/694 5735/1547/712 5737/1549/713
f 5735/1547/714 5722/1534/687 5737/1549/714
f 5737/1549/714 5722/1534/687 5723/1535/688
f 5727/1539/692 5738/1550/715 5726/1538/691
f 5726/1538/691 5738/1550/715 5739/1551/716
f 5738/1550/717 5733/1545/698 5739/1551/718
f 5739/1551/718 5733/1545/698 5732/1544/697
f 5731/1543/704 5737/1549/719 5732/1544/705
f 5732/1544/705 5737/1549/719 5739/1551/719
f 5737/1549/720 5723/1535/688 5739/1551/721
f 5739/1551/721 5723/1535/688 5726/1538/691
f 5692/1504/722 5693/1505/723 5740/1552/724
f 5740/1552/724 5693/1505/723 5741/1553/725
f 5696/1508/726 5697/1509/727 5742/1554/728
f 5742/1554/728 5697/1509/727 5743/1555/729
f 5692/1504/722 5740/1552/724 5699/1511/727
f 5699/1511/727 5740/1552/724 5744/1556/729
f 5693/1505/723 5696/1508/726 5741/1553/725
f 5741/1553/725 5696/1508/726 5742/1554/728
f 5740/1552/730 5741/1553/730 5745/1557/731
f 5745/1557/731 5741/1553/730 5746/1558/731
f 5742/1554/732 5743/1555/733 5747/1559/734
f 5747/1559/734 5743/1555/733 5748/1560/734
f 5744/1556/735 5740/1552/736 5749/1561/735
f 5749/1561/735 5740/1552/736 5745/1557/735
f 5741/1553/737 5742/1554/738 5746/1558/739
f 5746/1558/739 5742/1554/738 5747/1559/739
f 5750/1562/740 5751/1563/741 5752/1564/742
f 5752/1564/742 5751/1563/741 5753/1565/740
f 5754/1566/743 5750/1562/744 5755/1567/743
f 5755/1567/743 5750/1562/744 5752/1564/744
f 5756/1568/745 5757/1569/746 5758/1570/747
f 5758/1570/747 5757/1569/746 5759/1571/748
f 5751/1563/749 5756/1568/749 5753/1565/750
f 5753/1565/750 5756/1568/749 5758/1570/751
f 5745/1557/752 5746/1558/753 5750/1562/754
f 5750/1562/754 5746/1558/753 5751/1563/755
f 5749/1561/756 5745/1557/752 5754/1566/757
f 5754/1566/757 5745/1557/752 5750/1562/754
f 5747/1559/758 5748/1560/756 5756/1568/759
f 5756/1568/759 5748/1560/756 5757/1569/757
f 5746/1558/753 5747/1559/758 5751/1563/755
f 5751/1563/755 5747/1559/758 5756/1568/759
f 5760/1572/760 5761/1573/761 5762/1574/762
f 5762/1574/762 5761/1573/761 5763/1575/763
f 5761/1573/764 5760/1572/765 5764/1576/766
f 5764/1576/766 5760/1572/765 5765/1577/767
f 5764/1576/768 5765/1577/769 5766/1578/770
f 5766/1578/770 5765/1577/769 5767/1579/771
f 5768/1580/772 5769/1581/773 5763/1575/774
f 5763/1575/774 5769/1581/773 5762/1574/775
f 5702/1514/657 5704/1516/659 5764/1576/766
f 5764/1576/766 5704/1516/659 5761/1573/764
f 5709/1521/664 5708/1520/663 5763/1575/774
f 5763/1575/774 5708/1520/663 5768/1580/772
f 5703/1515/656 5702/1514/655 5766/1578/770
f 5766/1578/770 5702/1514/655 5764/1576/768
f 5704/1516/665 5709/1521/667 5761/1573/761
f 5761/1573/761 5709/1521/667 5763/1575/763
f 5765/1577/767 5760/1572/765 5710/1522/675
f 5710/1522/675 5760/1572/765 5715/1527/676
f 5767/1579/771 5765/1577/769 5712/1524/671
f 5712/1524/671 5765/1577/769 5710/1522/669
f 5762/1574/775 5769/1581/773 5718/1530/679
f 5718/1530/679 5769/1581/773 5716/1528/677
f 5760/1572/760 5762/1574/762 5715/1527/683
f 5715/1527/683 5762/1574/762 5718/1530/684
f 5770/1582/776 5771/1583/777 5772/1584/776
f 5772/1584/776 5771/1583/777 5773/1585/777
f 5602/1414/582 5640/1452/778 5601/1413/581
f 5601/1413/581 5640/1452/778 5638/1450/778
f 5635/1447/510 5636/1448/510 5637/1449/510
f 5637/1449/510 5636/1448/510 5638/1450/510
f 5637/1449/779 5639/1451/779 5621/1433/584
f 5621/1433/584 5639/1451/779 5622/1434/585
f 5640/1452/500 5774/1586/500 5639/1451/500
f 5639/1451/500 5774/1586/500 5775/1587/500
f 5775/1587/780 5774/1586/780 5776/1588/780
f 5776/1588/780 5774/1586/780 5777/1589/780
f 5600/1412/538 5778/1590/538 5602/1414/538
f 5602/1414/538 5778/1590/538 5779/1591/538
f 5780/1592/781 5781/1593/781 5777/1589/781
f 5777/1589/781 5781/1593/781 5776/1588/781
f 5624/1436/782 5622/1434/783 5782/1594/782
f 5782/1594/782 5622/1434/783 5783/1595/783
f 5784/1373/784 5785/1374/785 5786/1375/784
f 5786/1375/784 5785/1374/785 5787/1376/785
f 5785/1374/786 5788/1377/787 5787/1376/786
f 5787/1376/786 5788/1377/787 5789/1378/788
f 5790/1379/789 5791/1380/790 5792/1381/791
f 5792/1381/791 5791/1380/790 5793/1382/790
f 5791/1380/792 5794/1383/793 5793/1382/792
f 5793/1382/792 5794/1383/793 5795/1384/793
f 5796/1385/794 5797/1386/795 5798/1387/796
f 5798/1387/796 5797/1386/795 5799/1388/795
f 5800/1389/797 5801/1390/798 5802/1391/797
f 5802/1391/797 5801/1390/798 5803/1392/798
f 5784/1373/784 5786/1375/784 5794/1383/793
f 5794/1383/793 5786/1375/784 5795/1384/793
f 5790/1379/789 5792/1381/791 5804/1393/799
f 5804/1393/799 5792/1381/791 5805/1394/800
f 5806/1395/801 5807/1396/801 5801/1390/798
f 5801/1390/798 5807/1396/801 5803/1392/798
f 5796/1385/794 5798/1387/796 5788/1377/787
f 5788/1377/787 5798/1387/796 5789/1378/788
f 5808/1397/802 5809/1398/803 5810/1399/804
f 5810/1399/804 5809/1398/803 5811/1400/805
f 5812/1401/806 5813/1402/807 5814/1403/808
f 5814/1403/808 5813/1402/807 5815/1404/809
f 5792/1381/791 5793/1382/810 5805/1394/800
f 5805/1394/800 5793/1382/810 5816/1405/810
f 5793/1382/811 5810/1399/804 5816/1405/812
f 5816/1405/812 5810/1399/804 5811/1400/805
f 5815/1404/809 5791/1380/813 5814/1403/808
f 5814/1403/808 5791/1380/813 5817/1406/813
f 5791/1380/814 5790/1379/789 5817/1406/815
f 5817/1406/815 5790/1379/789 5804/1393/799
f 5806/1395/801 5817/1406/816 5807/1396/801
f 5807/1396/801 5817/1406/816 5816/1405/816
f 5817/1406/817 5804/1393/799 5816/1405/817
f 5816/1405/817 5804/1393/799 5805/1394/800
f 5788/1377/787 5785/1374/818 5796/1385/794
f 5796/1385/794 5785/1374/818 5797/1386/818
f 5818/1407/819 5813/1402/807 5819/1408/820
f 5819/1408/820 5813/1402/807 5812/1401/806
f 5808/1397/802 5820/1409/821 5809/1398/803
f 5809/1398/803 5820/1409/821 5821/1410/822
f 5787/1376/823 5789/1378/788 5799/1388/823
f 5799/1388/823 5789/1378/788 5798/1387/796
# Vertices: 5821, normals: 823, texture coordinates: 1595, faces: 9712

